# x_m, y_m, w_tr_right_m, w_tr_left_m
-24.128771735428465, 97.88013397129936, 0.7926587269161688, 0.7662960324530499
-24.12189052331826, 97.82571637608685, 0.7926587269161688, 0.7662960324530499
-24.115028638326947, 97.77125446152371, 0.7926587269161688, 0.7662960324530499
-24.10818272774934, 97.71674979702637, 0.7926587269161688, 0.7662960324530499
-24.101349438880202, 97.6622039520111, 0.7926587269161688, 0.7662960324530499
-24.094525419014357, 97.60761849589433, 0.7926587269161688, 0.7662960324530499
-24.08770731544655, 97.55299499809233, 0.7926587269161688, 0.7662960324530499
-24.080891775471592, 97.49833502802143, 0.7926587269161688, 0.7662960324530499
-24.07407544638428, 97.44364015509804, 0.7926587269161688, 0.7662960324530499
-24.06725497547939, 97.38891194873844, 0.7926587269161688, 0.7662960324530499
-24.060427010051704, 97.33415197835903, 0.7926587269161688, 0.7662960324530499
-24.053588197396028, 97.2793618133761, 0.7926587269161688, 0.7662960324530499
-24.046735184807144, 97.22454302320607, 0.7926587269161688, 0.7662960324530499
-24.039864619579827, 97.16969717726518, 0.7926587269161688, 0.7662960324530499
-24.03297314900889, 97.11482584496984, 0.7926587269161688, 0.7662960324530499
-24.026057420389108, 97.0599305957364, 0.7926587269161688, 0.7662960324530499
-24.019114081015264, 97.00501299898113, 0.7926587269161688, 0.7662960324530499
-24.01213977818215, 96.95007462412042, 0.7926587269161688, 0.7662960324530499
-24.005131159184568, 96.89511704057068, 0.7926587269161688, 0.7662960324530499
-23.99808487131729, 96.84014181774815, 0.7926587269161688, 0.7662960324530499
-23.99099756187511, 96.78515052506921, 0.7926587269161688, 0.7662960324530499
-23.983865878152823, 96.73014473195023, 0.7926587269161688, 0.7662960324530499
-23.976686467445205, 96.6751260078075, 0.7926587269161688, 0.7662960324530499
-23.969455977047048, 96.6200959220574, 0.7926587269161688, 0.7662960324530499
-23.96217105425316, 96.5650560441163, 0.7926587269161688, 0.7662960324530499
-23.954828346358312, 96.5100079434005, 0.7926587269161688, 0.7662960324530499
-23.94742450065728, 96.45495318932632, 0.7926587269161688, 0.7662960324530499
-23.93995616444487, 96.3998933513101, 0.7926587269161688, 0.7662960324530499
-23.932419985015887, 96.34482999876832, 0.7926587269161688, 0.7662960324530499
-23.92481260966507, 96.28976470111711, 0.7926587269161688, 0.7662960324530499
-23.917130685687255, 96.23469902777298, 0.7926587269161688, 0.7662960324530499
-23.909370860377216, 96.17963454815222, 0.7926587269161688, 0.7662960324530499
-23.90152978102973, 96.12457283167116, 0.7926587269161688, 0.7662960324530499
-23.893604094939594, 96.06951544774613, 0.7926587269161688, 0.7662960324530499
-23.8855904494016, 96.01446396579352, 0.7926587269161688, 0.7662960324530499
-23.877485491710534, 95.95941995522963, 0.7926587269161688, 0.7662960324530499
-23.869285869161185, 95.90438498547086, 0.7926587269161688, 0.7662960324530499
-23.860988229048342, 95.84936062593349, 0.7926587269161688, 0.7662960324530499
-23.852589218666793, 95.7943484460339, 0.7926587269161688, 0.7662960324530499
-23.844085485311318, 95.73935001518838, 0.7926587269161688, 0.7662960324530499
-23.835473676276717, 95.68436690281334, 0.7926587269161688, 0.7662960324530499
-23.826750438857776, 95.62940067832508, 0.7926587269161688, 0.7662960324530499
-23.81791242034928, 95.57445291114, 0.7926587269161688, 0.7662960324530499
-23.808956268046025, 95.51952517067438, 0.7926587269161688, 0.7662960324530499
-23.799878629242794, 95.4646190263446, 0.7926587269161688, 0.7662960324530499
-23.79067615123437, 95.40973604756694, 0.7926587269161688, 0.7662960324530499
-23.781345481315554, 95.35487780375784, 0.7926587269161688, 0.7662960324530499
-23.771883266781128, 95.30004586433357, 0.7926587269161688, 0.7662960324530499
-23.762286154925878, 95.24524179871052, 0.7926587269161688, 0.7662960324530499
-23.7525507930446, 95.19046717630499, 0.7926587269161688, 0.7662960324530499
-23.742673828432075, 95.13572356653336, 0.7926587269161688, 0.7662960324530499
-23.73265190838309, 95.08101253881193, 0.7926587269161688, 0.7662960324530499
-23.722481680192445, 95.02633566255709, 0.7926587269161688, 0.7662960324530499
-23.71215979115492, 94.97169450718516, 0.7926587269161688, 0.7662960324530499
-23.701682888565312, 94.9170906421125, 0.7926587269161688, 0.7662960324530499
-23.69104761971839, 94.86252563675541, 0.7926587269161688, 0.7662960324530499
-23.68025063190896, 94.80800106053027, 0.7926587269161688, 0.7662960324530499
-23.669288572431814, 94.75351848285345, 0.7926587269161688, 0.7662960324530499
-23.65815808858172, 94.69907947314121, 0.7926587269161688, 0.7662960324530499
-23.64685582765349, 94.64468560080996, 0.7926587269161688, 0.7662960324530499
-23.6353784369419, 94.59033843527602, 0.7926587269161688, 0.7662960324530499
-23.623722563741744, 94.53603954595577, 0.7926587269161688, 0.7662960324530499
-23.61188485534779, 94.48179050226545, 0.7926587269161688, 0.7662960324530499
-23.599861959054863, 94.42759287362156, 0.7926587269161688, 0.7662960324530499
-23.587650522157723, 94.3734482294403, 0.7926587269161688, 0.7662960324530499
-23.575247191951163, 94.31935813913807, 0.7926587269161688, 0.7662960324530499
-23.562648615729987, 94.26532417213123, 0.7926587269161688, 0.7662960324530499
-23.549851440788977, 94.21134789783613, 0.7926587269161688, 0.7662960324530499
-23.536852314422905, 94.15743088566906, 0.7926587269161688, 0.7662960324530499
-23.52364788392658, 94.10357470504638, 0.7926587269161688, 0.7662960324530499
-23.510234796594773, 94.04978092538445, 0.7926587269161688, 0.7662960324530499
-23.496609699768356, 93.99605111608257, 0.7926587269161688, 0.7662960324530499
-23.48277020201457, 93.94238649149158, 0.7926587269161688, 0.7662960324530499
-23.468717346335026, 93.88878699738368, 0.7926587269161688, 0.7662960324530499
-23.454452942469793, 93.83525229632082, 0.7926587269161688, 0.7662960324530499
-23.43997880015894, 93.78178205086483, 0.7926587269161688, 0.7662960324530499
-23.425296729142513, 93.72837592357754, 0.7926587269161688, 0.7662960324530499
-23.41040853916058, 93.67503357702078, 0.7926587269161688, 0.7662960324530499
-23.39531603995321, 93.62175467375647, 0.7926587269161688, 0.7662960324530499
-23.380021041260463, 93.56853887634645, 0.7926587269161688, 0.7662960324530499
-23.364525352822394, 93.5153858473525, 0.7926587269161688, 0.7662960324530499
-23.348830784379068, 93.46229524933653, 0.7926587269161688, 0.7662960324530499
-23.33293914567055, 93.40926674486043, 0.7926587269161688, 0.7662960324530499
-23.31685224643689, 93.35629999648593, 0.7926587269161688, 0.7662960324530499
-23.300571896418166, 93.30339466677499, 0.7926587269161688, 0.7662960324530499
-23.284099905354427, 93.25055041828944, 0.7926587269161688, 0.7662960324530499
-23.267438082985745, 93.1977669135911, 0.7926587269161688, 0.7662960324530499
-23.250588239052174, 93.14504381524182, 0.7926587269161688, 0.7662960324530499
-23.23355218329378, 93.09238078580347, 0.7926587269161688, 0.7662960324530499
-23.216331725450615, 93.0397774878379, 0.7926587269161688, 0.7662960324530499
-23.198928675262767, 92.98723358390698, 0.7926587269161688, 0.7662960324530499
-23.181344842470267, 92.93474873657254, 0.7926587269161688, 0.7662960324530499
-23.163582036813196, 92.88232260839642, 0.7926587269161688, 0.7662960324530499
-23.1456420680316, 92.82995486194046, 0.7926587269161688, 0.7662960324530499
-23.127526745865556, 92.77764515976656, 0.7926587269161688, 0.7662960324530499
-23.10923788005512, 92.72539316443657, 0.7926587269161688, 0.7662960324530499
-23.09077728034035, 92.6731985385123, 0.7926587269161688, 0.7662960324530499
-23.072146756461326, 92.62106094455562, 0.7926587269161688, 0.7662960324530499
-23.053348118158084, 92.56898004512838, 0.7926587269161688, 0.7662960324530499
-23.034383175170692, 92.51695550279241, 0.7926587269161688, 0.7662960324530499
-23.015253737239227, 92.46498698010961, 0.7926587269161688, 0.7662960324530499
-22.995961614103734, 92.41307413964181, 0.7926587269161688, 0.7662960324530499
-22.976508615504283, 92.36121664395084, 0.7926587269161688, 0.7662960324530499
-22.95689655118094, 92.30941415559859, 0.7926587269161688, 0.7662960324530499
-22.937127230873756, 92.25766633714686, 0.7926587269161688, 0.7662960324530499
-22.9172024643228, 92.20597285115754, 0.7926587269161688, 0.7662960324530499
-22.897124061268133, 92.15433336019247, 0.7926587269161688, 0.7662960324530499
-22.87689383144981, 92.1027475268135, 0.7926587269161688, 0.7662960324530499
-22.856513584607903, 92.05121501358248, 0.7926587269161688, 0.7662960324530499
-22.835985130482467, 91.99973548306129, 0.7926587269161688, 0.7662960324530499
-22.815310278813563, 91.94830859781175, 0.7926587269161688, 0.7662960324530499
-22.794490839341265, 91.89693402039572, 0.7926587269161688, 0.7662960324530499
-22.773528621805614, 91.84561141337501, 0.7926587269161688, 0.7662960324530499
-22.752425435946687, 91.79434043931153, 0.7926587269161688, 0.7662960324530499
-22.731183091504544, 91.74312076076713, 0.7926587269161688, 0.7662960324530499
-22.709803398219247, 91.69195204030363, 0.7926587269161688, 0.7662960324530499
-22.688288165830848, 91.64083394048289, 0.7926587269161688, 0.7662960324530499
-22.666639204079424, 91.58976612386677, 0.7926587269161688, 0.7662960324530499
-22.64485832270503, 91.53874825301713, 0.7926587269161688, 0.7662960324530499
-22.622947331447723, 91.48777999049581, 0.7926587269161688, 0.7662960324530499
-22.600908040047564, 91.43686099886463, 0.7926587269161688, 0.7662960324530499
-22.57874225824462, 91.38599094068546, 0.7926587269161688, 0.7662960324530499
-22.556451795778962, 91.33516947852021, 0.7926587269161688, 0.7662960324530499
-22.534038462390637, 91.28439627493067, 0.7926587269161688, 0.7662960324530499
-22.511504067819708, 91.23367099247868, 0.7926587269161688, 0.7662960324530499
-22.48885042180624, 91.18299329372613, 0.7926587269161688, 0.7662960324530499
-22.466079334090303, 91.13236284123487, 0.7926587269161688, 0.7662960324530499
-22.44319261441194, 91.08177929756673, 0.7926587269161688, 0.7662960324530499
-22.420192072511238, 91.03124232528356, 0.7926587269161688, 0.7662960324530499
-22.397079518128237, 90.98075158694725, 0.7926587269161688, 0.7662960324530499
-22.373856761003005, 90.93030674511957, 0.7926587269161688, 0.7662960324530499
-22.350525610875607, 90.87990746236247, 0.7926587269161688, 0.7662960324530499
-22.327087877486107, 90.82955340123775, 0.7926587269161688, 0.7662960324530499
-22.303545370574554, 90.77924422430725, 0.7926587269161688, 0.7662960324530499
-22.279899899881027, 90.72897959413284, 0.7926587269161688, 0.7662960324530499
-22.25615327514558, 90.67875917327638, 0.7926587269161688, 0.7662960324530499
-22.23230730610826, 90.62858262429967, 0.7926587269161688, 0.7662960324530499
-22.208363802509158, 90.57844960976465, 0.7926587269161688, 0.7662960324530499
-22.184324574088315, 90.52835979223309, 0.7926587269161688, 0.7662960324530499
-22.160191430585797, 90.4783128342669, 0.7926587269161688, 0.7662960324530499
-22.135966181741672, 90.4283083984279, 0.7926587269161688, 0.7662960324530499
-22.111650637295995, 90.37834614727792, 0.7926587269161688, 0.7662960324530499
-22.087246606988824, 90.32842574337886, 0.7926587269161688, 0.7662960324530499
-22.062755900560234, 90.27854684929255, 0.7926587269161688, 0.7662960324530499
-22.038180327750275, 90.22870912758083, 0.7926587269161688, 0.7662960324530499
-22.01352169829902, 90.17891224080556, 0.7926587269161688, 0.7662960324530499
-21.988781821946517, 90.12915585152861, 0.7926587269161688, 0.7662960324530499
-21.963962508432843, 90.07943962231181, 0.7926587269161688, 0.7662960324530499
-21.939065567498044, 90.02976321571703, 0.7926587269161688, 0.7662960324530499
-21.914092808882188, 89.98012629430607, 0.7926587269161688, 0.7662960324530499
-21.889046042325344, 89.93052852064083, 0.7926587269161688, 0.7662960324530499
-21.863927077567567, 89.88096955728317, 0.7926587269161688, 0.7662960324530499
-21.83873772434892, 89.83144906679492, 0.7926587269161688, 0.7662960324530499
-21.81347979240946, 89.7819667117379, 0.7926587269161688, 0.7662960324530499
-21.788155091374158, 89.73252215460602, 0.7926587269161688, 0.7662960324530499
-21.762765298607956, 89.68311497976778, 0.7926587269161688, 0.7662960324530499
-21.737311704654978, 89.63374454309862, 0.7926587269161688, 0.7662960324530499
-21.71179552971531, 89.58441015892197, 0.7926587269161688, 0.7662960324530499
-21.68621799398905, 89.53511114156137, 0.7926587269161688, 0.7662960324530499
-21.660580317676278, 89.48584680534033, 0.7926587269161688, 0.7662960324530499
-21.63488372097709, 89.43661646458237, 0.7926587269161688, 0.7662960324530499
-21.60912942409157, 89.38741943361097, 0.7926587269161688, 0.7662960324530499
-21.583318647219816, 89.33825502674968, 0.7926587269161688, 0.7662960324530499
-21.557452610561906, 89.28912255832198, 0.7926587269161688, 0.7662960324530499
-21.531532534317943, 89.24002134265142, 0.7926587269161688, 0.7662960324530499
-21.50555963868801, 89.19095069406146, 0.7926587269161688, 0.7662960324530499
-21.479535143872194, 89.14190992687561, 0.7926587269161688, 0.7662960324530499
-21.453460270070597, 89.09289835541743, 0.7926587269161688, 0.7662960324530499
-21.427336237483292, 89.0439152940104, 0.7926587269161688, 0.7662960324530499
-21.40116426631038, 88.99496005697803, 0.7926587269161688, 0.7662960324530499
-21.374945576751944, 88.94603195864383, 0.7926587269161688, 0.7662960324530499
-21.34868138900809, 88.89713031333132, 0.7926587269161688, 0.7662960324530499
-21.322372923278877, 88.84825443536397, 0.7926587269161688, 0.7662960324530499
-21.29602139976442, 88.79940363906532, 0.7926587269161688, 0.7662960324530499
-21.269628038664802, 88.7505772387589, 0.7926587269161688, 0.7662960324530499
-21.243194060180116, 88.7017745487682, 0.7926587269161688, 0.7662960324530499
-21.21672068451044, 88.6529948834167, 0.7926587269161688, 0.7662960324530499
-21.190209131855873, 88.60423755702794, 0.7926587269161688, 0.7662960324530499
-21.163660622416508, 88.55550188392544, 0.7926587269161688, 0.7662960324530499
-21.137076376392425, 88.50678717843272, 0.7926587269161688, 0.7662960324530499
-21.110457613983723, 88.45809275487325, 0.7926587269161688, 0.7662960324530499
-21.08380555539048, 88.40941792757054, 0.7926587269161688, 0.7662960324530499
-21.0571214208128, 88.36076201084815, 0.7926587269161688, 0.7662960324530499
-21.030406430450764, 88.31212431902954, 0.7926587269161688, 0.7662960324530499
-21.003661804504464, 88.26350416643824, 0.7926587269161688, 0.7662960324530499
-20.976888763173985, 88.21490086739774, 0.7926587269161688, 0.7662960324530499
-20.950088526659428, 88.16631373623159, 0.7926587269161688, 0.7662960324530499
-20.92326231516087, 88.11774208726327, 0.7926587269161688, 0.7662960324530499
-20.896411348878406, 88.06918523481627, 0.7926587269161688, 0.7662960324530499
-20.86953684801213, 88.02064249321414, 0.7926587269161688, 0.7662960324530499
-20.842640032762127, 87.9721131767804, 0.7926587269161688, 0.7662960324530499
-20.815722123328488, 87.92359659983852, 0.7926587269161688, 0.7662960324530499
-20.788784339911302, 87.87509207671202, 0.7926587269161688, 0.7662960324530499
-20.76182790271066, 87.82659892172443, 0.7926587269161688, 0.7662960324530499
-20.734854031926652, 87.77811644919925, 0.7926587269161688, 0.7662960324530499
-20.707863947759364, 87.72964397345996, 0.7926587269161688, 0.7662960324530499
-20.68085887040889, 87.6811808088301, 0.7926587269161688, 0.7662960324530499
-20.653840020075314, 87.63272626963318, 0.7926587269161688, 0.7662960324530499
-20.62680861695873, 87.58427967019267, 0.7926587269161688, 0.7662960324530499
-20.59976588125923, 87.53584032483214, 0.7926587269161688, 0.7662960324530499
-20.5727130331769, 87.48740754787508, 0.7926587269161688, 0.7662960324530499
-20.54565129291183, 87.43898065364499, 0.7926587269161688, 0.7662960324530499
-20.518581880664108, 87.39055895646537, 0.7926587269161688, 0.7662960324530499
-20.49150601663383, 87.34214177065975, 0.7926587269161688, 0.7662960324530499
-20.46442492102109, 87.29372841055165, 0.7926587269161688, 0.7662960324530499
-20.43733981402596, 87.24531819046456, 0.7926587269161688, 0.7662960324530499
-20.410251915848544, 87.19691042472196, 0.7926587269161688, 0.7662960324530499
-20.38316244668892, 87.14850442764741, 0.7926587269161688, 0.7662960324530499
-20.356072626747192, 87.10009951356443, 0.7926587269161688, 0.7662960324530499
-20.32898367622344, 87.05169499679646, 0.7926587269161688, 0.7662960324530499
-20.301896815317765, 87.00329019166708, 0.7926587269161688, 0.7662960324530499
-20.274813264230236, 86.95488441249974, 0.7926587269161688, 0.7662960324530499
-20.24773424316096, 86.90647697361801, 0.7926587269161688, 0.7662960324530499
-20.22066097231002, 86.85806718934536, 0.7926587269161688, 0.7662960324530499
-20.193594671877506, 86.80965437400529, 0.7926587269161688, 0.7662960324530499
-20.166536562063516, 86.76123784192136, 0.7926587269161688, 0.7662960324530499
-20.139487863068123, 86.71281690741702, 0.7926587269161688, 0.7662960324530499
-20.11244979509144, 86.66439088481586, 0.7926587269161688, 0.7662960324530499
-20.085423578333526, 86.61595908844129, 0.7926587269161688, 0.7662960324530499
-20.058410432994503, 86.5675208326169, 0.7926587269161688, 0.7662960324530499
-20.03141157927444, 86.51907543166615, 0.7926587269161688, 0.7662960324530499
-20.00442823737343, 86.47062219991257, 0.7926587269161688, 0.7662960324530499
-19.97746162749157, 86.42216045167967, 0.7926587269161688, 0.7662960324530499
-19.95051296982894, 86.37368950129095, 0.7926587269161688, 0.7662960324530499
-19.923583484585638, 86.32520866306997, 0.7926587269161688, 0.7662960324530499
-19.896674391961746, 86.27671725134014, 0.7926587269161688, 0.7662960324530499
-19.869786912157362, 86.22821458042509, 0.7926587269161688, 0.7662960324530499
-19.84292226537257, 86.17969996464822, 0.7926587269161688, 0.7662960324530499
-19.816081671807463, 86.13117271833309, 0.7926587269161688, 0.7662960324530499
-19.789266351662132, 86.08263215580322, 0.7926587269161688, 0.7662960324530499
-19.76247752513666, 86.03407759138211, 0.7926587269161688, 0.7662960324530499
-19.73571641243114, 85.98550833939328, 0.7926587269161688, 0.7662960324530499
-19.708984233745667, 85.9369237141602, 0.7926587269161688, 0.7662960324530499
-19.682282209280324, 85.88832303000643, 0.7926587269161688, 0.7662960324530499
-19.6556115592352, 85.83970560125543, 0.7926587269161688, 0.7662960324530499
-19.628973503810386, 85.79107074223072, 0.7926587269161688, 0.7662960324530499
-19.602369263205976, 85.74241776725586, 0.7926587269161688, 0.7662960324530499
-19.575800057622065, 85.69374599065432, 0.7926587269161688, 0.7662960324530499
-19.54926710725872, 85.6450547267496, 0.7926587269161688, 0.7662960324530499
-19.522771632316054, 85.59634328986523, 0.7926587269161688, 0.7662960324530499
-19.496314852994157, 85.54761099432476, 0.7926587269161688, 0.7662960324530499
-19.469897989493095, 85.4988571544516, 0.7926587269161688, 0.7662960324530499
-19.44352226201298, 85.45008108456935, 0.7926587269161688, 0.7662960324530499
-19.417188890753884, 85.40128209900143, 0.7926587269161688, 0.7662960324530499
-19.390899095915923, 85.35245951207145, 0.7926587269161688, 0.7662960324530499
-19.364654097699166, 85.30361263810288, 0.7926587269161688, 0.7662960324530499
-19.3384551163037, 85.25474079141918, 0.7926587269161688, 0.7662960324530499
-19.31230337192963, 85.20584328634394, 0.7926587269161688, 0.7662960324530499
-19.28620008477704, 85.15691943720063, 0.7926587269161688, 0.7662960324530499
-19.26014647504601, 85.10796855831273, 0.7926587269161688, 0.7662960324530499
-19.23414376293664, 85.05898996400383, 0.7926587269161688, 0.7662960324530499
-19.20819316864902, 85.00998296859737, 0.7926587269161688, 0.7662960324530499
-19.182295912383232, 84.96094688641686, 0.7926587269161688, 0.7662960324530499
-19.156453214339376, 84.91188103178588, 0.7926587269161688, 0.7662960324530499
-19.13066629471754, 84.86278471902787, 0.7926587269161688, 0.7662960324530499
-19.104936373717802, 84.81365726246635, 0.7926587269161688, 0.7662960324530499
-19.079264541199844, 84.7644980597815, 0.7926587269161688, 0.7662960324530499
-19.05365107477164, 84.71530702811317, 0.7926587269161688, 0.7662960324530499
-19.028095939694207, 84.66608428435656, 0.7926587269161688, 0.7662960324530499
-19.002599100577385, 84.61682994582337, 0.7926587269161688, 0.7662960324530499
-18.97716052203099, 84.56754412982521, 0.7926587269161688, 0.7662960324530499
-18.95178016866485, 84.5182269536738, 0.7926587269161688, 0.7662960324530499
-18.926458005088804, 84.46887853468083, 0.7926587269161688, 0.7662960324530499
-18.90119399591267, 84.41949899015792, 0.7926587269161688, 0.7662960324530499
-18.875988105746288, 84.37008843741677, 0.7926587269161688, 0.7662960324530499
-18.85084029919948, 84.32064699376903, 0.7926587269161688, 0.7662960324530499
-18.825750540882073, 84.2711747765264, 0.7926587269161688, 0.7662960324530499
-18.8007187954039, 84.22167190300054, 0.7926587269161688, 0.7662960324530499
-18.775745027374793, 84.17213849050312, 0.7926587269161688, 0.7662960324530499
-18.750829201404574, 84.12257465634583, 0.7926587269161688, 0.7662960324530499
-18.725971282103075, 84.07298051784029, 0.7926587269161688, 0.7662960324530499
-18.701171234080125, 84.02335619229824, 0.7926587269161688, 0.7662960324530499
-18.676429021945548, 83.9737017970313, 0.7926587269161688, 0.7662960324530499
-18.651744610309187, 83.92401744935117, 0.7926587269161688, 0.7662960324530499
-18.627117963780858, 83.87430326656948, 0.7926587269161688, 0.7662960324530499
-18.602549046970395, 83.82455936599798, 0.7926587269161688, 0.7662960324530499
-18.57803782448762, 83.77478586494824, 0.7926587269161688, 0.7662960324530499
-18.553584260942376, 83.72498288073204, 0.7926587269161688, 0.7662960324530499
-18.529188320944478, 83.67515053066096, 0.7926587269161688, 0.7662960324530499
-18.504849969103763, 83.62528893204671, 0.7926587269161688, 0.7662960324530499
-18.48056917003006, 83.57539820220097, 0.7926587269161688, 0.7662960324530499
-18.456345888333182, 83.52547845843539, 0.7926587269161688, 0.7662960324530499
-18.432180088622985, 83.47552981806166, 0.7926587269161688, 0.7662960324530499
-18.40807173550928, 83.42555239839146, 0.7926587269161688, 0.7662960324530499
-18.384020793601902, 83.37554631673643, 0.7926587269161688, 0.7662960324530499
-18.360027227510678, 83.32551169040825, 0.7926587269161688, 0.7662960324530499
-18.336091001845435, 83.27544863671861, 0.7926587269161688, 0.7662960324530499
-18.312212081216007, 83.22535727297915, 0.7926587269161688, 0.7662960324530499
-18.288390430232223, 83.17523771650161, 0.7926587269161688, 0.7662960324530499
-18.264626013503904, 83.1250900845976, 0.7926587269161688, 0.7662960324530499
-18.24091879564088, 83.07491449457878, 0.7926587269161688, 0.7662960324530499
-18.21726874125299, 83.02471106375685, 0.7926587269161688, 0.7662960324530499
-18.193675814950055, 82.97447990944349, 0.7926587269161688, 0.7662960324530499
-18.170139981341908, 82.92422114895037, 0.7926587269161688, 0.7662960324530499
-18.146661205038374, 82.87393489958913, 0.7926587269161688, 0.7662960324530499
-18.123239450649287, 82.8236212786715, 0.7926587269161688, 0.7662960324530499
-18.09987468278447, 82.77328040350909, 0.7926587269161688, 0.7662960324530499
-18.07656686605375, 82.72291239141357, 0.7926587269161688, 0.7662960324530499
-18.053315965066968, 82.6725173596967, 0.7926587269161688, 0.7662960324530499
-18.030121944433937, 82.62209542567004, 0.7926587269161688, 0.7662960324530499
-18.0069847687645, 82.57164670664532, 0.7926587269161688, 0.7662960324530499
-17.983904402668486, 82.52117131993421, 0.7926587269161688, 0.7662960324530499
-17.96088081075571, 82.47066938284837, 0.7926587269161688, 0.7662960324530499
-17.937913957636013, 82.42014101269949, 0.7926587269161688, 0.7662960324530499
-17.915003807919216, 82.36958632679921, 0.7926587269161688, 0.7662960324530499
-17.892150326215155, 82.31900544245923, 0.7926587269161688, 0.7662960324530499
-17.869353477133657, 82.26839847699121, 0.7926587269161688, 0.7662960324530499
-17.84661322528455, 82.2177655477068, 0.7926587269161688, 0.7662960324530499
-17.823929535277664, 82.16710677191773, 0.7926587269161688, 0.7662960324530499
-17.801302371722823, 82.11642226693563, 0.7926587269161688, 0.7662960324530499
-17.77873169922986, 82.06571215007213, 0.7926587269161688, 0.7662960324530499
-17.75621748240861, 82.01497653863902, 0.7926587269161688, 0.7662960324530499
-17.733759685868897, 81.96421554994787, 0.7926587269161688, 0.7662960324530499
-17.71135827422054, 81.91342930131037, 0.7926587269161688, 0.7662960324530499
-17.689013212073373, 81.8626179100382, 0.7926587269161688, 0.7662960324530499
-17.666724464037237, 81.81178149344305, 0.7926587269161688, 0.7662960324530499
-17.644491994721953, 81.76092016883656, 0.7926587269161688, 0.7662960324530499
-17.62231576873735, 81.71003405353044, 0.7926587269161688, 0.7662960324530499
-17.600195750693253, 81.65912326483632, 0.7926587269161688, 0.7662960324530499
-17.5781319051995, 81.6081879200659, 0.7926587269161688, 0.7662960324530499
-17.55612419686591, 81.55722813653087, 0.7926587269161688, 0.7662960324530499
-17.53417259030232, 81.50624403154285, 0.7926587269161688, 0.7662960324530499
-17.512277050118545, 81.4552357224135, 0.7926587269161688, 0.7662960324530499
-17.490437540924432, 81.40420332645458, 0.7926587269161688, 0.7662960324530499
-17.468654027329805, 81.3531469609777, 0.7926587269161688, 0.7662960324530499
-17.446926473944487, 81.30206674329452, 0.7926587269161688, 0.7662960324530499
-17.425254845378312, 81.25096279071676, 0.7926587269161688, 0.7662960324530499
-17.403639106241105, 81.19983522055604, 0.7926587269161688, 0.7662960324530499
-17.382079221142696, 81.14868415012408, 0.7926587269161688, 0.7662960324530499
-17.360575154692913, 81.09750969673249, 0.7926587269161688, 0.7662960324530499
-17.339126871501595, 81.04631197769301, 0.7926587269161688, 0.7662960324530499
-17.317734336178557, 80.99509111031728, 0.7926587269161688, 0.7662960324530499
-17.29639751333363, 80.94384721191695, 0.7926587269161688, 0.7662960324530499
-17.275116367576658, 80.89258039980373, 0.7926587269161688, 0.7662960324530499
-17.253890863517448, 80.84129079128925, 0.7926587269161688, 0.7662960324530499
-17.232720965765843, 80.78997850368523, 0.7926587269161688, 0.7662960324530499
-17.21160663893167, 80.73864365430333, 0.7926587269161688, 0.7662960324530499
-17.190547847624753, 80.68728636045519, 0.7926587269161688, 0.7662960324530499
-17.16954455645493, 80.63590673945252, 0.7926587269161688, 0.7662960324530499
-17.148596730032022, 80.58450490860695, 0.7926587269161688, 0.7662960324530499
-17.12770433296586, 80.53308098523019, 0.7926587269161688, 0.7662960324530499
-17.106867329866272, 80.48163508663389, 0.7926587269161688, 0.7662960324530499
-17.086085685343086, 80.4301673301297, 0.7926587269161688, 0.7662960324530499
-17.06535936400614, 80.37867783302934, 0.7926587269161688, 0.7662960324530499
-17.044688330465256, 80.32716671264448, 0.7926587269161688, 0.7662960324530499
-17.024072549330256, 80.27563408628676, 0.7926587269161688, 0.7662960324530499
-17.003511985210984, 80.22408007126788, 0.7926587269161688, 0.7662960324530499
-16.983006602717257, 80.17250478489946, 0.7926587269161688, 0.7662960324530499
-16.96255636645891, 80.12090834449323, 0.7926587269161688, 0.7662960324530499
-16.942161241045767, 80.06929086736082, 0.7926587269161688, 0.7662960324530499
-16.92182119108766, 80.01765247081394, 0.7926587269161688, 0.7662960324530499
-16.901536181194416, 79.96599327216423, 0.7926587269161688, 0.7662960324530499
-16.88130617597587, 79.91431338872339, 0.7926587269161688, 0.7662960324530499
-16.86113114004184, 79.86261293780304, 0.7926587269161688, 0.7662960324530499
-16.841011038002172, 79.81089203671493, 0.7926587269161688, 0.7662960324530499
-16.820945834466674, 79.75915080277066, 0.7926587269161688, 0.7662960324530499
-16.80093549404519, 79.70738935328193, 0.7926587269161688, 0.7662960324530499
-16.78097998134755, 79.65560780556042, 0.7926587269161688, 0.7662960324530499
-16.76107926098357, 79.6038062769178, 0.7926587269161688, 0.7662960324530499
-16.741233297563088, 79.55198488466571, 0.7926587269161688, 0.7662960324530499
-16.721442055695935, 79.50014374611587, 0.7926587269161688, 0.7662960324530499
-16.701705499991935, 79.44828297857993, 0.7926587269161688, 0.7662960324530499
-16.682023595060915, 79.39640269936953, 0.7926587269161688, 0.7662960324530499
-16.66239630551271, 79.34450302579639, 0.7926587269161688, 0.7662960324530499
-16.642823595957143, 79.29258407517216, 0.7926587269161688, 0.7662960324530499
-16.62330543100405, 79.24064596480852, 0.7926587269161688, 0.7662960324530499
-16.603841775263255, 79.18868881201712, 0.7926587269161688, 0.7662960324530499
-16.584432593344587, 79.13671273410965, 0.7926587269161688, 0.7662960324530499
-16.565077849857875, 79.08471784839779, 0.7926587269161688, 0.7662960324530499
-16.54577750941295, 79.03270427219319, 0.7926587269161688, 0.7662960324530499
-16.526531504119472, 78.9806721243652, 0.7926587269161688, 0.7662960324530499
-16.507339542830557, 78.92862153448334, 0.7926587269161688, 0.7662960324530499
-16.4882012405995, 78.87655263661279, 0.7926587269161688, 0.7662960324530499
-16.469116212155964, 78.8244655648342, 0.7926587269161688, 0.7662960324530499
-16.450084072229618, 78.77236045322825, 0.7926587269161688, 0.7662960324530499
-16.43110443555012, 78.7202374358756, 0.7926587269161688, 0.7662960324530499
-16.412176916847134, 78.66809664685691, 0.7926587269161688, 0.7662960324530499
-16.393301130850325, 78.61593822025289, 0.7926587269161688, 0.7662960324530499
-16.374476692289342, 78.56376229014415, 0.7926587269161688, 0.7662960324530499
-16.355703215893868, 78.51156899061142, 0.7926587269161688, 0.7662960324530499
-16.336980316393554, 78.45935845573531, 0.7926587269161688, 0.7662960324530499
-16.31830760851806, 78.40713081959655, 0.7926587269161688, 0.7662960324530499
-16.299684706997056, 78.35488621627573, 0.7926587269161688, 0.7662960324530499
-16.281111226560203, 78.30262477985362, 0.7926587269161688, 0.7662960324530499
-16.262586781937156, 78.25034664441078, 0.7926587269161688, 0.7662960324530499
-16.24411098785758, 78.19805194402795, 0.7926587269161688, 0.7662960324530499
-16.225683459051147, 78.14574081278579, 0.7926587269161688, 0.7662960324530499
-16.20730381024751, 78.09341338476494, 0.7926587269161688, 0.7662960324530499
-16.188971656176335, 78.04106979404612, 0.7926587269161688, 0.7662960324530499
-16.170686611567287, 77.98871017470995, 0.7926587269161688, 0.7662960324530499
-16.15244829115003, 77.93633466083715, 0.7926587269161688, 0.7662960324530499
-16.134256309654212, 77.8839433865083, 0.7926587269161688, 0.7662960324530499
-16.116110281809505, 77.83153648580414, 0.7926587269161688, 0.7662960324530499
-16.098009822345574, 77.77911409280533, 0.7926587269161688, 0.7662960324530499
-16.07995454599208, 77.72667634159255, 0.7926587269161688, 0.7662960324530499
-16.061944067478677, 77.67422336624641, 0.7926587269161688, 0.7662960324530499
-16.04397800153505, 77.62175530084762, 0.7926587269161688, 0.7662960324530499
-16.026055962890837, 77.56927227947688, 0.7926587269161688, 0.7662960324530499
-16.008177566275712, 77.5167744362148, 0.7926587269161688, 0.7662960324530499
-15.990342426419337, 77.4642619051421, 0.7926587269161688, 0.7662960324530499
-15.972550158051368, 77.4117348203394, 0.7926587269161688, 0.7662960324530499
-15.954800375901478, 77.35919331588741, 0.7926587269161688, 0.7662960324530499
-15.937092694699322, 77.30663752586678, 0.7926587269161688, 0.7662960324530499
-15.919426729174564, 77.25406758435817, 0.7926587269161688, 0.7662960324530499
-15.901802094056869, 77.20148362544226, 0.7926587269161688, 0.7662960324530499
-15.884218404075892, 77.14888578319972, 0.7926587269161688, 0.7662960324530499
-15.86667527396131, 77.09627419171123, 0.7926587269161688, 0.7662960324530499
-15.849172318442768, 77.04364898505743, 0.7926587269161688, 0.7662960324530499
-15.831709152249944, 76.99101029731902, 0.7926587269161688, 0.7662960324530499
-15.814285390112492, 76.93835826257663, 0.7926587269161688, 0.7662960324530499
-15.796900646760074, 76.88569301491097, 0.7926587269161688, 0.7662960324530499
-15.779554536922353, 76.83301468840267, 0.7926587269161688, 0.7662960324530499
-15.762246675328994, 76.78032341713244, 0.7926587269161688, 0.7662960324530499
-15.744976676709658, 76.72761933518093, 0.7926587269161688, 0.7662960324530499
-15.727744155794008, 76.6749025766288, 0.7926587269161688, 0.7662960324530499
-15.710548727311707, 76.62217327555672, 0.7926587269161688, 0.7662960324530499
-15.693390005992416, 76.56943156604537, 0.7926587269161688, 0.7662960324530499
-15.6762676065658, 76.51667758217542, 0.7926587269161688, 0.7662960324530499
-15.659181143761515, 76.4639114580275, 0.7926587269161688, 0.7662960324530499
-15.642130232309237, 76.41113332768235, 0.7926587269161688, 0.7662960324530499
-15.62511448693861, 76.35834332522059, 0.7926587269161688, 0.7662960324530499
-15.608133522379312, 76.3055415847229, 0.7926587269161688, 0.7662960324530499
-15.591186953360996, 76.25272824026993, 0.7926587269161688, 0.7662960324530499
-15.574274394613335, 76.1999034259424, 0.7926587269161688, 0.7662960324530499
-15.557395460865976, 76.14706727582092, 0.7926587269161688, 0.7662960324530499
-15.540549766848594, 76.09421992398619, 0.7926587269161688, 0.7662960324530499
-15.523736927290846, 76.04136150451885, 0.7926587269161688, 0.7662960324530499
-15.506956556922399, 75.98849215149961, 0.7926587269161688, 0.7662960324530499
-15.49020827047291, 75.93561199900913, 0.7926587269161688, 0.7662960324530499
-15.473491682672048, 75.88272118112808, 0.7926587269161688, 0.7662960324530499
-15.456806408249468, 75.82981983193707, 0.7926587269161688, 0.7662960324530499
-15.440152061934837, 75.77690808551685, 0.7926587269161688, 0.7662960324530499
-15.423528258457818, 75.72398607594806, 0.7926587269161688, 0.7662960324530499
-15.406934612548069, 75.67105393731137, 0.7926587269161688, 0.7662960324530499
-15.390370738935255, 75.61811180368741, 0.7926587269161688, 0.7662960324530499
-15.37383625234904, 75.5651598091569, 0.7926587269161688, 0.7662960324530499
-15.357330767519086, 75.51219808780048, 0.7926587269161688, 0.7662960324530499
-15.340853899175055, 75.45922677369886, 0.7926587269161688, 0.7662960324530499
-15.324405262046609, 75.40624600093264, 0.7926587269161688, 0.7662960324530499
-15.307984470863417, 75.35325590358258, 0.7926587269161688, 0.7662960324530499
-15.291591140355123, 75.30025661572924, 0.7926587269161688, 0.7662960324530499
-15.27522488525141, 75.24724827145334, 0.7926587269161688, 0.7662960324530499
-15.25888532028193, 75.19423100483559, 0.7926587269161688, 0.7662960324530499
-15.242572060176347, 75.14120494995662, 0.7926587269161688, 0.7662960324530499
-15.22628471966433, 75.0881702408971, 0.7926587269161688, 0.7662960324530499
-15.210022913475527, 75.03512701173769, 0.7926587269161688, 0.7662960324530499
-15.193786256339617, 74.98207539655907, 0.7926587269161688, 0.7662960324530499
-15.177574362986249, 74.9290155294419, 0.7926587269161688, 0.7662960324530499
-15.161386848145096, 74.87594754446687, 0.7926587269161688, 0.7662960324530499
-15.145223326545809, 74.82287157571461, 0.7926587269161688, 0.7662960324530499
-15.129083412918064, 74.76978775726586, 0.7926587269161688, 0.7662960324530499
-15.112966721991514, 74.71669622320121, 0.7926587269161688, 0.7662960324530499
-15.096872868495822, 74.66359710760136, 0.7926587269161688, 0.7662960324530499
-15.080801467160654, 74.61049054454699, 0.7926587269161688, 0.7662960324530499
-15.064752132715675, 74.55737666811876, 0.7926587269161688, 0.7662960324530499
-15.048724479890542, 74.50425561239736, 0.7926587269161688, 0.7662960324530499
-15.032718123414917, 74.4511275114634, 0.7926587269161688, 0.7662960324530499
-15.016732678018464, 74.39799249939759, 0.7926587269161688, 0.7662960324530499
-15.000767758430845, 74.3448507102806, 0.7926587269161688, 0.7662960324530499
-14.984822979381725, 74.29170227819309, 0.7926587269161688, 0.7662960324530499
-14.968897955600768, 74.23854733721575, 0.7926587269161688, 0.7662960324530499
-14.952992301817627, 74.18538602142921, 0.7926587269161688, 0.7662960324530499
-14.937105632761975, 74.13221846491416, 0.7926587269161688, 0.7662960324530499
-14.921237563163473, 74.0790448017513, 0.7926587269161688, 0.7662960324530499
-14.905387707751776, 74.02586516602123, 0.7926587269161688, 0.7662960324530499
-14.889555681256553, 73.97267969180466, 0.7926587269161688, 0.7662960324530499
-14.873741098407468, 73.91948851318227, 0.7926587269161688, 0.7662960324530499
-14.857943573934175, 73.86629176423469, 0.7926587269161688, 0.7662960324530499
-14.842162722566348, 73.81308957904264, 0.7926587269161688, 0.7662960324530499
-14.826398159033637, 73.75988209168675, 0.7926587269161688, 0.7662960324530499
-14.810649498065708, 73.70666943624768, 0.7926587269161688, 0.7662960324530499
-14.794916354392235, 73.65345174680613, 0.7926587269161688, 0.7662960324530499
-14.77919834274287, 73.60022915744278, 0.7926587269161688, 0.7662960324530499
-14.763495077847276, 73.54700180223826, 0.7926587269161688, 0.7662960324530499
-14.747806174435114, 73.49376981527324, 0.7926587269161688, 0.7662960324530499
-14.73213124723605, 73.44053333062841, 0.7926587269161688, 0.7662960324530499
-14.716469910979749, 73.38729248238447, 0.7926587269161688, 0.7662960324530499
-14.700821780395868, 73.33404740462201, 0.7926587269161688, 0.7662960324530499
-14.685186470214074, 73.28079823142176, 0.7926587269161688, 0.7662960324530499
-14.669563595164021, 73.22754509686433, 0.7926587269161688, 0.7662960324530499
-14.653952769975383, 73.17428813503047, 0.7926587269161688, 0.7662960324530499
-14.638353609377816, 73.1210274800008, 0.7926587269161688, 0.7662960324530499
-14.622765728100983, 73.06776326585599, 0.7926587269161688, 0.7662960324530499
-14.607188740874548, 73.01449562667673, 0.7926587269161688, 0.7662960324530499
-14.591622262428167, 72.96122469654364, 0.7926587269161688, 0.7662960324530499
-14.576065907491518, 72.90795060953747, 0.7926587269161688, 0.7662960324530499
-14.560519290794247, 72.85467349973878, 0.7926587269161688, 0.7662960324530499
-14.544982027066025, 72.80139350122835, 0.7926587269161688, 0.7662960324530499
-14.52945373103651, 72.74811074808676, 0.7926587269161688, 0.7662960324530499
-14.513934017435368, 72.69482537439474, 0.7926587269161688, 0.7662960324530499
-14.49842250099226, 72.64153751423292, 0.7926587269161688, 0.7662960324530499
-14.482918796436852, 72.588247301682, 0.7926587269161688, 0.7662960324530499
-14.4674225184988, 72.53495487082263, 0.7926587269161688, 0.7662960324530499
-14.451933288452112, 72.48166035366037, 0.7926587269161688, 0.7662960324530499
-14.436450948146211, 72.42836381225953, 0.7926587269161688, 0.7662960324530499
-14.420975607797018, 72.37506522358939, 0.7926587269161688, 0.7662960324530499
-14.40550739383841, 72.32176455947672, 0.7926587269161688, 0.7662960324530499
-14.390046432704262, 72.26846179174827, 0.7926587269161688, 0.7662960324530499
-14.374592850828437, 72.21515689223085, 0.7926587269161688, 0.7662960324530499
-14.359146774644817, 72.16184983275122, 0.7926587269161688, 0.7662960324530499
-14.34370833058727, 72.10854058513617, 0.7926587269161688, 0.7662960324530499
-14.328277645089669, 72.05522912121245, 0.7926587269161688, 0.7662960324530499
-14.312854844585885, 72.00191541280684, 0.7926587269161688, 0.7662960324530499
-14.297440055509794, 71.94859943174617, 0.7926587269161688, 0.7662960324530499
-14.282033404295273, 71.89528114985717, 0.7926587269161688, 0.7662960324530499
-14.26663501737618, 71.84196053896662, 0.7926587269161688, 0.7662960324530499
-14.251245021186401, 71.78863757090132, 0.7926587269161688, 0.7662960324530499
-14.235863542159802, 71.73531221748803, 0.7926587269161688, 0.7662960324530499
-14.220490706730258, 71.68198445055351, 0.7926587269161688, 0.7662960324530499
-14.205126641331638, 71.62865424192456, 0.7926587269161688, 0.7662960324530499
-14.18977147239782, 71.57532156342796, 0.7926587269161688, 0.7662960324530499
-14.174425326362671, 71.52198638689048, 0.7926587269161688, 0.7662960324530499
-14.159088329660072, 71.4686486841389, 0.7926587269161688, 0.7662960324530499
-14.143760608723884, 71.41530842699997, 0.7926587269161688, 0.7662960324530499
-14.128442289987992, 71.36196558730055, 0.7926587269161688, 0.7662960324530499
-14.113133499886253, 71.30862013686729, 0.7926587269161688, 0.7662960324530499
-14.097834364852556, 71.25527204752707, 0.7926587269161688, 0.7662960324530499
-14.082545011320759, 71.20192129110661, 0.7926587269161688, 0.7662960324530499
-14.067265565724748, 71.14856783943274, 0.7926587269161688, 0.7662960324530499
-14.05199615449839, 71.09521166433221, 0.7926587269161688, 0.7662960324530499
-14.036736904075555, 71.0418527376318, 0.7926587269161688, 0.7662960324530499
-14.021487940890111, 70.98849103115825, 0.7926587269161688, 0.7662960324530499
-14.00624939137594, 70.93512651673838, 0.7926587269161688, 0.7662960324530499
-13.991021381966915, 70.88175916619896, 0.7926587269161688, 0.7662960324530499
-13.975804039096902, 70.82838895136676, 0.7926587269161688, 0.7662960324530499
-13.960597489199781, 70.77501584406858, 0.7926587269161688, 0.7662960324530499
-13.945401858709413, 70.72163981613114, 0.7926587269161688, 0.7662960324530499
-13.93021727405968, 70.6682608393813, 0.7926587269161688, 0.7662960324530499
-13.915043861684449, 70.61487888564577, 0.7926587269161688, 0.7662960324530499
-13.899881748017602, 70.56149392675134, 0.7926587269161688, 0.7662960324530499
-13.884731059493003, 70.5081059345248, 0.7926587269161688, 0.7662960324530499
-13.869591922544524, 70.45471488079295, 0.7926587269161688, 0.7662960324530499
-13.854464463606039, 70.40132073738252, 0.7926587269161688, 0.7662960324530499
-13.839348809111426, 70.34792347612029, 0.7926587269161688, 0.7662960324530499
-13.82424508549455, 70.29452306883309, 0.7926587269161688, 0.7662960324530499
-13.809153419189286, 70.24111948734765, 0.7926587269161688, 0.7662960324530499
-13.794073936629509, 70.18771270349076, 0.7926587269161688, 0.7662960324530499
-13.779006764249093, 70.1343026890892, 0.7926587269161688, 0.7662960324530499
-13.763952028481901, 70.08088941596972, 0.7926587269161688, 0.7662960324530499
-13.748909855761815, 70.02747285595913, 0.7926587269161688, 0.7662960324530499
-13.733880372522703, 69.97405298088421, 0.7926587269161688, 0.7662960324530499
-13.718863705198446, 69.92062976257175, 0.7926587269161688, 0.7662960324530499
-13.7038599802229, 69.86720317284846, 0.7926587269161688, 0.7662960324530499
-13.68886932402995, 69.81377318354117, 0.7926587269161688, 0.7662960324530499
-13.673891863053466, 69.76033976647666, 0.7926587269161688, 0.7662960324530499
-13.658927723727322, 69.70690289348168, 0.7926587269161688, 0.7662960324530499
-13.643977032485385, 69.65346253638306, 0.7926587269161688, 0.7662960324530499
-13.629039915761537, 69.6000186670075, 0.7926587269161688, 0.7662960324530499
-13.614116499989638, 69.54657125718182, 0.7926587269161688, 0.7662960324530499
-13.59920691160357, 69.49312027873282, 0.7926587269161688, 0.7662960324530499
-13.584311277037202, 69.43966570348722, 0.7926587269161688, 0.7662960324530499
-13.569429722724408, 69.38620750327185, 0.7926587269161688, 0.7662960324530499
-13.55456237509906, 69.33274564991343, 0.7926587269161688, 0.7662960324530499
-13.539709360595028, 69.27928011523879, 0.7926587269161688, 0.7662960324530499
-13.52487080564619, 69.2258108710747, 0.7926587269161688, 0.7662960324530499
-13.510046836686417, 69.17233788924793, 0.7926587269161688, 0.7662960324530499
-13.495237580149576, 69.11886114158523, 0.7926587269161688, 0.7662960324530499
-13.480443162469546, 69.06538059991341, 0.7926587269161688, 0.7662960324530499
-13.465663710080197, 69.01189623605924, 0.7926587269161688, 0.7662960324530499
-13.4508993494154, 68.95840802184951, 0.7926587269161688, 0.7662960324530499
-13.43615020690903, 68.90491592911097, 0.7926587269161688, 0.7662960324530499
-13.421416408994958, 68.8514199296704, 0.7926587269161688, 0.7662960324530499
-13.406698082107056, 68.79791999535459, 0.7926587269161688, 0.7662960324530499
-13.391995352679201, 68.74441609799032, 0.7926587269161688, 0.7662960324530499
-13.377308347145261, 68.69090820940436, 0.7926587269161688, 0.7662960324530499
-13.362637191939108, 68.63739630142348, 0.7926587269161688, 0.7662960324530499
-13.347982013494617, 68.58388034587448, 0.7926587269161688, 0.7662960324530499
-13.33334293824566, 68.5303603145841, 0.7926587269161688, 0.7662960324530499
-13.318720092626112, 68.47683617937916, 0.7926587269161688, 0.7662960324530499
-13.304113603069839, 68.4233079120864, 0.7926587269161688, 0.7662960324530499
-13.289523596010719, 68.36977548453262, 0.7926587269161688, 0.7662960324530499
-13.274950197882625, 68.31623886854462, 0.7926587269161688, 0.7662960324530499
-13.260393535119427, 68.26269803594911, 0.7926587269161688, 0.7662960324530499
-13.245853734154997, 68.20915295857291, 0.7926587269161688, 0.7662960324530499
-13.231330921423204, 68.1556036082428, 0.7926587269161688, 0.7662960324530499
-13.216825223357935, 68.10204995678556, 0.7926587269161688, 0.7662960324530499
-13.202336766393048, 68.04849197602796, 0.7926587269161688, 0.7662960324530499
-13.187865676962419, 67.99492963779674, 0.7926587269161688, 0.7662960324530499
-13.173412081499924, 67.94136291391875, 0.7926587269161688, 0.7662960324530499
-13.158976106439429, 67.88779177622071, 0.7926587269161688, 0.7662960324530499
-13.144557878214814, 67.83421619652941, 0.7926587269161688, 0.7662960324530499
-13.13015752325995, 67.78063614667165, 0.7926587269161688, 0.7662960324530499
-13.115775168008707, 67.72705159847419, 0.7926587269161688, 0.7662960324530499
-13.101410938894956, 67.67346252376379, 0.7926587269161688, 0.7662960324530499
-13.087064962352576, 67.61986889436726, 0.7926587269161688, 0.7662960324530499
-13.072737364815431, 67.56627068211137, 0.7926587269161688, 0.7662960324530499
-13.0584282727174, 67.51266785882287, 0.7926587269161688, 0.7662960324530499
-13.044137812492357, 67.45906039632857, 0.7926587269161688, 0.7662960324530499
-13.029866110574169, 67.40544826645522, 0.7926587269161688, 0.7662960324530499
-13.015613293396706, 67.3518314410296, 0.7926587269161688, 0.7662960324530499
-13.001379487393853, 67.29820989187853, 0.7926587269161688, 0.7662960324530499
-12.987164818999469, 67.24458359082873, 0.7926587269161688, 0.7662960324530499
-12.972969414647435, 67.19095250970702, 0.7926587269161688, 0.7662960324530499
-12.95879340077162, 67.13731662034014, 0.7926587269161688, 0.7662960324530499
-12.944636903805899, 67.0836758945549, 0.7926587269161688, 0.7662960324530499
-12.930500050184136, 67.03003030417804, 0.7926587269161688, 0.7662960324530499
-12.91638296634022, 66.9763798210364, 0.7926587269161688, 0.7662960324530499
-12.902285778708011, 66.9227244169567, 0.7926587269161688, 0.7662960324530499
-12.88820861372138, 66.86906406376572, 0.7926587269161688, 0.7662960324530499
-12.87415159781421, 66.81539873329027, 0.7926587269161688, 0.7662960324530499
-12.860114857420365, 66.7617283973571, 0.7926587269161688, 0.7662960324530499
-12.84609851897372, 66.708053027793, 0.7926587269161688, 0.7662960324530499
-12.832102708908149, 66.65437259642476, 0.7926587269161688, 0.7662960324530499
-12.818127553657519, 66.60068707507912, 0.7926587269161688, 0.7662960324530499
-12.804173179655711, 66.54699643558288, 0.7926587269161688, 0.7662960324530499
-12.790239713336591, 66.49330064976283, 0.7926587269161688, 0.7662960324530499
-12.776327281134035, 66.43959968944571, 0.7926587269161688, 0.7662960324530499
-12.762436009481915, 66.38589352645833, 0.7926587269161688, 0.7662960324530499
-12.748566024814101, 66.33218213262745, 0.7926587269161688, 0.7662960324530499
-12.734717453564468, 66.27846547977987, 0.7926587269161688, 0.7662960324530499
-12.720890422166892, 66.22474353974236, 0.7926587269161688, 0.7662960324530499
-12.707085057055235, 66.17101628434166, 0.7926587269161688, 0.7662960324530499
-12.69330148466338, 66.11728368540459, 0.7926587269161688, 0.7662960324530499
-12.679539831425195, 66.06354571475791, 0.7926587269161688, 0.7662960324530499
-12.665800223774552, 66.0098023442284, 0.7926587269161688, 0.7662960324530499
-12.652082777424965, 65.95605354813965, 0.7926587269161688, 0.7662960324530499
-12.638387468633264, 65.90229933329505, 0.7926587269161688, 0.7662960324530499
-12.624714176100557, 65.84853972921903, 0.7926587269161688, 0.7662960324530499
-12.611062776524662, 65.79477476590256, 0.7926587269161688, 0.7662960324530499
-12.597433146603375, 65.7410044733366, 0.7926587269161688, 0.7662960324530499
-12.583825163034511, 65.6872288815122, 0.7926587269161688, 0.7662960324530499
-12.570238702515878, 65.63344802042026, 0.7926587269161688, 0.7662960324530499
-12.556673641745281, 65.57966192005182, 0.7926587269161688, 0.7662960324530499
-12.543129857420531, 65.52587061039783, 0.7926587269161688, 0.7662960324530499
-12.529607226239438, 65.47207412144931, 0.7926587269161688, 0.7662960324530499
-12.516105624899806, 65.41827248319719, 0.7926587269161688, 0.7662960324530499
-12.502624930099442, 65.36446572563247, 0.7926587269161688, 0.7662960324530499
-12.489165018536164, 65.31065387874615, 0.7926587269161688, 0.7662960324530499
-12.475725766907768, 65.25683697252919, 0.7926587269161688, 0.7662960324530499
-12.46230705191207, 65.2030150369726, 0.7926587269161688, 0.7662960324530499
-12.448908750246877, 65.14918810206733, 0.7926587269161688, 0.7662960324530499
-12.435530738609996, 65.09535619780436, 0.7926587269161688, 0.7662960324530499
-12.422172893699235, 65.04151935417471, 0.7926587269161688, 0.7662960324530499
-12.4088350922124, 64.98767760116931, 0.7926587269161688, 0.7662960324530499
-12.395517210847304, 64.93383096877919, 0.7926587269161688, 0.7662960324530499
-12.382219126301754, 64.87997948699531, 0.7926587269161688, 0.7662960324530499
-12.36894071527356, 64.82612318580865, 0.7926587269161688, 0.7662960324530499
-12.355681854460524, 64.77226209521021, 0.7926587269161688, 0.7662960324530499
-12.342442420560456, 64.71839624519092, 0.7926587269161688, 0.7662960324530499
-12.329222290271167, 64.66452566574182, 0.7926587269161688, 0.7662960324530499
-12.316021340290467, 64.61065038685385, 0.7926587269161688, 0.7662960324530499
-12.302839447316162, 64.55677043851803, 0.7926587269161688, 0.7662960324530499
-12.28967648804606, 64.50288585072532, 0.7926587269161688, 0.7662960324530499
-12.276532339177965, 64.4489966534667, 0.7926587269161688, 0.7662960324530499
-12.263406877409695, 64.39510287673313, 0.7926587269161688, 0.7662960324530499
-12.250299979439049, 64.34120455051566, 0.7926587269161688, 0.7662960324530499
-12.237211521963838, 64.28730170480519, 0.7926587269161688, 0.7662960324530499
-12.224141381681875, 64.23339436959276, 0.7926587269161688, 0.7662960324530499
-12.21108943529096, 64.17948257486934, 0.7926587269161688, 0.7662960324530499
-12.198055559488909, 64.12556635062589, 0.7926587269161688, 0.7662960324530499
-12.185039630973524, 64.0716457268534, 0.7926587269161688, 0.7662960324530499
-12.17204152644262, 64.01772073354287, 0.7926587269161688, 0.7662960324530499
-12.159061122593995, 63.96379140068527, 0.7926587269161688, 0.7662960324530499
-12.146098296125466, 63.90985775827155, 0.7926587269161688, 0.7662960324530499
-12.133152923734842, 63.85591983629275, 0.7926587269161688, 0.7662960324530499
-12.120224882119924, 63.80197766473981, 0.7926587269161688, 0.7662960324530499
-12.107314047978528, 63.74803127360374, 0.7926587269161688, 0.7662960324530499
-12.094420298008451, 63.694080692875474, 0.7926587269161688, 0.7662960324530499
-12.081543508907515, 63.64012595254605, 0.7926587269161688, 0.7662960324530499
-12.068683557373522, 63.58616708260643, 0.7926587269161688, 0.7662960324530499
-12.055840320104279, 63.532204113047584, 0.7926587269161688, 0.7662960324530499
-12.043013673797594, 63.478237073860505, 0.7926587269161688, 0.7662960324530499
-12.030203495151277, 63.42426599503616, 0.7926587269161688, 0.7662960324530499
-12.01740966086314, 63.37029090656556, 0.7926587269161688, 0.7662960324530499
-12.004632047630981, 63.31631183843963, 0.7926587269161688, 0.7662960324530499
-11.991870532152616, 63.262328820649415, 0.7926587269161688, 0.7662960324530499
-11.979124991125856, 63.20834188318588, 0.7926587269161688, 0.7662960324530499
-11.9663953012485, 63.154351056039985, 0.7926587269161688, 0.7662960324530499
-11.953681339218363, 63.10035636920273, 0.7926587269161688, 0.7662960324530499
-11.940982981733253, 63.04635785266509, 0.7926587269161688, 0.7662960324530499
-11.92830010549097, 62.992355536418025, 0.7926587269161688, 0.7662960324530499
-11.915632587189334, 62.93834945045256, 0.7926587269161688, 0.7662960324530499
-11.902980303526148, 62.884339624759654, 0.7926587269161688, 0.7662960324530499
-11.89034313119922, 62.83032608933029, 0.7926587269161688, 0.7662960324530499
-11.877720946906356, 62.77630887415544, 0.7926587269161688, 0.7662960324530499
-11.865113627345366, 62.7222880092261, 0.7926587269161688, 0.7662960324530499
-11.852521049214062, 62.66826352453325, 0.7926587269161688, 0.7662960324530499
-11.839943089210248, 62.61423545006786, 0.7926587269161688, 0.7662960324530499
-11.827379624031735, 62.56020381582095, 0.7926587269161688, 0.7662960324530499
-11.814830530376328, 62.50616865178343, 0.7926587269161688, 0.7662960324530499
-11.802295684941841, 62.452129987946364, 0.7926587269161688, 0.7662960324530499
-11.789774964426071, 62.398087854300655, 0.7926587269161688, 0.7662960324530499
-11.777268245526837, 62.34404228083735, 0.7926587269161688, 0.7662960324530499
-11.764775404941945, 62.28999329754739, 0.7926587269161688, 0.7662960324530499
-11.752296319369199, 62.23594093442176, 0.7926587269161688, 0.7662960324530499
-11.739830865506413, 62.18188522145147, 0.7926587269161688, 0.7662960324530499
-11.727378920051393, 62.12782618862749, 0.7926587269161688, 0.7662960324530499
-11.714940359701943, 62.073763865940776, 0.7926587269161688, 0.7662960324530499
-11.702515061155873, 62.01969828338233, 0.7926587269161688, 0.7662960324530499
-11.690102901110999, 61.965629470943135, 0.7926587269161688, 0.7662960324530499
-11.67770375626512, 61.911557458614176, 0.7926587269161688, 0.7662960324530499
-11.665317503316045, 61.85748227638642, 0.7926587269161688, 0.7662960324530499
-11.652944018961595, 61.80340395425088, 0.7926587269161688, 0.7662960324530499
-11.640583179899558, 61.74932252219849, 0.7926587269161688, 0.7662960324530499
-11.62823486282775, 61.69523801022024, 0.7926587269161688, 0.7662960324530499
-11.61589894444399, 61.64115044830716, 0.7926587269161688, 0.7662960324530499
-11.60357530144607, 61.587059866450176, 0.7926587269161688, 0.7662960324530499
-11.591263810531814, 61.532966294640325, 0.7926587269161688, 0.7662960324530499
-11.578964348399015, 61.47886976286852, 0.7926587269161688, 0.7662960324530499
-11.56667679174549, 61.4247703011258, 0.7926587269161688, 0.7662960324530499
-11.554401017269047, 61.37066793940312, 0.7926587269161688, 0.7662960324530499
-11.542136901667494, 61.316562707691475, 0.7926587269161688, 0.7662960324530499
-11.529884321638637, 61.262454635981825, 0.7926587269161688, 0.7662960324530499
-11.517643153880286, 61.208343754265165, 0.7926587269161688, 0.7662960324530499
-11.505413275090248, 61.15423009253249, 0.7926587269161688, 0.7662960324530499
-11.493194561966334, 61.100113680774776, 0.7926587269161688, 0.7662960324530499
-11.480986891206344, 61.04599454898297, 0.7926587269161688, 0.7662960324530499
-11.468790139508096, 60.9918727271481, 0.7926587269161688, 0.7662960324530499
-11.456604183569393, 60.937748245261126, 0.7926587269161688, 0.7662960324530499
-11.444428900088047, 60.883621133313035, 0.7926587269161688, 0.7662960324530499
-11.432264165761865, 60.829491421294804, 0.7926587269161688, 0.7662960324530499
-11.42010985728865, 60.775359139197406, 0.7926587269161688, 0.7662960324530499
-11.407965851366221, 60.72122431701185, 0.7926587269161688, 0.7662960324530499
-11.395832024692371, 60.66708698472909, 0.7926587269161688, 0.7662960324530499
-11.383708253964926, 60.61294717234012, 0.7926587269161688, 0.7662960324530499
-11.371594415881681, 60.55880490983592, 0.7926587269161688, 0.7662960324530499
-11.359490387140447, 60.504660227207474, 0.7926587269161688, 0.7662960324530499
-11.347396044439035, 60.45051315444577, 0.7926587269161688, 0.7662960324530499
-11.335311264475251, 60.39636372154176, 0.7926587269161688, 0.7662960324530499
-11.323235923946905, 60.34221195848646, 0.7926587269161688, 0.7662960324530499
-11.311169899551805, 60.28805789527085, 0.7926587269161688, 0.7662960324530499
-11.299113067987758, 60.23390156188587, 0.7926587269161688, 0.7662960324530499
-11.287065305952575, 60.179742988322566, 0.7926587269161688, 0.7662960324530499
-11.275026490144056, 60.12558220457184, 0.7926587269161688, 0.7662960324530499
-11.262996497260021, 60.07141924062476, 0.7926587269161688, 0.7662960324530499
-11.250975203998273, 60.017254126472245, 0.7926587269161688, 0.7662960324530499
-11.238962487056618, 59.96308689210532, 0.7926587269161688, 0.7662960324530499
-11.226958223132863, 59.90891756751492, 0.7926587269161688, 0.7662960324530499
-11.214962288924823, 59.854746182692054, 0.7926587269161688, 0.7662960324530499
-11.2029745611303, 59.80057276762771, 0.7926587269161688, 0.7662960324530499
-11.190994916447108, 59.746397352312854, 0.7926587269161688, 0.7662960324530499
-11.179023231573053, 59.6922199667385, 0.7926587269161688, 0.7662960324530499
-11.167059383205938, 59.638040640895575, 0.7926587269161688, 0.7662960324530499
-11.155103248043575, 59.58385940477508, 0.7926587269161688, 0.7662960324530499
-11.143154702783773, 59.52967628836802, 0.7926587269161688, 0.7662960324530499
-11.131213624124346, 59.47549132166537, 0.7926587269161688, 0.7662960324530499
-11.119279888763092, 59.421304534658105, 0.7926587269161688, 0.7662960324530499
-11.10735337339782, 59.36711595733719, 0.7926587269161688, 0.7662960324530499
-11.095433954726346, 59.31292561969363, 0.7926587269161688, 0.7662960324530499
-11.083521509446472, 59.2587335517184, 0.7926587269161688, 0.7662960324530499
-11.071615914256007, 59.20453978340249, 0.7926587269161688, 0.7662960324530499
-11.059717045852764, 59.15034434473686, 0.7926587269161688, 0.7662960324530499
-11.047824780934546, 59.09614726571251, 0.7926587269161688, 0.7662960324530499
-11.035938996199164, 59.04194857632041, 0.7926587269161688, 0.7662960324530499
-11.024059568344422, 58.98774830655154, 0.7926587269161688, 0.7662960324530499
-11.012186374068134, 58.9335464863969, 0.7926587269161688, 0.7662960324530499
-11.000319290068107, 58.87934314584747, 0.7926587269161688, 0.7662960324530499
-10.988458193042142, 58.8251383148942, 0.7926587269161688, 0.7662960324530499
-10.976602959688057, 58.770932023528104, 0.7926587269161688, 0.7662960324530499
-10.964753466703657, 58.71672430174015, 0.7926587269161688, 0.7662960324530499
-10.952909590786748, 58.66251517952133, 0.7926587269161688, 0.7662960324530499
-10.941071208635137, 58.6083046868626, 0.7926587269161688, 0.7662960324530499
-10.929238196946638, 58.55409285375497, 0.7926587269161688, 0.7662960324530499
-10.917410432419059, 58.49987971018943, 0.7926587269161688, 0.7662960324530499
-10.9055877917502, 58.44566528615692, 0.7926587269161688, 0.7662960324530499
-10.89377015163788, 58.39144961164846, 0.7926587269161688, 0.7662960324530499
-10.881957388779899, 58.33723271665501, 0.7926587269161688, 0.7662960324530499
-10.870149379874066, 58.283014631167546, 0.7926587269161688, 0.7662960324530499
-10.858346001618195, 58.22879538517708, 0.7926587269161688, 0.7662960324530499
-10.846547130710087, 58.17457500867457, 0.7926587269161688, 0.7662960324530499
-10.83475264384756, 58.12035353165102, 0.7926587269161688, 0.7662960324530499
-10.822962417728412, 58.06613098409737, 0.7926587269161688, 0.7662960324530499
-10.811176329050456, 58.01190739600463, 0.7926587269161688, 0.7662960324530499
-10.799394254511496, 57.95768279736377, 0.7926587269161688, 0.7662960324530499
-10.787616070809348, 57.90345721816579, 0.7926587269161688, 0.7662960324530499
-10.775841654641816, 57.84923068840167, 0.7926587269161688, 0.7662960324530499
-10.764070882706706, 57.79500323806237, 0.7926587269161688, 0.7662960324530499
-10.75230363170183, 57.740774897138884, 0.7926587269161688, 0.7662960324530499
-10.740539778324997, 57.68654569562222, 0.7926587269161688, 0.7662960324530499
-10.728779199274008, 57.63231566350329, 0.7926587269161688, 0.7662960324530499
-10.717021771246678, 57.57808483077314, 0.7926587269161688, 0.7662960324530499
-10.705267370940815, 57.52385322742273, 0.7926587269161688, 0.7662960324530499
-10.693515875054226, 57.469620883443056, 0.7926587269161688, 0.7662960324530499
-10.681767160284718, 57.415387828825075, 0.7926587269161688, 0.7662960324530499
-10.670021103330098, 57.36115409355977, 0.7926587269161688, 0.7662960324530499
-10.658277580888182, 57.306919707638144, 0.7926587269161688, 0.7662960324530499
-10.646536469656768, 57.25268470105115, 0.7926587269161688, 0.7662960324530499
-10.634797646333674, 57.19844910378982, 0.7926587269161688, 0.7662960324530499
-10.623060987616697, 57.14421294584508, 0.7926587269161688, 0.7662960324530499
-10.611326370203656, 57.089976257207944, 0.7926587269161688, 0.7662960324530499
-10.59959367079235, 57.03573906786938, 0.7926587269161688, 0.7662960324530499
-10.587862766080594, 56.98150140782036, 0.7926587269161688, 0.7662960324530499
-10.576133532766193, 56.92726330705188, 0.7926587269161688, 0.7662960324530499
-10.56440584754696, 56.87302479555493, 0.7926587269161688, 0.7662960324530499
-10.552679587120698, 56.818785903320496, 0.7926587269161688, 0.7662960324530499
-10.540954628185215, 56.76454666033952, 0.7926587269161688, 0.7662960324530499
-10.529230847438322, 56.71030709660302, 0.7926587269161688, 0.7662960324530499
-10.517508121577825, 56.656067242101955, 0.7926587269161688, 0.7662960324530499
-10.505786327301534, 56.601827126827324, 0.7926587269161688, 0.7662960324530499
-10.494065341307259, 56.54758678077012, 0.7926587269161688, 0.7662960324530499
-10.482345040292806, 56.4933462339213, 0.7926587269161688, 0.7662960324530499
-10.470625300955982, 56.439105516271844, 0.7926587269161688, 0.7662960324530499
-10.458905999994595, 56.38486465781274, 0.7926587269161688, 0.7662960324530499
-10.447187014106456, 56.33062368853498, 0.7926587269161688, 0.7662960324530499
-10.435468219989373, 56.27638263842954, 0.7926587269161688, 0.7662960324530499
-10.42374949434115, 56.22214153748739, 0.7926587269161688, 0.7662960324530499
-10.412030713859602, 56.167900415699535, 0.7926587269161688, 0.7662960324530499
-10.400311755242535, 56.11365930305695, 0.7926587269161688, 0.7662960324530499
-10.388592495187751, 56.05941822955058, 0.7926587269161688, 0.7662960324530499
-10.376872810393067, 56.005177225171465, 0.7926587269161688, 0.7662960324530499
-10.365152577556284, 55.95093631991052, 0.7926587269161688, 0.7662960324530499
-10.353431673375216, 55.8966955437588, 0.7926587269161688, 0.7662960324530499
-10.341709974547665, 55.84245492670724, 0.7926587269161688, 0.7662960324530499
-10.329987357771449, 55.788214498746825, 0.7926587269161688, 0.7662960324530499
-10.318263699744367, 55.73397428986857, 0.7926587269161688, 0.7662960324530499
-10.306538877164229, 55.679734330063404, 0.7926587269161688, 0.7662960324530499
-10.29481276672885, 55.625494649322356, 0.7926587269161688, 0.7662960324530499
-10.283085245136029, 55.57125527763637, 0.7926587269161688, 0.7662960324530499
-10.27135618908358, 55.51701624499645, 0.7926587269161688, 0.7662960324530499
-10.259625475269305, 55.46277758139357, 0.7926587269161688, 0.7662960324530499
-10.247892980391022, 55.40853931681872, 0.7926587269161688, 0.7662960324530499
-10.236158581146535, 55.35430148126288, 0.7926587269161688, 0.7662960324530499
-10.224422154233647, 55.300064104717016, 0.7926587269161688, 0.7662960324530499
-10.212683576350171, 55.24582721717213, 0.7926587269161688, 0.7662960324530499
-10.200942724193915, 55.19159084861918, 0.7926587269161688, 0.7662960324530499
-10.189199474462688, 55.137355029049175, 0.7926587269161688, 0.7662960324530499
-10.177453703854296, 55.083119788453075, 0.7926587269161688, 0.7662960324530499
-10.16570528906655, 55.02888515682188, 0.7926587269161688, 0.7662960324530499
-10.153954106797256, 54.97465116414654, 0.7926587269161688, 0.7662960324530499
-10.142200033744222, 54.92041784041809, 0.7926587269161688, 0.7662960324530499
-10.13044294660526, 54.866185215627475, 0.7926587269161688, 0.7662960324530499
-10.118682722078173, 54.81195331976568, 0.7926587269161688, 0.7662960324530499
-10.106919236860769, 54.757722182823656, 0.7926587269161688, 0.7662960324530499
-10.095152367650865, 54.70349183479245, 0.7926587269161688, 0.7662960324530499
-10.083381991146258, 54.64926230566301, 0.7926587269161688, 0.7662960324530499
-10.071607984044762, 54.59503362542631, 0.7926587269161688, 0.7662960324530499
-10.059830223044186, 54.54080582407334, 0.7926587269161688, 0.7662960324530499
-10.048048584842334, 54.48657893159507, 0.7926587269161688, 0.7662960324530499
-10.036262946137022, 54.43235297798252, 0.7926587269161688, 0.7662960324530499
-10.02447318362605, 54.37812799322663, 0.7926587269161688, 0.7662960324530499
-10.012679174007229, 54.32390400731839, 0.7926587269161688, 0.7662960324530499
-10.00088079397837, 54.2696810502488, 0.7926587269161688, 0.7662960324530499
-9.989077920237275, 54.21545915200882, 0.7926587269161688, 0.7662960324530499
-9.97727042948176, 54.16123834258944, 0.7926587269161688, 0.7662960324530499
-9.965458198409628, 54.107018651981655, 0.7926587269161688, 0.7662960324530499
-9.95364110371869, 54.05280011017644, 0.7926587269161688, 0.7662960324530499
-9.94181902210675, 53.998582747164754, 0.7926587269161688, 0.7662960324530499
-9.929991830271621, 53.94436659293759, 0.7926587269161688, 0.7662960324530499
-9.918159404911112, 53.89015167748596, 0.7926587269161688, 0.7662960324530499
-9.906321622723025, 53.83593803080081, 0.7926587269161688, 0.7662960324530499
-9.894478360405172, 53.78172568287312, 0.7926587269161688, 0.7662960324530499
-9.882629494655363, 53.72751466369391, 0.7926587269161688, 0.7662960324530499
-9.870774902171403, 53.67330500325412, 0.7926587269161688, 0.7662960324530499
-9.858914459651103, 53.619096731544744, 0.7926587269161688, 0.7662960324530499
-9.847048043792267, 53.56488987855677, 0.7926587269161688, 0.7662960324530499
-9.835175531292707, 53.51068447428117, 0.7926587269161688, 0.7662960324530499
-9.82329679885023, 53.45648054870894, 0.7926587269161688, 0.7662960324530499
-9.811411723162648, 53.40227813183107, 0.7926587269161688, 0.7662960324530499
-9.799520180927763, 53.3480772536385, 0.7926587269161688, 0.7662960324530499
-9.787622048843389, 53.29387794412225, 0.7926587269161688, 0.7662960324530499
-9.775717203607325, 53.239680233273276, 0.7926587269161688, 0.7662960324530499
-9.76380552191739, 53.18548415108258, 0.7926587269161688, 0.7662960324530499
-9.751886880471389, 53.13128972754116, 0.7926587269161688, 0.7662960324530499
-9.739961155967125, 53.07709699263993, 0.7926587269161688, 0.7662960324530499
-9.72802822510241, 53.02290597636994, 0.7926587269161688, 0.7662960324530499
-9.716087964575056, 52.96871670872215, 0.7926587269161688, 0.7662960324530499
-9.704140251082865, 52.91452921968752, 0.7926587269161688, 0.7662960324530499
-9.69218496132365, 52.860343539257066, 0.7926587269161688, 0.7662960324530499
-9.680221971995213, 52.80615969742175, 0.7926587269161688, 0.7662960324530499
-9.668251159795371, 52.75197772417257, 0.7926587269161688, 0.7662960324530499
-9.656272401421923, 52.697797649500465, 0.7926587269161688, 0.7662960324530499
-9.644285575795015, 52.64361950286137, 0.7926587269161688, 0.7662960324530499
-9.632290642151773, 52.58944329437199, 0.7926587269161688, 0.7662960324530499
-9.620287660678951, 52.535269009841976, 0.7926587269161688, 0.7662960324530499
-9.608276697979885, 52.481096633535884, 0.7926587269161688, 0.7662960324530499
-9.596257820657922, 52.42692614971833, 0.7926587269161688, 0.7662960324530499
-9.584231095316403, 52.37275754265388, 0.7926587269161688, 0.7662960324530499
-9.572196588558665, 52.31859079660714, 0.7926587269161688, 0.7662960324530499
-9.560154366988053, 52.26442589584266, 0.7926587269161688, 0.7662960324530499
-9.548104497207914, 52.21026282462509, 0.7926587269161688, 0.7662960324530499
-9.536047045821581, 52.156101567218954, 0.7926587269161688, 0.7662960324530499
-9.523982079432404, 52.101942107888895, 0.7926587269161688, 0.7662960324530499
-9.511909664643722, 52.04778443089948, 0.7926587269161688, 0.7662960324530499
-9.499829868058875, 51.993628520515294, 0.7926587269161688, 0.7662960324530499
-9.487742756281209, 51.93947436100093, 0.7926587269161688, 0.7662960324530499
-9.475648395914057, 51.88532193662096, 0.7926587269161688, 0.7662960324530499
-9.463546853560773, 51.83117123164001, 0.7926587269161688, 0.7662960324530499
-9.451438195824693, 51.77702223032263, 0.7926587269161688, 0.7662960324530499
-9.43932248930916, 51.722874916933435, 0.7926587269161688, 0.7662960324530499
-9.42719980061751, 51.668729275736986, 0.7926587269161688, 0.7662960324530499
-9.415070196353092, 51.614585290997894, 0.7926587269161688, 0.7662960324530499
-9.402933743119247, 51.56044294698074, 0.7926587269161688, 0.7662960324530499
-9.390790507519316, 51.50630222795013, 0.7926587269161688, 0.7662960324530499
-9.378640556156641, 51.45216311817063, 0.7926587269161688, 0.7662960324530499
-9.366483955634564, 51.398025601906824, 0.7926587269161688, 0.7662960324530499
-9.354320772556425, 51.343889663423326, 0.7926587269161688, 0.7662960324530499
-9.342151073525573, 51.2897552869847, 0.7926587269161688, 0.7662960324530499
-9.32997492514534, 51.23562245685555, 0.7926587269161688, 0.7662960324530499
-9.317792394019078, 51.18149115730048, 0.7926587269161688, 0.7662960324530499
-9.305603546750117, 51.12736137258402, 0.7926587269161688, 0.7662960324530499
-9.293408449941811, 51.07323308697082, 0.7926587269161688, 0.7662960324530499
-9.281207170197495, 51.01910628472546, 0.7926587269161688, 0.7662960324530499
-9.268999774120509, 50.96498095011248, 0.7926587269161688, 0.7662960324530499
-9.256786328314204, 50.91085706739653, 0.7926587269161688, 0.7662960324530499
-9.244566899381912, 50.85673462084215, 0.7926587269161688, 0.7662960324530499
-9.232341553926984, 50.80261359471397, 0.7926587269161688, 0.7662960324530499
-9.220110358552756, 50.74849397327656, 0.7926587269161688, 0.7662960324530499
-9.20787337986257, 50.69437574079448, 0.7926587269161688, 0.7662960324530499
-9.195630684459768, 50.64025888153237, 0.7926587269161688, 0.7662960324530499
-9.183382338947697, 50.58614337975478, 0.7926587269161688, 0.7662960324530499
-9.171128409929693, 50.53202921972632, 0.7926587269161688, 0.7662960324530499
-9.1588689640091, 50.47791638571156, 0.7926587269161688, 0.7662960324530499
-9.146604067789262, 50.423804861975114, 0.7926587269161688, 0.7662960324530499
-9.134333787873516, 50.369694632781545, 0.7926587269161688, 0.7662960324530499
-9.12205819086521, 50.31558568239546, 0.7926587269161688, 0.7662960324530499
-9.109777343367682, 50.26147799508144, 0.7926587269161688, 0.7662960324530499
-9.097491311984275, 50.20737155510407, 0.7926587269161688, 0.7662960324530499
-9.085200163318333, 50.15326634672796, 0.7926587269161688, 0.7662960324530499
-9.072903963973193, 50.09916235421765, 0.7926587269161688, 0.7662960324530499
-9.060602780552198, 50.045059561837775, 0.7926587269161688, 0.7662960324530499
-9.048296679658696, 49.99095795385292, 0.7926587269161688, 0.7662960324530499
-9.035985727896024, 49.936857514527645, 0.7926587269161688, 0.7662960324530499
-9.023669991867525, 49.88275822812657, 0.7926587269161688, 0.7662960324530499
-9.01134953817654, 49.82866007891426, 0.7926587269161688, 0.7662960324530499
-8.999024433426412, 49.77456305115531, 0.7926587269161688, 0.7662960324530499
-8.986694744220483, 49.72046712911431, 0.7926587269161688, 0.7662960324530499
-8.97436053716209, 49.666372297055844, 0.7926587269161688, 0.7662960324530499
-8.962021878854586, 49.61227853924452, 0.7926587269161688, 0.7662960324530499
-8.949678835901304, 49.55818583994492, 0.7926587269161688, 0.7662960324530499
-8.937331474905587, 49.50409418342161, 0.7926587269161688, 0.7662960324530499
-8.92497986247078, 49.4500035539392, 0.7926587269161688, 0.7662960324530499
-8.912624065200218, 49.395913935762245, 0.7926587269161688, 0.7662960324530499
-8.900264149697255, 49.34182531315539, 0.7926587269161688, 0.7662960324530499
-8.887900182565225, 49.28773767038319, 0.7926587269161688, 0.7662960324530499
-8.87553223040747, 49.23365099171024, 0.7926587269161688, 0.7662960324530499
-8.863160359827333, 49.17956526140112, 0.7926587269161688, 0.7662960324530499
-8.850784637428157, 49.125480463720436, 0.7926587269161688, 0.7662960324530499
-8.838405129813282, 49.07139658293275, 0.7926587269161688, 0.7662960324530499
-8.826021903586053, 49.01731360330267, 0.7926587269161688, 0.7662960324530499
-8.813635025349809, 48.9632315090948, 0.7926587269161688, 0.7662960324530499
-8.801244561707891, 48.909150284573684, 0.7926587269161688, 0.7662960324530499
-8.788850579263643, 48.85506991400395, 0.7926587269161688, 0.7662960324530499
-8.77645314462041, 48.800990381650166, 0.7926587269161688, 0.7662960324530499
-8.76405232438153, 48.74691167177692, 0.7926587269161688, 0.7662960324530499
-8.751648185150346, 48.692833768648825, 0.7926587269161688, 0.7662960324530499
-8.739240793530195, 48.63875665653043, 0.7926587269161688, 0.7662960324530499
-8.726830216124428, 48.58468031968638, 0.7926587269161688, 0.7662960324530499
-8.71441651953638, 48.53060474238119, 0.7926587269161688, 0.7662960324530499
-8.7019997703694, 48.47652990887951, 0.7926587269161688, 0.7662960324530499
-8.689580035226824, 48.42245580344591, 0.7926587269161688, 0.7662960324530499
-8.677157380711991, 48.36838241034496, 0.7926587269161688, 0.7662960324530499
-8.664731873428252, 48.314309713841276, 0.7926587269161688, 0.7662960324530499
-8.652303579978943, 48.260237698199425, 0.7926587269161688, 0.7662960324530499
-8.639872566967407, 48.206166347684004, 0.7926587269161688, 0.7662960324530499
-8.627438900996987, 48.1520956465596, 0.7926587269161688, 0.7662960324530499
-8.615002648671025, 48.098025579090816, 0.7926587269161688, 0.7662960324530499
-8.602563876592862, 48.043956129542224, 0.7926587269161688, 0.7662960324530499
-8.590122651365837, 47.9898872821784, 0.7926587269161688, 0.7662960324530499
-8.5776790395933, 47.935819021263974, 0.7926587269161688, 0.7662960324530499
-8.565233107878583, 47.88175133106349, 0.7926587269161688, 0.7662960324530499
-8.552784922825035, 47.82768419584157, 0.7926587269161688, 0.7662960324530499
-8.540334551035999, 47.773617599862774, 0.7926587269161688, 0.7662960324530499
-8.52788205911481, 47.71955152739172, 0.7926587269161688, 0.7662960324530499
-8.51542751366482, 47.66548596269298, 0.7926587269161688, 0.7662960324530499
-8.502970981289357, 47.61142089003114, 0.7926587269161688, 0.7662960324530499
-8.490512528591772, 47.55735629367079, 0.7926587269161688, 0.7662960324530499
-8.478052222175409, 47.50329215787653, 0.7926587269161688, 0.7662960324530499
-8.465590128643605, 47.449228466912935, 0.7926587269161688, 0.7662960324530499
-8.453126314599707, 47.39516520504461, 0.7926587269161688, 0.7662960324530499
-8.44066084664705, 47.34110235653611, 0.7926587269161688, 0.7662960324530499
-8.42819379138898, 47.287039905652065, 0.7926587269161688, 0.7662960324530499
-8.41572521542884, 47.232977836657035, 0.7926587269161688, 0.7662960324530499
-8.403255185369968, 47.17891613381562, 0.7926587269161688, 0.7662960324530499
-8.39078376781571, 47.12485478139241, 0.7926587269161688, 0.7662960324530499
-8.378311029369407, 47.070793763651984, 0.7926587269161688, 0.7662960324530499
-8.365837036634401, 47.01673306485894, 0.7926587269161688, 0.7662960324530499
-8.353361856214033, 46.962672669277865, 0.7926587269161688, 0.7662960324530499
-8.340885554711642, 46.90861256117334, 0.7926587269161688, 0.7662960324530499
-8.328408198730576, 46.85455272480996, 0.7926587269161688, 0.7662960324530499
-8.315929854874174, 46.80049314445233, 0.7926587269161688, 0.7662960324530499
-8.303450589745777, 46.746433804365005, 0.7926587269161688, 0.7662960324530499
-8.29097046994873, 46.6923746888126, 0.7926587269161688, 0.7662960324530499
-8.27848956208637, 46.63831578205967, 0.7926587269161688, 0.7662960324530499
-8.266007932762045, 46.58425706837085, 0.7926587269161688, 0.7662960324530499
-8.253525648579094, 46.530198532010694, 0.7926587269161688, 0.7662960324530499
-8.241042776140858, 46.47614015724381, 0.7926587269161688, 0.7662960324530499
-8.22855938205068, 46.42208192833478, 0.7926587269161688, 0.7662960324530499
-8.216075532911905, 46.3680238295482, 0.7926587269161688, 0.7662960324530499
-8.203591295327866, 46.31396584514864, 0.7926587269161688, 0.7662960324530499
-8.191106735901913, 46.259907959400685, 0.7926587269161688, 0.7662960324530499
-8.178621921237387, 46.20585015656894, 0.7926587269161688, 0.7662960324530499
-8.166136917937628, 46.15179242091801, 0.7926587269161688, 0.7662960324530499
-8.153651792605977, 46.09773473671245, 0.7926587269161688, 0.7662960324530499
-8.14116661184578, 46.04367708821686, 0.7926587269161688, 0.7662960324530499
-8.128681442260373, 45.989619459695824, 0.7926587269161688, 0.7662960324530499
-8.116196350453105, 45.935561835413964, 0.7926587269161688, 0.7662960324530499
-8.103711403027313, 45.88150419963583, 0.7926587269161688, 0.7662960324530499
-8.09122666658634, 45.82744653662602, 0.7926587269161688, 0.7662960324530499
-8.07874220773353, 45.773388830649125, 0.7926587269161688, 0.7662960324530499
-8.066258093072223, 45.71933106596974, 0.7926587269161688, 0.7662960324530499
-8.053774389205762, 45.665273226852435, 0.7926587269161688, 0.7662960324530499
-8.041291162737485, 45.61121529756182, 0.7926587269161688, 0.7662960324530499
-8.028808480270738, 45.55715726236248, 0.7926587269161688, 0.7662960324530499
-8.016326408408863, 45.503099105518984, 0.7926587269161688, 0.7662960324530499
-8.003845013755205, 45.44904081129596, 0.7926587269161688, 0.7662960324530499
-7.991364362913096, 45.39498236395794, 0.7926587269161688, 0.7662960324530499
-7.978884522485885, 45.34092374776955, 0.7926587269161688, 0.7662960324530499
-7.966405559076915, 45.286864946995394, 0.7926587269161688, 0.7662960324530499
-7.953927539289524, 45.23280594590002, 0.7926587269161688, 0.7662960324530499
-7.941450529727058, 45.178746728748045, 0.7926587269161688, 0.7662960324530499
-7.928974596992856, 45.12468727980405, 0.7926587269161688, 0.7662960324530499
-7.916499807690259, 45.0706275833326, 0.7926587269161688, 0.7662960324530499
-7.904026228422614, 45.016567623598334, 0.7926587269161688, 0.7662960324530499
-7.891553925793256, 44.96250738486579, 0.7926587269161688, 0.7662960324530499
-7.879082966405534, 44.90844685139959, 0.7926587269161688, 0.7662960324530499
-7.866613416862784, 44.854386007464306, 0.7926587269161688, 0.7662960324530499
-7.854145343768352, 44.80032483732454, 0.7926587269161688, 0.7662960324530499
-7.841678813725578, 44.746263325244854, 0.7926587269161688, 0.7662960324530499
-7.829213893337805, 44.692201455489865, 0.7926587269161688, 0.7662960324530499
-7.816750649208373, 44.63813921232416, 0.7926587269161688, 0.7662960324530499
-7.804289147940628, 44.584076580012315, 0.7926587269161688, 0.7662960324530499
-7.791829456137908, 44.53001354281892, 0.7926587269161688, 0.7662960324530499
-7.779371640403556, 44.475950085008556, 0.7926587269161688, 0.7662960324530499
-7.766915767340913, 44.421886190845825, 0.7926587269161688, 0.7662960324530499
-7.7544619035533255, 44.367821844595326, 0.7926587269161688, 0.7662960324530499
-7.742010115644128, 44.313757030521614, 0.7926587269161688, 0.7662960324530499
-7.7295604702166685, 44.25969173288931, 0.7926587269161688, 0.7662960324530499
-7.717113033874287, 44.20562593596297, 0.7926587269161688, 0.7662960324530499
-7.704667873220329, 44.151559624007234, 0.7926587269161688, 0.7662960324530499
-7.692225054858127, 44.09749278128663, 0.7926587269161688, 0.7662960324530499
-7.679784645391031, 44.04342539206579, 0.7926587269161688, 0.7662960324530499
-7.667346711422383, 43.9893574406093, 0.7926587269161688, 0.7662960324530499
-7.65491131955552, 43.9352889111817, 0.7926587269161688, 0.7662960324530499
-7.6424785363937895, 43.881219788047645, 0.7926587269161688, 0.7662960324530499
-7.630048428540529, 43.827150055471684, 0.7926587269161688, 0.7662960324530499
-7.617621062599082, 43.77307969771842, 0.7926587269161688, 0.7662960324530499
-7.6051965051727946, 43.71900869905244, 0.7926587269161688, 0.7662960324530499
-7.592774822864997, 43.664937043738306, 0.7926587269161688, 0.7662960324530499
-7.580356082279046, 43.61086471604065, 0.7926587269161688, 0.7662960324530499
-7.567940350018273, 43.55679170022403, 0.7926587269161688, 0.7662960324530499
-7.5555276926860255, 43.50271798055306, 0.7926587269161688, 0.7662960324530499
-7.543118176885643, 43.448643541292306, 0.7926587269161688, 0.7662960324530499
-7.530711869220466, 43.39456836670636, 0.7926587269161688, 0.7662960324530499
-7.518308836293839, 43.34049244105981, 0.7926587269161688, 0.7662960324530499
-7.505909144709104, 43.28641574861725, 0.7926587269161688, 0.7662960324530499
-7.493512861069604, 43.23233827364328, 0.7926587269161688, 0.7662960324530499
-7.481120051978677, 43.17826000040246, 0.7926587269161688, 0.7662960324530499
-7.468730784039666, 43.1241809131594, 0.7926587269161688, 0.7662960324530499
-7.456345123855917, 43.07010099617869, 0.7926587269161688, 0.7662960324530499
-7.443963138030767, 43.0160202337249, 0.7926587269161688, 0.7662960324530499
-7.431584893167561, 42.961938610062646, 0.7926587269161688, 0.7662960324530499
-7.419210455869641, 42.90785610945649, 0.7926587269161688, 0.7662960324530499
-7.406839892740346, 42.85377271617103, 0.7926587269161688, 0.7662960324530499
-7.394473270383021, 42.799688414470864, 0.7926587269161688, 0.7662960324530499
-7.382110655401006, 42.74560318862058, 0.7926587269161688, 0.7662960324530499
-7.369752114397647, 42.691517022884746, 0.7926587269161688, 0.7662960324530499
-7.357397713976278, 42.63742990152796, 0.7926587269161688, 0.7662960324530499
-7.34504752074025, 42.58334180881482, 0.7926587269161688, 0.7662960324530499
-7.3327016012928965, 42.5292527290099, 0.7926587269161688, 0.7662960324530499
-7.320360022237566, 42.47516264637781, 0.7926587269161688, 0.7662960324530499
-7.3080228501776, 42.421071545183125, 0.7926587269161688, 0.7662960324530499
-7.295690151716334, 42.36697940969043, 0.7926587269161688, 0.7662960324530499
-7.2833619934571185, 42.31288622416432, 0.7926587269161688, 0.7662960324530499
-7.271038442003288, 42.25879197286937, 0.7926587269161688, 0.7662960324530499
-7.258719563958189, 42.204696640070196, 0.7926587269161688, 0.7662960324530499
-7.246405425925165, 42.150600210031364, 0.7926587269161688, 0.7662960324530499
-7.234096094507551, 42.09650266701746, 0.7926587269161688, 0.7662960324530499
-7.221791636308698, 42.0424039952931, 0.7926587269161688, 0.7662960324530499
-7.209492117931941, 41.98830417912285, 0.7926587269161688, 0.7662960324530499
-7.197197605980623, 41.93420320277129, 0.7926587269161688, 0.7662960324530499
-7.184908167058088, 41.88010105050302, 0.7926587269161688, 0.7662960324530499
-7.172623867767676, 41.82599770658264, 0.7926587269161688, 0.7662960324530499
-7.160344774712733, 41.77189315527474, 0.7926587269161688, 0.7662960324530499
-7.148070954496597, 41.71778738084389, 0.7926587269161688, 0.7662960324530499
-7.135802473722611, 41.66368036755468, 0.7926587269161688, 0.7662960324530499
-7.123539398994114, 41.609572099671695, 0.7926587269161688, 0.7662960324530499
-7.111281796914454, 41.55546256145954, 0.7926587269161688, 0.7662960324530499
-7.0990297340869715, 41.501351737182816, 0.7926587269161688, 0.7662960324530499
-7.0867832771150026, 41.44723961110607, 0.7926587269161688, 0.7662960324530499
-7.074542492601895, 41.39312616749392, 0.7926587269161688, 0.7662960324530499
-7.062307447150991, 41.339011390610935, 0.7926587269161688, 0.7662960324530499
-7.050078207365628, 41.28489526472173, 0.7926587269161688, 0.7662960324530499
-7.037854839849151, 41.23077777409087, 0.7926587269161688, 0.7662960324530499
-7.025637411204903, 41.176658902982965, 0.7926587269161688, 0.7662960324530499
-7.013425988036223, 41.12253863566258, 0.7926587269161688, 0.7662960324530499
-7.0012206369464565, 41.068416956394316, 0.7926587269161688, 0.7662960324530499
-6.989021424538942, 41.014293849442765, 0.7926587269161688, 0.7662960324530499
-6.976828417417021, 40.960169299072504, 0.7926587269161688, 0.7662960324530499
-6.964641682184039, 40.90604328954813, 0.7926587269161688, 0.7662960324530499
-6.952461285443339, 40.85191580513423, 0.7926587269161688, 0.7662960324530499
-6.940287293798258, 40.797786830095404, 0.7926587269161688, 0.7662960324530499
-6.92811977385214, 40.74365634869622, 0.7926587269161688, 0.7662960324530499
-6.915958792208326, 40.689524345201264, 0.7926587269161688, 0.7662960324530499
-6.9038044154701605, 40.635390803875154, 0.7926587269161688, 0.7662960324530499
-6.891656710240985, 40.581255708982454, 0.7926587269161688, 0.7662960324530499
-6.87951574312414, 40.52711904478775, 0.7926587269161688, 0.7662960324530499
-6.8673815807229674, 40.47298079555566, 0.7926587269161688, 0.7662960324530499
-6.8552542896408095, 40.418840945550734, 0.7926587269161688, 0.7662960324530499
-6.84313393648101, 40.3646994790376, 0.7926587269161688, 0.7662960324530499
-6.831020587846908, 40.3105563802808, 0.7926587269161688, 0.7662960324530499
-6.818914310341847, 40.25641163354496, 0.7926587269161688, 0.7662960324530499
-6.80681517056917, 40.20226522309466, 0.7926587269161688, 0.7662960324530499
-6.794723235132215, 40.148117133194475, 0.7926587269161688, 0.7662960324530499
-6.782638570634328, 40.09396734810901, 0.7926587269161688, 0.7662960324530499
-6.77056124367885, 40.03981585210285, 0.7926587269161688, 0.7662960324530499
-6.758491320869123, 39.98566262944058, 0.7926587269161688, 0.7662960324530499
-6.746428868808489, 39.93150766438679, 0.7926587269161688, 0.7662960324530499
-6.734373954100287, 39.87735094120606, 0.7926587269161688, 0.7662960324530499
-6.722326643347865, 39.823192444163, 0.7926587269161688, 0.7662960324530499
-6.7102870031545585, 39.769032157522176, 0.7926587269161688, 0.7662960324530499
-6.6982551001237125, 39.714870065548176, 0.7926587269161688, 0.7662960324530499
-6.686231000858671, 39.66070615250562, 0.7926587269161688, 0.7662960324530499
-6.674214771962773, 39.606540402659064, 0.7926587269161688, 0.7662960324530499
-6.662206480039361, 39.552372800273105, 0.7926587269161688, 0.7662960324530499
-6.650206191691775, 39.49820332961233, 0.7926587269161688, 0.7662960324530499
-6.638213973523362, 39.44403197494134, 0.7926587269161688, 0.7662960324530499
-6.626229892137461, 39.389858720524714, 0.7926587269161688, 0.7662960324530499
-6.614254013592812, 39.33568355074968, 0.7926587269161688, 0.7662960324530499
-6.602286273849245, 39.28150647930156, 0.7926587269161688, 0.7662960324530499
-6.59032631105464, 39.22732758693247, 0.7926587269161688, 0.7662960324530499
-6.57837372186525, 39.17314696373838, 0.7926587269161688, 0.7662960324530499
-6.566428102937323, 39.118964699815294, 0.7926587269161688, 0.7662960324530499
-6.554489050927105, 39.06478088525913, 0.7926587269161688, 0.7662960324530499
-6.542556162490848, 39.01059561016593, 0.7926587269161688, 0.7662960324530499
-6.530629034284798, 38.95640896463162, 0.7926587269161688, 0.7662960324530499
-6.518707262965205, 38.902221038752195, 0.7926587269161688, 0.7662960324530499
-6.506790445188316, 38.84803192262363, 0.7926587269161688, 0.7662960324530499
-6.494878177610381, 38.79384170634191, 0.7926587269161688, 0.7662960324530499
-6.482970056887648, 38.73965048000297, 0.7926587269161688, 0.7662960324530499
-6.471065679676365, 38.68545833370283, 0.7926587269161688, 0.7662960324530499
-6.459164642632782, 38.63126535753745, 0.7926587269161688, 0.7662960324530499
-6.447266542413147, 38.57707164160279, 0.7926587269161688, 0.7662960324530499
-6.435370975673709, 38.522877275994865, 0.7926587269161688, 0.7662960324530499
-6.423477539070713, 38.468682350809594, 0.7926587269161688, 0.7662960324530499
-6.411585829260411, 38.414486956142994, 0.7926587269161688, 0.7662960324530499
-6.399695442899052, 38.36029118209103, 0.7926587269161688, 0.7662960324530499
-6.387805976642883, 38.30609511874969, 0.7926587269161688, 0.7662960324530499
-6.375917027148153, 38.25189885621492, 0.7926587269161688, 0.7662960324530499
-6.364028191071111, 38.197702484582706, 0.7926587269161688, 0.7662960324530499
-6.352139065068003, 38.14350609394903, 0.7926587269161688, 0.7662960324530499
-6.340249245795082, 38.08930977440987, 0.7926587269161688, 0.7662960324530499
-6.328358329908593, 38.03511361606119, 0.7926587269161688, 0.7662960324530499
-6.3164659140647865, 37.98091770899899, 0.7926587269161688, 0.7662960324530499
-6.304571594919909, 37.926722143319196, 0.7926587269161688, 0.7662960324530499
-6.2926749691302115, 37.87252700911784, 0.7926587269161688, 0.7662960324530499
-6.28077563335194, 37.81833239649086, 0.7926587269161688, 0.7662960324530499
-6.268873184241344, 37.76413839553423, 0.7926587269161688, 0.7662960324530499
-6.256967218454674, 37.70994509634396, 0.7926587269161688, 0.7662960324530499
-6.245057332648176, 37.65575258901599, 0.7926587269161688, 0.7662960324530499
-6.233143123478098, 37.60156096364629, 0.7926587269161688, 0.7662960324530499
-6.2212241876006935, 37.547370310330884, 0.7926587269161688, 0.7662960324530499
-6.209300121672205, 37.4931807191657, 0.7926587269161688, 0.7662960324530499
-6.197370522348884, 37.43899228024674, 0.7926587269161688, 0.7662960324530499
-6.185434986286978, 37.38480508366995, 0.7926587269161688, 0.7662960324530499
-6.173493110142739, 37.33061921953134, 0.7926587269161688, 0.7662960324530499
-6.161544490572408, 37.27643477792685, 0.7926587269161688, 0.7662960324530499
-6.1495887242322445, 37.22225184895251, 0.7926587269161688, 0.7662960324530499
-6.137625407778486, 37.168070522704234, 0.7926587269161688, 0.7662960324530499
-6.125654137867385, 37.11389088927801, 0.7926587269161688, 0.7662960324530499
-6.113674511155195, 37.05971303876984, 0.7926587269161688, 0.7662960324530499
-6.101686124298158, 37.005537061275696, 0.7926587269161688, 0.7662960324530499
-6.089688573952527, 36.95136304689154, 0.7926587269161688, 0.7662960324530499
-6.077681456774547, 36.89719108571333, 0.7926587269161688, 0.7662960324530499
-6.065664369420467, 36.84302126783707, 0.7926587269161688, 0.7662960324530499
-6.053636908546539, 36.78885368335874, 0.7926587269161688, 0.7662960324530499
-6.041598670809006, 36.734688422374276, 0.7926587269161688, 0.7662960324530499
-6.029549252864124, 36.680525574979704, 0.7926587269161688, 0.7662960324530499
-6.017488251368134, 36.62636523127095, 0.7926587269161688, 0.7662960324530499
-6.005415262977287, 36.57220748134403, 0.7926587269161688, 0.7662960324530499
-5.993329884347837, 36.518052415294896, 0.7926587269161688, 0.7662960324530499
-5.981231712136022, 36.46390012321953, 0.7926587269161688, 0.7662960324530499
-5.969120342998102, 36.40975069521391, 0.7926587269161688, 0.7662960324530499
-5.956995373590316, 36.355604221373994, 0.7926587269161688, 0.7662960324530499
-5.94485640056892, 36.30146079179579, 0.7926587269161688, 0.7662960324530499
-5.932703020590154, 36.247320496575234, 0.7926587269161688, 0.7662960324530499
-5.920534830310275, 36.193183425808336, 0.7926587269161688, 0.7662960324530499
-5.908351426385528, 36.13904966959105, 0.7926587269161688, 0.7662960324530499
-5.89615240547216, 36.084919318019345, 0.7926587269161688, 0.7662960324530499
-5.883937364226425, 36.030792461189236, 0.7926587269161688, 0.7662960324530499
-5.8717058993045645, 35.97666918919666, 0.7926587269161688, 0.7662960324530499
-5.859457607362831, 35.92254959213759, 0.7926587269161688, 0.7662960324530499
-5.847192085057472, 35.86843376010804, 0.7926587269161688, 0.7662960324530499
-5.8349089290447385, 35.81432178320394, 0.7926587269161688, 0.7662960324530499
-5.822607735980874, 35.7602137515213, 0.7926587269161688, 0.7662960324530499
-5.810288102522132, 35.706109755156064, 0.7926587269161688, 0.7662960324530499
-5.797949625324758, 35.65200988420423, 0.7926587269161688, 0.7662960324530499
-5.785591901045001, 35.597914228761766, 0.7926587269161688, 0.7662960324530499
-5.773214526339111, 35.54382287892465, 0.7926587269161688, 0.7662960324530499
-5.760817097863337, 35.48973592478886, 0.7926587269161688, 0.7662960324530499
-5.748399212273925, 35.43565345645036, 0.7926587269161688, 0.7662960324530499
-5.735960466227126, 35.38157556400513, 0.7926587269161688, 0.7662960324530499
-5.723500456379184, 35.32750233754914, 0.7926587269161688, 0.7662960324530499
-5.711018779386352, 35.27343386717838, 0.7926587269161688, 0.7662960324530499
-5.69851503190488, 35.21937024298883, 0.7926587269161688, 0.7662960324530499
-5.685988810591012, 35.165311555076435, 0.7926587269161688, 0.7662960324530499
-5.673439712101, 35.1112578935372, 0.7926587269161688, 0.7662960324530499
-5.660867333091089, 35.057209348467076, 0.7926587269161688, 0.7662960324530499
-5.648271270217529, 35.00316600996205, 0.7926587269161688, 0.7662960324530499
-5.63565112013657, 34.949127968118106, 0.7926587269161688, 0.7662960324530499
-5.623006479504461, 34.895095313031206, 0.7926587269161688, 0.7662960324530499
-5.610336944977449, 34.84106813479734, 0.7926587269161688, 0.7662960324530499
-5.597642113211781, 34.78704652351246, 0.7926587269161688, 0.7662960324530499
-5.58492158086371, 34.73303056927256, 0.7926587269161688, 0.7662960324530499
-5.572174944589478, 34.6790203621736, 0.7926587269161688, 0.7662960324530499
-5.55940180104534, 34.62501599231157, 0.7926587269161688, 0.7662960324530499
-5.546601746887541, 34.57101754978245, 0.7926587269161688, 0.7662960324530499
-5.53377437877233, 34.51702512468219, 0.7926587269161688, 0.7662960324530499
-5.520919293355959, 34.46303880710679, 0.7926587269161688, 0.7662960324530499
-5.50803608729467, 34.4090586871522, 0.7926587269161688, 0.7662960324530499
-5.495124357244715, 34.35508485491442, 0.7926587269161688, 0.7662960324530499
-5.482183699862346, 34.30111740048943, 0.7926587269161688, 0.7662960324530499
-5.469213711803804, 34.24715641397317, 0.7926587269161688, 0.7662960324530499
-5.456213989725347, 34.193201985461656, 0.7926587269161688, 0.7662960324530499
-5.443184130283214, 34.13925420505083, 0.7926587269161688, 0.7662960324530499
-5.430123730133659, 34.08531316283669, 0.7926587269161688, 0.7662960324530499
-5.41703238593293, 34.0313789489152, 0.7926587269161688, 0.7662960324530499
-5.403909694337274, 33.97745165338233, 0.7926587269161688, 0.7662960324530499
-5.390755252002942, 33.92353136633407, 0.7926587269161688, 0.7662960324530499
-5.3775686555861775, 33.86961817786637, 0.7926587269161688, 0.7662960324530499
-5.364349501743236, 33.815712178075245, 0.7926587269161688, 0.7662960324530499
-5.351097387130361, 33.76181345705663, 0.7926587269161688, 0.7662960324530499
-5.337811908403802, 33.70792210490654, 0.7926587269161688, 0.7662960324530499
-5.324492662219811, 33.654038211720916, 0.7926587269161688, 0.7662960324530499
-5.311139245234631, 33.600161867595745, 0.7926587269161688, 0.7662960324530499
-5.297751254104513, 33.546293162627, 0.7926587269161688, 0.7662960324530499
-5.2843282854857065, 33.49243218691066, 0.7926587269161688, 0.7662960324530499
-5.270869936034462, 33.43857903054271, 0.7926587269161688, 0.7662960324530499
-5.257376499955864, 33.38473365523385, 0.7926587269161688, 0.7662960324530499
-5.243852398727881, 33.330895263062, 0.7926587269161688, 0.7662960324530499
-5.230303566241844, 33.27706277774238, 0.7926587269161688, 0.7662960324530499
-5.216735938670838, 33.223235122570216, 0.7926587269161688, 0.7662960324530499
-5.203155452187953, 33.169411220840786, 0.7926587269161688, 0.7662960324530499
-5.189568042966274, 33.11558999584933, 0.7926587269161688, 0.7662960324530499
-5.17597964717889, 33.06177037089109, 0.7926587269161688, 0.7662960324530499
-5.162396200998891, 33.007951269261326, 0.7926587269161688, 0.7662960324530499
-5.1488236405993595, 32.9541316142553, 0.7926587269161688, 0.7662960324530499
-5.1352679021533865, 32.90031032916825, 0.7926587269161688, 0.7662960324530499
-5.121734921834058, 32.84648633729541, 0.7926587269161688, 0.7662960324530499
-5.108230635814461, 32.79265856193206, 0.7926587269161688, 0.7662960324530499
-5.094760980267686, 32.73882592637345, 0.7926587269161688, 0.7662960324530499
-5.0813318913668155, 32.6849873539148, 0.7926587269161688, 0.7662960324530499
-5.067949305284943, 32.6311417678514, 0.7926587269161688, 0.7662960324530499
-5.054619158195149, 32.577288091478465, 0.7926587269161688, 0.7662960324530499
-5.041347386270528, 32.52342524809128, 0.7926587269161688, 0.7662960324530499
-5.028139925684161, 32.46955216098506, 0.7926587269161688, 0.7662960324530499
-5.015002712609139, 32.415667753455075, 0.7926587269161688, 0.7662960324530499
-5.001941683218551, 32.36177094879659, 0.7926587269161688, 0.7662960324530499
-4.98896277368548, 32.307860670304834, 0.7926587269161688, 0.7662960324530499
-4.976071920183018, 32.253935841275066, 0.7926587269161688, 0.7662960324530499
-4.963275058884249, 32.199995385002524, 0.7926587269161688, 0.7662960324530499
-4.95057812596226, 32.14603822478248, 0.7926587269161688, 0.7662960324530499
-4.937987057590144, 32.09206328391017, 0.7926587269161688, 0.7662960324530499
-4.9255077899409825, 32.03806948568085, 0.7926587269161688, 0.7662960324530499
-4.913146259187865, 31.984055753389775, 0.7926587269161688, 0.7662960324530499
-4.90090840150388, 31.930021010332183, 0.7926587269161688, 0.7662960324530499
-4.888800153062115, 31.875964179803336, 0.7926587269161688, 0.7662960324530499
-4.876827450035653, 31.821884185098476, 0.7926587269161688, 0.7662960324530499
-4.864996228597587, 31.767779949512864, 0.7926587269161688, 0.7662960324530499
-4.853312424921004, 31.713650396341762, 0.7926587269161688, 0.7662960324530499
-4.8417819751789875, 31.65949444888038, 0.7926587269161688, 0.7662960324530499
-4.830410815544628, 31.605311030424, 0.7926587269161688, 0.7662960324530499
-4.819204882191012, 31.551099064267873, 0.7926587269161688, 0.7662960324530499
-4.808170111291227, 31.496857473707237, 0.7926587269161688, 0.7662960324530499
-4.79731243901836, 31.442585182037345, 0.7926587269161688, 0.7662960324530499
-4.786637801545503, 31.38828111255347, 0.7926587269161688, 0.7662960324530499
-4.776152135045735, 31.33394418855083, 0.7926587269161688, 0.7662960324530499
-4.76586137569215, 31.27957333332469, 0.7926587269161688, 0.7662960324530499
-4.755771459657833, 31.225167470170298, 0.7926587269161688, 0.7662960324530499
-4.745884969243964, 31.17072588920893, 0.7926587269161688, 0.7662960324530499
-4.736187707797062, 31.11624971574134, 0.7926587269161688, 0.7662960324530499
-4.726660242324267, 31.06174064778711, 0.7926587269161688, 0.7662960324530499
-4.717283138095879, 31.00720038355578, 0.7926587269161688, 0.7662960324530499
-4.708036960382191, 30.952630621256873, 0.7926587269161688, 0.7662960324530499
-4.698902274453505, 30.898033059099937, 0.7926587269161688, 0.7662960324530499
-4.689859645580116, 30.84340939529453, 0.7926587269161688, 0.7662960324530499
-4.680889639032318, 30.78876132805015, 0.7926587269161688, 0.7662960324530499
-4.671972820080407, 30.734090555576344, 0.7926587269161688, 0.7662960324530499
-4.663089753994685, 30.67939877608266, 0.7926587269161688, 0.7662960324530499
-4.654221006045447, 30.62468768777865, 0.7926587269161688, 0.7662960324530499
-4.645347141502988, 30.56995898887382, 0.7926587269161688, 0.7662960324530499
-4.636448725637605, 30.515214377577728, 0.7926587269161688, 0.7662960324530499
-4.627506323719594, 30.46045555209989, 0.7926587269161688, 0.7662960324530499
-4.618500501019254, 30.40568421064986, 0.7926587269161688, 0.7662960324530499
-4.609411822806882, 30.350902051437185, 0.7926587269161688, 0.7662960324530499
-4.600220854352772, 30.296110772671383, 0.7926587269161688, 0.7662960324530499
-4.5909081609272215, 30.24131207256199, 0.7926587269161688, 0.7662960324530499
-4.581454307800529, 30.186507649318553, 0.7926587269161688, 0.7662960324530499
-4.571839860242989, 30.131699201150607, 0.7926587269161688, 0.7662960324530499
-4.562045383524903, 30.0768884262677, 0.7926587269161688, 0.7662960324530499
-4.552051442916561, 30.022077022879355, 0.7926587269161688, 0.7662960324530499
-4.541838603688262, 29.9672666891951, 0.7926587269161688, 0.7662960324530499
-4.531387431110306, 29.912459123424497, 0.7926587269161688, 0.7662960324530499
-4.520678490452987, 29.857656023777057, 0.7926587269161688, 0.7662960324530499
-4.509692346986604, 29.80285908846236, 0.7926587269161688, 0.7662960324530499
-4.49840956598145, 29.74807001568989, 0.7926587269161688, 0.7662960324530499
-4.486810712707822, 29.693290503669214, 0.7926587269161688, 0.7662960324530499
-4.47487635243602, 29.638522250609864, 0.7926587269161688, 0.7662960324530499
-4.462588671132425, 29.5837669670361, 0.7926587269161688, 0.7662960324530499
-4.450023900792672, 29.529027078073394, 0.7926587269161688, 0.7662960324530499
-4.43740223631305, 29.47430610273769, 0.7926587269161688, 0.7662960324530499
-4.424956047515002, 29.419607652555136, 0.7926587269161688, 0.7662960324530499
-4.412917704219971, 29.364935339051897, 0.7926587269161688, 0.7662960324530499
-4.401519576249402, 29.310292773754117, 0.7926587269161688, 0.7662960324530499
-4.390994033424743, 29.255683568187987, 0.7926587269161688, 0.7662960324530499
-4.381573445567428, 29.201111333879606, 0.7926587269161688, 0.7662960324530499
-4.373490182498903, 29.146579682355146, 0.7926587269161688, 0.7662960324530499
-4.366976614040615, 29.092092225140775, 0.7926587269161688, 0.7662960324530499
-4.362265110014006, 29.037652573762646, 0.7926587269161688, 0.7662960324530499
-4.359588040240515, 28.98326433974688, 0.7926587269161688, 0.7662960324530499
-4.359177696484745, 28.92893115045893, 0.7926587269161688, 0.7662960324530499
-4.361195265816975, 28.874671061807327, 0.7926587269161688, 0.7662960324530499
-4.365599608646455, 28.820543185765544, 0.7926587269161688, 0.7662960324530499
-4.372313838583497, 28.76661388803676, 0.7926587269161688, 0.7662960324530499
-4.381261069238424, 28.712949534324075, 0.7926587269161688, 0.7662960324530499
-4.392364414221549, 28.65961649033065, 0.7926587269161688, 0.7662960324530499
-4.405546987143189, 28.60668112175963, 0.7926587269161688, 0.7662960324530499
-4.4207319016136575, 28.554209794314154, 0.7926587269161688, 0.7662960324530499
-4.437842271243268, 28.502268873697382, 0.7926587269161688, 0.7662960324530499
-4.456801209642344, 28.450924725612428, 0.7926587269161688, 0.7662960324530499
-4.4775317601992475, 28.400243462250348, 0.7926587269161688, 0.7662960324530499
-4.499947586744517, 28.35025733414805, 0.7926587269161688, 0.7662960324530499
-4.523943641421977, 28.300931039759952, 0.7926587269161688, 0.7662960324530499
-4.5494126557608165, 28.252221260778317, 0.7926587269161688, 0.7662960324530499
-4.576247361290248, 28.204084678895374, 0.7926587269161688, 0.7662960324530499
-4.604340489539461, 28.15647797580338, 0.7926587269161688, 0.7662960324530499
-4.633584772037657, 28.10935783319459, 0.7926587269161688, 0.7662960324530499
-4.663872940314031, 28.062680932761243, 0.7926587269161688, 0.7662960324530499
-4.695097725897774, 28.01640395619562, 0.7926587269161688, 0.7662960324530499
-4.727151860318098, 27.970483585189918, 0.7926587269161688, 0.7662960324530499
-4.759928075104194, 27.924876501436415, 0.7926587269161688, 0.7662960324530499
-4.7933191017852605, 27.879539386627354, 0.7926587269161688, 0.7662960324530499
-4.8272176718904936, 27.834428922454986, 0.7926587269161688, 0.7662960324530499
-4.861516516949084, 27.789501790611578, 0.7926587269161688, 0.7662960324530499
-4.896108368490246, 27.74471467278934, 0.7926587269161688, 0.7662960324530499
-4.930885958043169, 27.70002425068054, 0.7926587269161688, 0.7662960324530499
-4.965742017137051, 27.655387205977423, 0.7926587269161688, 0.7662960324530499
-5.00056927730108, 27.610760220372264, 0.7926587269161688, 0.7662960324530499
-5.035260470064474, 27.566099975557275, 0.7926587269161688, 0.7662960324530499
-5.069710005337569, 27.521363671589533, 0.7926587269161688, 0.7662960324530499
-5.103841000840625, 27.47651737487824, 0.7926587269161688, 0.7662960324530499
-5.137600669454297, 27.431534593576824, 0.7926587269161688, 0.7662960324530499
-5.17093697102886, 27.38638906653884, 0.7926587269161688, 0.7662960324530499
-5.203797865414621, 27.341054532617793, 0.7926587269161688, 0.7662960324530499
-5.236131312461858, 27.29550473066727, 0.7926587269161688, 0.7662960324530499
-5.267885272020855, 27.249713399540816, 0.7926587269161688, 0.7662960324530499
-5.299007703941901, 27.20365427809196, 0.7926587269161688, 0.7662960324530499
-5.329446568075274, 27.15730110517428, 0.7926587269161688, 0.7662960324530499
-5.359149824271277, 27.110627619641303, 0.7926587269161688, 0.7662960324530499
-5.3880654323801895, 27.063607560346572, 0.7926587269161688, 0.7662960324530499
-5.4161413522523, 27.016214666143657, 0.7926587269161688, 0.7662960324530499
-5.443325543737894, 26.9684226758861, 0.7926587269161688, 0.7662960324530499
-5.469565966687247, 26.92020532842745, 0.7926587269161688, 0.7662960324530499
-5.494810580950666, 26.871536362621242, 0.7926587269161688, 0.7662960324530499
-5.519007346378429, 26.82238951732104, 0.7926587269161688, 0.7662960324530499
-5.542104222820822, 26.772738531380384, 0.7926587269161688, 0.7662960324530499
-5.564049170128133, 26.72255714365283, 0.7926587269161688, 0.7662960324530499
-5.58479047976148, 26.67181933052084, 0.7926587269161688, 0.7662960324530499
-5.604305575339014, 26.620519935384845, 0.7926587269161688, 0.7662960324530499
-5.622623341588216, 26.56869066262666, 0.7926587269161688, 0.7662960324530499
-5.6397779190608395, 26.516366981312558, 0.7926587269161688, 0.7662960324530499
-5.655803448308632, 26.46358436050881, 0.7926587269161688, 0.7662960324530499
-5.670734069883336, 26.4103782692817, 0.7926587269161688, 0.7662960324530499
-5.684603924336711, 26.356784176697474, 0.7926587269161688, 0.7662960324530499
-5.697447152220503, 26.30283755182243, 0.7926587269161688, 0.7662960324530499
-5.709297894086461, 26.248573863722843, 0.7926587269161688, 0.7662960324530499
-5.720190290486329, 26.194028581464988, 0.7926587269161688, 0.7662960324530499
-5.730158481971864, 26.13923717411512, 0.7926587269161688, 0.7662960324530499
-5.739236609094811, 26.084235110739513, 0.7926587269161688, 0.7662960324530499
-5.74745881240692, 26.029057860404468, 0.7926587269161688, 0.7662960324530499
-5.754859232459938, 25.97374089217623, 0.7926587269161688, 0.7662960324530499
-5.761472009805617, 25.91831967512111, 0.7926587269161688, 0.7662960324530499
-5.767331284995707, 25.862829678305346, 0.7926587269161688, 0.7662960324530499
-5.772471198581954, 25.80730637079522, 0.7926587269161688, 0.7662960324530499
-5.776925841213624, 25.75178512942299, 0.7926587269161688, 0.7662960324530499
-5.780723203059364, 25.696290055592588, 0.7926587269161688, 0.7662960324530499
-5.783879392600753, 25.640823289961112, 0.7926587269161688, 0.7662960324530499
-5.7864091484818765, 25.585384441335147, 0.7926587269161688, 0.7662960324530499
-5.788327209346824, 25.529973118521376, 0.7926587269161688, 0.7662960324530499
-5.789648313839683, 25.474588930326412, 0.7926587269161688, 0.7662960324530499
-5.7903872006045365, 25.41923148555693, 0.7926587269161688, 0.7662960324530499
-5.790558608285477, 25.363900393019566, 0.7926587269161688, 0.7662960324530499
-5.790177275526585, 25.30859526152092, 0.7926587269161688, 0.7662960324530499
-5.789257940971951, 25.25331569986767, 0.7926587269161688, 0.7662960324530499
-5.787815343265665, 25.19806131686645, 0.7926587269161688, 0.7662960324530499
-5.785864221051807, 25.142831721323905, 0.7926587269161688, 0.7662960324530499
-5.783419312974471, 25.08762652204668, 0.7926587269161688, 0.7662960324530499
-5.780495357677738, 25.032445327841394, 0.7926587269161688, 0.7662960324530499
-5.777107093805699, 24.977287747514705, 0.7926587269161688, 0.7662960324530499
-5.773269260002437, 24.922153389873248, 0.7926587269161688, 0.7662960324530499
-5.768996594912045, 24.867041863723674, 0.7926587269161688, 0.7662960324530499
-5.7643038371786055, 24.811952777872634, 0.7926587269161688, 0.7662960324530499
-5.759205725446204, 24.756885741126727, 0.7926587269161688, 0.7662960324530499
-5.75371699835893, 24.70184036229263, 0.7926587269161688, 0.7662960324530499
-5.747852394560869, 24.646816250176965, 0.7926587269161688, 0.7662960324530499
-5.741626652696112, 24.591813013586403, 0.7926587269161688, 0.7662960324530499
-5.735054511408742, 24.536830261327555, 0.7926587269161688, 0.7662960324530499
-5.728150709342846, 24.481867602207064, 0.7926587269161688, 0.7662960324530499
-5.7209299851425115, 24.426924645031587, 0.7926587269161688, 0.7662960324530499
-5.713407077451827, 24.372000998607756, 0.7926587269161688, 0.7662960324530499
-5.705596724914878, 24.317096271742226, 0.7926587269161688, 0.7662960324530499
-5.69751366617575, 24.262210073241608, 0.7926587269161688, 0.7662960324530499
-5.6891726398785325, 24.207342011912566, 0.7926587269161688, 0.7662960324530499
-5.680588384667311, 24.152491696561743, 0.7926587269161688, 0.7662960324530499
-5.671775639186173, 24.097658735995765, 0.7926587269161688, 0.7662960324530499
-5.662749142079207, 24.042842739021307, 0.7926587269161688, 0.7662960324530499
-5.653523631990495, 23.988043314444962, 0.7926587269161688, 0.7662960324530499
-5.644113847564128, 23.93326007107339, 0.7926587269161688, 0.7662960324530499
-5.634534527444193, 23.878492617713242, 0.7926587269161688, 0.7662960324530499
-5.624800410274775, 23.823740563171153, 0.7926587269161688, 0.7662960324530499
-5.614926234699965, 23.769003516253786, 0.7926587269161688, 0.7662960324530499
-5.604926739363843, 23.714281085767738, 0.7926587269161688, 0.7662960324530499
-5.594816662910501, 23.659572880519686, 0.7926587269161688, 0.7662960324530499
-5.584610743984024, 23.604878509316244, 0.7926587269161688, 0.7662960324530499
-5.574323721228501, 23.55019758096408, 0.7926587269161688, 0.7662960324530499
-5.56397033328802, 23.495529704269835, 0.7926587269161688, 0.7662960324530499
-5.553565318806662, 23.440874488040127, 0.7926587269161688, 0.7662960324530499
-5.543123080260459, 23.386231549447132, 0.7926587269161688, 0.7662960324530499
-5.532650706621935, 23.331600687659193, 0.7926587269161688, 0.7662960324530499
-5.522148198498657, 23.2769818782383, 0.7926587269161688, 0.7662960324530499
-5.5116152653716375, 23.222375103991055, 0.7926587269161688, 0.7662960324530499
-5.50105161672189, 23.16778034772409, 0.7926587269161688, 0.7662960324530499
-5.490456962030435, 23.113197592244052, 0.7926587269161688, 0.7662960324530499
-5.479831010778286, 23.058626820357578, 0.7926587269161688, 0.7662960324530499
-5.469173472446459, 23.004068014871304, 0.7926587269161688, 0.7662960324530499
-5.458484056515968, 22.949521158591832, 0.7926587269161688, 0.7662960324530499
-5.4477624724678275, 22.894986234325824, 0.7926587269161688, 0.7662960324530499
-5.437008429783056, 22.840463224879905, 0.7926587269161688, 0.7662960324530499
-5.426221637942667, 22.785952113060706, 0.7926587269161688, 0.7662960324530499
-5.415401806427677, 22.73145288167488, 0.7926587269161688, 0.7662960324530499
-5.404548644719101, 22.676965513529034, 0.7926587269161688, 0.7662960324530499
-5.393661862297951, 22.6224899914298, 0.7926587269161688, 0.7662960324530499
-5.382741168645248, 22.568026298183828, 0.7926587269161688, 0.7662960324530499
-5.3717862732420025, 22.51357441659773, 0.7926587269161688, 0.7662960324530499
-5.360796885569239, 22.45913432947819, 0.7926587269161688, 0.7662960324530499
-5.34977271510796, 22.404706019631774, 0.7926587269161688, 0.7662960324530499
-5.338713471339189, 22.350289469865153, 0.7926587269161688, 0.7662960324530499
-5.32761886374394, 22.295884662984946, 0.7926587269161688, 0.7662960324530499
-5.316488601803228, 22.2414915817978, 0.7926587269161688, 0.7662960324530499
-5.305322394998069, 22.187110209110347, 0.7926587269161688, 0.7662960324530499
-5.294119952809477, 22.132740527729204, 0.7926587269161688, 0.7662960324530499
-5.282880984718468, 22.07838252046102, 0.7926587269161688, 0.7662960324530499
-5.271605200206058, 22.02403617011241, 0.7926587269161688, 0.7662960324530499
-5.260292308753263, 21.96970145949002, 0.7926587269161688, 0.7662960324530499
-5.2489420198411, 21.915378371400507, 0.7926587269161688, 0.7662960324530499
-5.237554042950579, 21.86106688865046, 0.7926587269161688, 0.7662960324530499
-5.226128087562718, 21.80676699404653, 0.7926587269161688, 0.7662960324530499
-5.214663863158535, 21.75247867039535, 0.7926587269161688, 0.7662960324530499
-5.203161079219043, 21.69820190050357, 0.7926587269161688, 0.7662960324530499
-5.191619445225257, 21.643936667177798, 0.7926587269161688, 0.7662960324530499
-5.180038670658195, 21.589682953224678, 0.7926587269161688, 0.7662960324530499
-5.168418464998868, 21.535440741450834, 0.7926587269161688, 0.7662960324530499
-5.156758537728294, 21.48121001466291, 0.7926587269161688, 0.7662960324530499
-5.145058598327492, 21.42699075566755, 0.7926587269161688, 0.7662960324530499
-5.133318356277471, 21.37278294727136, 0.7926587269161688, 0.7662960324530499
-5.121537521059249, 21.31858657228098, 0.7926587269161688, 0.7662960324530499
-5.109715802153843, 21.26440161350306, 0.7926587269161688, 0.7662960324530499
-5.097852909042266, 21.21022805374422, 0.7926587269161688, 0.7662960324530499
-5.085948551205537, 21.156065875811105, 0.7926587269161688, 0.7662960324530499
-5.074002438124668, 21.101915062510326, 0.7926587269161688, 0.7662960324530499
-5.062014279280674, 21.04777559664853, 0.7926587269161688, 0.7662960324530499
-5.0499837841545725, 20.993647461032353, 0.7926587269161688, 0.7662960324530499
-5.037910662227378, 20.939530638468415, 0.7926587269161688, 0.7662960324530499
-5.025794622980109, 20.885425111763375, 0.7926587269161688, 0.7662960324530499
-5.013635375893776, 20.831330863723842, 0.7926587269161688, 0.7662960324530499
-5.001432630449397, 20.77724787715645, 0.7926587269161688, 0.7662960324530499
-4.989186096127985, 20.72317613486784, 0.7926587269161688, 0.7662960324530499
-4.9768954824105585, 20.66911561966464, 0.7926587269161688, 0.7662960324530499
-4.964560498778135, 20.615066314353506, 0.7926587269161688, 0.7662960324530499
-4.952180854711724, 20.56102820174103, 0.7926587269161688, 0.7662960324530499
-4.939756259692344, 20.507001264633878, 0.7926587269161688, 0.7662960324530499
-4.927286423201009, 20.452985485838667, 0.7926587269161688, 0.7662960324530499
-4.914771054718735, 20.398980848162033, 0.7926587269161688, 0.7662960324530499
-4.902209863726544, 20.344987334410625, 0.7926587269161688, 0.7662960324530499
-4.88960255970544, 20.291004927391047, 0.7926587269161688, 0.7662960324530499
-4.876948852136444, 20.23703360990995, 0.7926587269161688, 0.7662960324530499
-4.864248450500572, 20.183073364773964, 0.7926587269161688, 0.7662960324530499
-4.851501064278841, 20.129124174789737, 0.7926587269161688, 0.7662960324530499
-4.838706402952262, 20.075186022763873, 0.7926587269161688, 0.7662960324530499
-4.8258641760018515, 20.021258891503017, 0.7926587269161688, 0.7662960324530499
-4.812974092908627, 19.96734276381381, 0.7926587269161688, 0.7662960324530499
-4.8000358631635685, 19.913437622501498, 0.7926587269161688, 0.7662960324530499
-4.7870493656368005, 19.859543426947024, 0.7926587269161688, 0.7662960324530499
-4.774015079391363, 19.805660053527465, 0.7926587269161688, 0.7662960324530499
-4.760933616369585, 19.751787360243352, 0.7926587269161688, 0.7662960324530499
-4.747805588513792, 19.697925205095228, 0.7926587269161688, 0.7662960324530499
-4.734631607766303, 19.64407344608361, 0.7926587269161688, 0.7662960324530499
-4.7214122860694525, 19.590231941209048, 0.7926587269161688, 0.7662960324530499
-4.708148235365554, 19.536400548472034, 0.7926587269161688, 0.7662960324530499
-4.6948400675969335, 19.48257912587312, 0.7926587269161688, 0.7662960324530499
-4.681488394705917, 19.428767531412834, 0.7926587269161688, 0.7662960324530499
-4.668093828634828, 19.3749656230917, 0.7926587269161688, 0.7662960324530499
-4.654656981325996, 19.32117325891026, 0.7926587269161688, 0.7662960324530499
-4.641178464721735, 19.26739029686902, 0.7926587269161688, 0.7662960324530499
-4.6276588907643745, 19.21361659496851, 0.7926587269161688, 0.7662960324530499
-4.61409887139624, 19.15985201120928, 0.7926587269161688, 0.7662960324530499
-4.600499018559653, 19.106096403591845, 0.7926587269161688, 0.7662960324530499
-4.5868599441969415, 19.052349630116748, 0.7926587269161688, 0.7662960324530499
-4.573182260250423, 18.998611548784485, 0.7926587269161688, 0.7662960324530499
-4.559466578662425, 18.94488201759561, 0.7926587269161688, 0.7662960324530499
-4.545713511375272, 18.89116089455064, 0.7926587269161688, 0.7662960324530499
-4.531923670331288, 18.83744803765012, 0.7926587269161688, 0.7662960324530499
-4.5180976674728, 18.78374330489457, 0.7926587269161688, 0.7662960324530499
-4.5042361147421275, 18.730046554284513, 0.7926587269161688, 0.7662960324530499
-4.490339624081594, 18.67635764382048, 0.7926587269161688, 0.7662960324530499
-4.476408807433526, 18.622676431502995, 0.7926587269161688, 0.7662960324530499
-4.462444276740252, 18.56900277533261, 0.7926587269161688, 0.7662960324530499
-4.448446643944087, 18.515336533309824, 0.7926587269161688, 0.7662960324530499
-4.434416520987359, 18.461677563435178, 0.7926587269161688, 0.7662960324530499
-4.420354519812394, 18.4080257237092, 0.7926587269161688, 0.7662960324530499
-4.406261252361514, 18.35438087213242, 0.7926587269161688, 0.7662960324530499
-4.3921373305770475, 18.300742866705377, 0.7926587269161688, 0.7662960324530499
-4.377983366401311, 18.247111565428575, 0.7926587269161688, 0.7662960324530499
-4.363799971776633, 18.19348682630256, 0.7926587269161688, 0.7662960324530499
-4.349587758645337, 18.13986850732785, 0.7926587269161688, 0.7662960324530499
-4.335347338949746, 18.086256466504985, 0.7926587269161688, 0.7662960324530499
-4.32107932463219, 18.0326505618345, 0.7926587269161688, 0.7662960324530499
-4.306784327634984, 17.979050651316903, 0.7926587269161688, 0.7662960324530499
-4.292462959900457, 17.92545659295273, 0.7926587269161688, 0.7662960324530499
-4.278115833370934, 17.87186824474251, 0.7926587269161688, 0.7662960324530499
-4.263743559988736, 17.818285464686774, 0.7926587269161688, 0.7662960324530499
-4.2493467516961925, 17.76470811078606, 0.7926587269161688, 0.7662960324530499
-4.234926020435621, 17.71113604104088, 0.7926587269161688, 0.7662960324530499
-4.220481978149347, 17.657569113451764, 0.7926587269161688, 0.7662960324530499
-4.206015236779697, 17.604007186019253, 0.7926587269161688, 0.7662960324530499
-4.191526408268994, 17.55045011674386, 0.7926587269161688, 0.7662960324530499
-4.177016104559566, 17.496897763626137, 0.7926587269161688, 0.7662960324530499
-4.16248493759373, 17.443349984666586, 0.7926587269161688, 0.7662960324530499
-4.147933519313814, 17.38980663786575, 0.7926587269161688, 0.7662960324530499
-4.13336246166214, 17.33626758122415, 0.7926587269161688, 0.7662960324530499
-4.118772376581034, 17.28273267274232, 0.7926587269161688, 0.7662960324530499
-4.104163876012825, 17.2292017704208, 0.7926587269161688, 0.7662960324530499
-4.089537571899825, 17.175674732260102, 0.7926587269161688, 0.7662960324530499
-4.074894076184368, 17.12215141626075, 0.7926587269161688, 0.7662960324530499
-4.060234000808773, 17.06863168042328, 0.7926587269161688, 0.7662960324530499
-4.045557957715369, 17.015115382748245, 0.7926587269161688, 0.7662960324530499
-4.030866558846475, 16.96160238123613, 0.7926587269161688, 0.7662960324530499
-4.016160416144418, 16.908092533887487, 0.7926587269161688, 0.7662960324530499
-4.00144014155152, 16.85458569870285, 0.7926587269161688, 0.7662960324530499
-3.9867063470101076, 16.80108173368273, 0.7926587269161688, 0.7662960324530499
-3.9719596444625074, 16.74758049682768, 0.7926587269161688, 0.7662960324530499
-3.9572006458510343, 16.6940818461382, 0.7926587269161688, 0.7662960324530499
-3.94242996311802, 16.64058563961484, 0.7926587269161688, 0.7662960324530499
-3.927648208205786, 16.587091735258117, 0.7926587269161688, 0.7662960324530499
-3.912855993056656, 16.533599991068563, 0.7926587269161688, 0.7662960324530499
-3.898053929612961, 16.480110265046726, 0.7926587269161688, 0.7662960324530499
-3.883242629817013, 16.426622415193098, 0.7926587269161688, 0.7662960324530499
-3.868422705611143, 16.373136299508225, 0.7926587269161688, 0.7662960324530499
-3.853594768937675, 16.31965177599264, 0.7926587269161688, 0.7662960324530499
-3.838759431738931, 16.266168702646862, 0.7926587269161688, 0.7662960324530499
-3.823917305957242, 16.212686937471446, 0.7926587269161688, 0.7662960324530499
-3.8090690035349213, 16.15920633846688, 0.7926587269161688, 0.7662960324530499
-3.7942151364142997, 16.105726763633722, 0.7926587269161688, 0.7662960324530499
-3.7793563165376995, 16.052248070972485, 0.7926587269161688, 0.7662960324530499
-3.764493155847444, 15.998770118483705, 0.7926587269161688, 0.7662960324530499
-3.7496262662858633, 15.945292764167924, 0.7926587269161688, 0.7662960324530499
-3.734756259795273, 15.891815866025642, 0.7926587269161688, 0.7662960324530499
-3.7198837483180003, 15.838339282057404, 0.7926587269161688, 0.7662960324530499
-3.70500934379637, 15.784862870263732, 0.7926587269161688, 0.7662960324530499
-3.6901336581727064, 15.731386488645164, 0.7926587269161688, 0.7662960324530499
-3.675257303389337, 15.677909995202235, 0.7926587269161688, 0.7662960324530499
-3.6603808913885785, 15.624433247935448, 0.7926587269161688, 0.7662960324530499
-3.645505034112758, 15.570956104845347, 0.7926587269161688, 0.7662960324530499
-3.630630343504202, 15.517478423932465, 0.7926587269161688, 0.7662960324530499
-3.615757431505235, 15.464000063197332, 0.7926587269161688, 0.7662960324530499
-3.600886910058176, 15.41052088064046, 0.7926587269161688, 0.7662960324530499
-3.5860193911053506, 15.35704073426238, 0.7926587269161688, 0.7662960324530499
-3.571155486589085, 15.303559482063635, 0.7926587269161688, 0.7662960324530499
-3.5562958084517025, 15.250076982044744, 0.7926587269161688, 0.7662960324530499
-3.5414409686355324, 15.196593092206257, 0.7926587269161688, 0.7662960324530499
-3.5265915790828894, 15.143107670548668, 0.7926587269161688, 0.7662960324530499
-3.511748234138111, 15.08962057937073, 0.7926587269161688, 0.7662960324530499
-3.49691126542893, 15.036131745138192, 0.7926587269161688, 0.7662960324530499
-3.4820808026505037, 14.982641143637697, 0.7926587269161688, 0.7662960324530499
-3.467256970321301, 14.929148751920255, 0.7926587269161688, 0.7662960324530499
-3.4524398929597746, 14.875654547036843, 0.7926587269161688, 0.7662960324530499
-3.4376296950843948, 14.822158506038486, 0.7926587269161688, 0.7662960324530499
-3.4228265012136228, 14.768660605976189, 0.7926587269161688, 0.7662960324530499
-3.4080304358659217, 14.71516082390095, 0.7926587269161688, 0.7662960324530499
-3.3932416235597596, 14.6616591368638, 0.7926587269161688, 0.7662960324530499
-3.3784601888135923, 14.60815552191571, 0.7926587269161688, 0.7662960324530499
-3.3636862561458853, 14.554649956107696, 0.7926587269161688, 0.7662960324530499
-3.3489199500751026, 14.501142416490774, 0.7926587269161688, 0.7662960324530499
-3.3341613951197084, 14.447632880115941, 0.7926587269161688, 0.7662960324530499
-3.3194107157981687, 14.394121324034224, 0.7926587269161688, 0.7662960324530499
-3.3046680366289385, 14.340607725296588, 0.7926587269161688, 0.7662960324530499
-3.289933482130486, 14.287092060954068, 0.7926587269161688, 0.7662960324530499
-3.275207176821275, 14.233574308057662, 0.7926587269161688, 0.7662960324530499
-3.2604892452197682, 14.180054443658381, 0.7926587269161688, 0.7662960324530499
-3.2457798118444314, 14.126532444807234, 0.7926587269161688, 0.7662960324530499
-3.231079001213721, 14.073008288555208, 0.7926587269161688, 0.7662960324530499
-3.2163869378461043, 14.019481951953319, 0.7926587269161688, 0.7662960324530499
-3.201703746260045, 13.965953412052578, 0.7926587269161688, 0.7662960324530499
-3.18702955097401, 13.912422645903995, 0.7926587269161688, 0.7662960324530499
-3.1723644765064534, 13.858889630558552, 0.7926587269161688, 0.7662960324530499
-3.1577086473758436, 13.805354343067275, 0.7926587269161688, 0.7662960324530499
-3.1430621881006435, 13.751816760481162, 0.7926587269161688, 0.7662960324530499
-3.1284252231993173, 13.698276859851221, 0.7926587269161688, 0.7662960324530499
-3.113797877190331, 13.644734618228473, 0.7926587269161688, 0.7662960324530499
-3.0991802745921397, 13.591190012663892, 0.7926587269161688, 0.7662960324530499
-3.084572539923211, 13.5376430202085, 0.7926587269161688, 0.7662960324530499
-3.069974797702009, 13.484093617913304, 0.7926587269161688, 0.7662960324530499
-3.055387172446996, 13.430541782829309, 0.7926587269161688, 0.7662960324530499
-3.0408097886766385, 13.376987492007537, 0.7926587269161688, 0.7662960324530499
-3.0262427709093944, 13.323430722498962, 0.7926587269161688, 0.7662960324530499
-3.0116862436637284, 13.269871451354602, 0.7926587269161688, 0.7662960324530499
-2.9971403314581053, 13.21630965562547, 0.7926587269161688, 0.7662960324530499
-2.982605158810987, 13.162745312362562, 0.7926587269161688, 0.7662960324530499
-2.9680808502408405, 13.109178398616907, 0.7926587269161688, 0.7662960324530499
-2.9535675302661226, 13.055608891439473, 0.7926587269161688, 0.7662960324530499
-2.939065323405301, 13.002036767881293, 0.7926587269161688, 0.7662960324530499
-2.924574354176837, 12.948462004993358, 0.7926587269161688, 0.7662960324530499
-2.9100947470991945, 12.894884579826686, 0.7926587269161688, 0.7662960324530499
-2.89562662669084, 12.84130446943229, 0.7926587269161688, 0.7662960324530499
-2.881170117470231, 12.787721650861148, 0.7926587269161688, 0.7662960324530499
-2.8667253439558325, 12.734136101164282, 0.7926587269161688, 0.7662960324530499
-2.852292430666109, 12.680547797392693, 0.7926587269161688, 0.7662960324530499
-2.8378715021195227, 12.626956716597393, 0.7926587269161688, 0.7662960324530499
-2.8234626828345424, 12.573362835829398, 0.7926587269161688, 0.7662960324530499
-2.809066097329622, 12.519766132139692, 0.7926587269161688, 0.7662960324530499
-2.794681870123229, 12.466166582579284, 0.7926587269161688, 0.7662960324530499
-2.780310125733827, 12.412564164199186, 0.7926587269161688, 0.7662960324530499
-2.7659509886798834, 12.35895885405042, 0.7926587269161688, 0.7662960324530499
-2.7516045834798524, 12.305350629183954, 0.7926587269161688, 0.7662960324530499
-2.7372710346522022, 12.25173946665082, 0.7926587269161688, 0.7662960324530499
-2.722950466715395, 12.198125343502014, 0.7926587269161688, 0.7662960324530499
-2.7086430041878957, 12.14450823678855, 0.7926587269161688, 0.7662960324530499
-2.69434877158817, 12.090888123561438, 0.7926587269161688, 0.7662960324530499
-2.680067893434674, 12.037264980871667, 0.7926587269161688, 0.7662960324530499
-2.6658004942458744, 11.983638785770248, 0.7926587269161688, 0.7662960324530499
-2.6515466985402356, 11.930009515308189, 0.7926587269161688, 0.7662960324530499
-2.6373066308362194, 11.876377146536495, 0.7926587269161688, 0.7662960324530499
-2.6230804156522933, 11.822741656506189, 0.7926587269161688, 0.7662960324530499
-2.6088681775069134, 11.769103022268245, 0.7926587269161688, 0.7662960324530499
-2.5946700409185466, 11.715461220873687, 0.7926587269161688, 0.7662960324530499
-2.5804861304056548, 11.661816229373512, 0.7926587269161688, 0.7662960324530499
-2.5663165704867037, 11.608168024818738, 0.7926587269161688, 0.7662960324530499
-2.552161485680158, 11.554516584260377, 0.7926587269161688, 0.7662960324530499
-2.5380210005044748, 11.500861884749407, 0.7926587269161688, 0.7662960324530499
-2.5238952394781204, 11.447203903336847, 0.7926587269161688, 0.7662960324530499
-2.509784327119559, 11.393542617073708, 0.7926587269161688, 0.7662960324530499
-2.4956883879472525, 11.33987800301099, 0.7926587269161688, 0.7662960324530499
-2.481607546479669, 11.286210038199718, 0.7926587269161688, 0.7662960324530499
-2.4675419272352626, 11.232538699690863, 0.7926587269161688, 0.7662960324530499
-2.4534916547325025, 11.178863964535447, 0.7926587269161688, 0.7662960324530499
-2.4394568534898515, 11.125185809784485, 0.7926587269161688, 0.7662960324530499
-2.4254376480257718, 11.071504212488968, 0.7926587269161688, 0.7662960324530499
-2.4114341628587304, 11.017819149699923, 0.7926587269161688, 0.7662960324530499
-2.397446522507184, 10.964130598468332, 0.7926587269161688, 0.7662960324530499
-2.3834748514895985, 10.910438535845202, 0.7926587269161688, 0.7662960324530499
-2.3695192743244378, 10.856742938881553, 0.7926587269161688, 0.7662960324530499
-2.35557991553017, 10.803043784628397, 0.7926587269161688, 0.7662960324530499
-2.341656899625248, 10.74934105013671, 0.7926587269161688, 0.7662960324530499
-2.3277503511281408, 10.695634712457515, 0.7926587269161688, 0.7662960324530499
-2.3138603945573117, 10.641924748641822, 0.7926587269161688, 0.7662960324530499
-2.2999871544312236, 10.588211135740629, 0.7926587269161688, 0.7662960324530499
-2.286130755268343, 10.534493850804955, 0.7926587269161688, 0.7662960324530499
-2.2722913215871263, 10.48077287088579, 0.7926587269161688, 0.7662960324530499
-2.25846897790604, 10.427048173034139, 0.7926587269161688, 0.7662960324530499
-2.244663848743547, 10.373319734301017, 0.7926587269161688, 0.7662960324530499
-2.2308760586181124, 10.319587531737424, 0.7926587269161688, 0.7662960324530499
-2.2171057320482013, 10.265851542394385, 0.7926587269161688, 0.7662960324530499
-2.20335299355227, 10.212111743322874, 0.7926587269161688, 0.7662960324530499
-2.1896179676487857, 10.158368111573914, 0.7926587269161688, 0.7662960324530499
-2.175900778856211, 10.104620624198503, 0.7926587269161688, 0.7662960324530499
-2.16220155169301, 10.050869258247655, 0.7926587269161688, 0.7662960324530499
-2.1485204106776483, 9.997113990772386, 0.7926587269161688, 0.7662960324530499
-2.134857480328584, 9.943354798823675, 0.7926587269161688, 0.7662960324530499
-2.121212885164282, 9.889591659452543, 0.7926587269161688, 0.7662960324530499
-2.1075867497032066, 9.835824549709994, 0.7926587269161688, 0.7662960324530499
-2.0939791984638205, 9.782053446647033, 0.7926587269161688, 0.7662960324530499
-2.080390355964591, 9.72827832731468, 0.7926587269161688, 0.7662960324530499
-2.0668203467239734, 9.674499168763912, 0.7926587269161688, 0.7662960324530499
-2.0532692952604354, 9.620715948045753, 0.7926587269161688, 0.7662960324530499
-2.03973732609244, 9.566928642211202, 0.7926587269161688, 0.7662960324530499
-2.02622456373845, 9.513137228311273, 0.7926587269161688, 0.7662960324530499
-2.012731132716932, 9.459341683396977, 0.7926587269161688, 0.7662960324530499
-1.9992571410839515, 9.405541986828531, 0.7926587269161688, 0.7662960324530499
-1.985802541216861, 9.351738139803757, 0.7926587269161688, 0.7662960324530499
-1.9723671997590542, 9.297930155546654, 0.7926587269161688, 0.7662960324530499
-1.9589509824609117, 9.244118047406495, 0.7926587269161688, 0.7662960324530499
-1.945553755072803, 9.190301828732515, 0.7926587269161688, 0.7662960324530499
-1.9321753833451094, 9.136481512873994, 0.7926587269161688, 0.7662960324530499
-1.918815733028207, 9.08265711318019, 0.7926587269161688, 0.7662960324530499
-1.9054746698724743, 9.028828643000368, 0.7926587269161688, 0.7662960324530499
-1.892152059628291, 8.974996115683803, 0.7926587269161688, 0.7662960324530499
-1.8788477680460278, 8.921159544579732, 0.7926587269161688, 0.7662960324530499
-1.8655616608760643, 8.867318943037425, 0.7926587269161688, 0.7662960324530499
-1.8522936038687787, 8.813474324406153, 0.7926587269161688, 0.7662960324530499
-1.839043462774548, 8.759625702035175, 0.7926587269161688, 0.7662960324530499
-1.8258111033437523, 8.705773089273762, 0.7926587269161688, 0.7662960324530499
-1.8125963913267624, 8.651916499471158, 0.7926587269161688, 0.7662960324530499
-1.799399192473958, 8.598055945976633, 0.7926587269161688, 0.7662960324530499
-1.7862193725357176, 8.544191442139455, 0.7926587269161688, 0.7662960324530499
-1.7730567972624167, 8.490323001308878, 0.7926587269161688, 0.7662960324530499
-1.7599113324044378, 8.436450636834188, 0.7926587269161688, 0.7662960324530499
-1.7467828437121489, 8.38257436206461, 0.7926587269161688, 0.7662960324530499
-1.733671196935932, 8.328694190349426, 0.7926587269161688, 0.7662960324530499
-1.7205762578261639, 8.274810135037898, 0.7926587269161688, 0.7662960324530499
-1.7074978921332222, 8.220922209479287, 0.7926587269161688, 0.7662960324530499
-1.694435965607487, 8.167030427022873, 0.7926587269161688, 0.7662960324530499
-1.681390343999328, 8.113134801017887, 0.7926587269161688, 0.7662960324530499
-1.668360893059127, 8.059235344813606, 0.7926587269161688, 0.7662960324530499
-1.6553474785372602, 8.005332071759291, 0.7926587269161688, 0.7662960324530499
-1.6423499661841086, 7.951424995204223, 0.7926587269161688, 0.7662960324530499
-1.629368221750042, 7.897514128497632, 0.7926587269161688, 0.7662960324530499
-1.6164021109854418, 7.843599484988798, 0.7926587269161688, 0.7662960324530499
-1.603451499640684, 7.789681078026979, 0.7926587269161688, 0.7662960324530499
-1.5905162534661468, 7.735758920961442, 0.7926587269161688, 0.7662960324530499
-1.5775962382122104, 7.6818330271414625, 0.7926587269161688, 0.7662960324530499
-1.5646913196292445, 7.627903409916271, 0.7926587269161688, 0.7662960324530499
-1.5518013634676304, 7.573970082635147, 0.7926587269161688, 0.7662960324530499
-1.5389262354777449, 7.520033058647353, 0.7926587269161688, 0.7662960324530499
-1.526065801409965, 7.466092351302152, 0.7926587269161688, 0.7662960324530499
-1.5132199270146718, 7.41214797394882, 0.7926587269161688, 0.7662960324530499
-1.500388478042235, 7.358199939936592, 0.7926587269161688, 0.7662960324530499
-1.4875713202430356, 7.304248262614743, 0.7926587269161688, 0.7662960324530499
-1.4747683193674503, 7.250292955332534, 0.7926587269161688, 0.7662960324530499
-1.4619793411658564, 7.196334031439231, 0.7926587269161688, 0.7662960324530499
-1.4492042513886347, 7.142371504284109, 0.7926587269161688, 0.7662960324530499
-1.436442915786155, 7.088405387216402, 0.7926587269161688, 0.7662960324530499
-1.4236952001087981, 7.034435693585386, 0.7926587269161688, 0.7662960324530499
-1.4109609701069412, 6.980462436740324, 0.7926587269161688, 0.7662960324530499
-1.3982400915309614, 6.926485630030482, 0.7926587269161688, 0.7662960324530499
-1.3855324301312395, 6.872505286805133, 0.7926587269161688, 0.7662960324530499
-1.3728378516581452, 6.818521420413508, 0.7926587269161688, 0.7662960324530499
-1.3601562218620593, 6.764534044204887, 0.7926587269161688, 0.7662960324530499
-1.34748740649336, 6.7105431715285375, 0.7926587269161688, 0.7662960324530499
-1.3348312713024222, 6.6565488157337125, 0.7926587269161688, 0.7662960324530499
-1.322187682039628, 6.602550990169694, 0.7926587269161688, 0.7662960324530499
-1.3095565044553474, 6.548549708185718, 0.7926587269161688, 0.7662960324530499
-1.2969376042999612, 6.494544983131056, 0.7926587269161688, 0.7662960324530499
-1.284330847323846, 6.440536828354971, 0.7926587269161688, 0.7662960324530499
-1.2717360992773827, 6.386525257206745, 0.7926587269161688, 0.7662960324530499
-1.2591532259109415, 6.332510283035606, 0.7926587269161688, 0.7662960324530499
-1.246582092974903, 6.2784919191908335, 0.7926587269161688, 0.7662960324530499
-1.2340225662196438, 6.224470179021689, 0.7926587269161688, 0.7662960324530499
-1.2214745113955419, 6.170445075877437, 0.7926587269161688, 0.7662960324530499
-1.2089377942529775, 6.1164166231073525, 0.7926587269161688, 0.7662960324530499
-1.1964122805423207, 6.06238483406067, 0.7926587269161688, 0.7662960324530499
-1.1838978360139518, 6.008349722086663, 0.7926587269161688, 0.7662960324530499
-1.1713943264182491, 5.9543113005346004, 0.7926587269161688, 0.7662960324530499
-1.1589016175055882, 5.9002695827537375, 0.7926587269161688, 0.7662960324530499
-1.146419575026351, 5.846224582093358, 0.7926587269161688, 0.7662960324530499
-1.133948064730907, 5.792176311902691, 0.7926587269161688, 0.7662960324530499
-1.121486952369637, 5.738124785531014, 0.7926587269161688, 0.7662960324530499
-1.1090361036929177, 5.68407001632759, 0.7926587269161688, 0.7662960324530499
-1.0965953844511271, 5.630012017641683, 0.7926587269161688, 0.7662960324530499
-1.0841646603946447, 5.575950802822566, 0.7926587269161688, 0.7662960324530499
-1.0717437972738417, 5.521886385219477, 0.7926587269161688, 0.7662960324530499
-1.0593326608390983, 5.467818778181689, 0.7926587269161688, 0.7662960324530499
-1.0469311168407915, 5.413747995058469, 0.7926587269161688, 0.7662960324530499
-1.0345390310292983, 5.359674049199073, 0.7926587269161688, 0.7662960324530499
-1.022156269155, 5.305596953952786, 0.7926587269161688, 0.7662960324530499
-1.009782696968266, 5.251516722668835, 0.7926587269161688, 0.7662960324530499
-0.9974181802194775, 5.197433368696498, 0.7926587269161688, 0.7662960324530499
-0.9850625846590111, 5.143346905385038, 0.7926587269161688, 0.7662960324530499
-0.9727157760372441, 5.089257346083721, 0.7926587269161688, 0.7662960324530499
-0.9603776201045575, 5.035164704141819, 0.7926587269161688, 0.7662960324530499
-0.9480479826113207, 4.9810689929085665, 0.7926587269161688, 0.7662960324530499
-0.9357267293079153, 4.9269702257332435, 0.7926587269161688, 0.7662960324530499
-0.9234137259447177, 4.872868415965108, 0.7926587269161688, 0.7662960324530499
-0.9111088382721086, 4.818763576953441, 0.7926587269161688, 0.7662960324530499
-0.8988119320404586, 4.764655722047475, 0.7926587269161688, 0.7662960324530499
-0.8865228730001476, 4.710544864596482, 0.7926587269161688, 0.7662960324530499
-0.8742415269015537, 4.656431017949734, 0.7926587269161688, 0.7662960324530499
-0.861967759495053, 4.602314195456484, 0.7926587269161688, 0.7662960324530499
-0.8497014365310265, 4.548194410466014, 0.7926587269161688, 0.7662960324530499
-0.8374424237598446, 4.4940716763275566, 0.7926587269161688, 0.7662960324530499
-0.8251905869318878, 4.439946006390389, 0.7926587269161688, 0.7662960324530499
-0.8129457917975331, 4.385817414003771, 0.7926587269161688, 0.7662960324530499
-0.8007079041071579, 4.33168591251697, 0.7926587269161688, 0.7662960324530499
-0.7884767896111422, 4.277551515279259, 0.7926587269161688, 0.7662960324530499
-0.7762523140598568, 4.223414235639873, 0.7926587269161688, 0.7662960324530499
-0.764034343203682, 4.169274086948087, 0.7926587269161688, 0.7662960324530499
-0.7518227427929953, 4.115131082553168, 0.7926587269161688, 0.7662960324530499
-0.7396173785781732, 4.060985235804372, 0.7926587269161688, 0.7662960324530499
-0.7274181163095969, 4.006836560050982, 0.7926587269161688, 0.7662960324530499
-0.7152248217376362, 3.9526850686422277, 0.7926587269161688, 0.7662960324530499
-0.703037360612672, 3.898530774927388, 0.7926587269161688, 0.7662960324530499
-0.6908555986850811, 3.844373692255723, 0.7926587269161688, 0.7662960324530499
-0.6786794017052407, 3.790213833976497, 0.7926587269161688, 0.7662960324530499
-0.6665086354235316, 3.736051213438988, 0.7926587269161688, 0.7662960324530499
-0.6543431655903241, 3.681885843992428, 0.7926587269161688, 0.7662960324530499
-0.6421828579559983, 3.6277177389860937, 0.7926587269161688, 0.7662960324530499
-0.6300275782709319, 3.5735469117692484, 0.7926587269161688, 0.7662960324530499
-0.6178771922855015, 3.5193733756911523, 0.7926587269161688, 0.7662960324530499
-0.6057315657500879, 3.4651971441010856, 0.7926587269161688, 0.7662960324530499
-0.5935905644150616, 3.4110182303482803, 0.7926587269161688, 0.7662960324530499
-0.5814540540308027, 3.3568366477820124, 0.7926587269161688, 0.7662960324530499
-0.5693219003476886, 3.3026524097515453, 0.7926587269161688, 0.7662960324530499
-0.5571939691161001, 3.2484655296061575, 0.7926587269161688, 0.7662960324530499
-0.545070126086407, 3.194276020695079, 0.7926587269161688, 0.7662960324530499
-0.53295023700899, 3.1400838963675897, 0.7926587269161688, 0.7662960324530499
-0.5208341676342263, 3.08588916997295, 0.7926587269161688, 0.7662960324530499
-0.5087217837124931, 3.0316918548604233, 0.7926587269161688, 0.7662960324530499
-0.4966129509941708, 2.977491964379288, 0.7926587269161688, 0.7662960324530499
-0.4845075353425248, 2.923289511867176, 0.7926587269161688, 0.7662960324530499
-0.47240563701392285, 2.8690844865811576, 0.7926587269161688, 0.7662960324530499
-0.4603080840915209, 2.8148768030042692, 0.7926587269161688, 0.7662960324530499
-0.44821584551218957, 2.7606663611487976, 0.7926587269161688, 0.7662960324530499
-0.43612989021280346, 2.7064530610270463, 0.7926587269161688, 0.7662960324530499
-0.4240511871302264, 2.6522368026512724, 0.7926587269161688, 0.7662960324530499
-0.4119807052013324, 2.598017486033779, 0.7926587269161688, 0.7662960324530499
-0.3999194133629926, 2.543795011186854, 0.7926587269161688, 0.7662960324530499
-0.3878682805520779, 2.489569278122785, 0.7926587269161688, 0.7662960324530499
-0.37582827570546223, 2.4353401868538747, 0.7926587269161688, 0.7662960324530499
-0.3638003677600098, 2.381107637392382, 0.7926587269161688, 0.7662960324530499
-0.3517855256525949, 2.326871529750609, 0.7926587269161688, 0.7662960324530499
-0.3397847183200885, 2.272631763940842, 0.7926587269161688, 0.7662960324530499
-0.3277989146993609, 2.218388239975371, 0.7926587269161688, 0.7662960324530499
-0.31582908372728685, 2.1641408578664993, 0.7926587269161688, 0.7662960324530499
-0.30387619434073027, 2.1098895176264816, 0.7926587269161688, 0.7662960324530499
-0.29194121547656543, 2.0556341192676233, 0.7926587269161688, 0.7662960324530499
-0.2800251160716631, 2.001374562802212, 0.7926587269161688, 0.7662960324530499
-0.26812886506289413, 1.947110748242534, 0.7926587269161688, 0.7662960324530499
-0.2562534313871326, 1.8928425756008933, 0.7926587269161688, 0.7662960324530499
-0.2443997839812427, 1.8385699448895478, 0.7926587269161688, 0.7662960324530499
-0.23256889178209877, 1.7842927561208, 0.7926587269161688, 0.7662960324530499
-0.2207617237265715, 1.7300109093069376, 0.7926587269161688, 0.7662960324530499
-0.20897924875153517, 1.6757243044602634, 0.7926587269161688, 0.7662960324530499
-0.1972224357938538, 1.6214328415930352, 0.7926587269161688, 0.7662960324530499
-0.18549225379040174, 1.5671364207175573, 0.7926587269161688, 0.7662960324530499
-0.17378967167804962, 1.5128349418461147, 0.7926587269161688, 0.7662960324530499
-0.16211565839366848, 1.458528304990997, 0.7926587269161688, 0.7662960324530499
-0.15047118287413233, 1.4042164101645063, 0.7926587269161688, 0.7662960324530499
-0.1388572140563056, 1.3498991573789019, 0.7926587269161688, 0.7662960324530499
-0.12727472087706207, 1.2955764466464843, 0.7926587269161688, 0.7662960324530499
-0.11572467227327286, 1.241248177979543, 0.7926587269161688, 0.7662960324530499
-0.10420803718180886, 1.186914251390366, 0.7926587269161688, 0.7662960324530499
-0.09272578453954386, 1.1325745668912544, 0.7926587269161688, 0.7662960324530499
-0.08127888328334246, 1.0782290244944672, 0.7926587269161688, 0.7662960324530499
-0.06986830235007871, 1.0238775242123075, 0.7926587269161688, 0.7662960324530499
-0.058495010676623334, 0.9695199660570625, 0.7926587269161688, 0.7662960324530499
-0.047159977199847276, 0.9151562500410197, 0.7926587269161688, 0.7662960324530499
-0.03586417085662441, 0.8607862761764825, 0.7926587269161688, 0.7662960324530499
-0.02460856058381946, 0.8064099444757091, 0.7926587269161688, 0.7662960324530499
-0.013394115318306346, 0.752027154951002, 0.7926587269161688, 0.7662960324530499
-0.0022218039969557953, 0.6976378076146484, 0.7926587269161688, 0.7662960324530499
0.00890740444336125, 0.6432418024789364, 0.7926587269161688, 0.7662960324530499
0.019992541065770968, 0.5888390395561688, 0.7926587269161688, 0.7662960324530499
0.03103263693340863, 0.5344294188586038, 0.7926587269161688, 0.7662960324530499
0.04202672310940027, 0.48001284039854386, 0.7926587269161688, 0.7662960324530499
0.052973830656875054, 0.42558920418827695, 0.7926587269161688, 0.7662960324530499
0.06387299063896212, 0.371158410240091, 0.7926587269161688, 0.7662960324530499
0.07472323411878769, 0.31672035856628855, 0.7926587269161688, 0.7662960324530499
0.08552359215948702, 0.2622749491791275, 0.7926587269161688, 0.7662960324530499
0.09627309582418611, 0.20782208209091052, 0.7926587269161688, 0.7662960324530499
0.10697077617601422, 0.15336165731392515, 0.7926587269161688, 0.7662960324530499
0.11761566427809753, 0.09889357486047512, 0.7926587269161688, 0.7662960324530499
0.12820679119357095, 0.04441773474281763, 0.7926587269161688, 0.7662960324530499
0.13874318798556093, -0.010065963026744673, 0.7926587269161688, 0.7662960324530499
0.1492238857171966, -0.06455761843592375, 0.7926587269161688, 0.7662960324530499
0.15964791545160698, -0.11905733147243108, 0.7926587269161688, 0.7662960324530499
0.17001430825191838, -0.17356520212396465, 0.7926587269161688, 0.7662960324530499
0.18032209518126582, -0.2280813303782671, 0.7926587269161688, 0.7662960324530499
0.19057030730277552, -0.2826058162230349, 0.7926587269161688, 0.7662960324530499
0.20075797567957676, -0.33713875964598033, 0.7926587269161688, 0.7662960324530499
0.21088413137479847, -0.3916802606348157, 0.7926587269161688, 0.7662960324530499
0.22094780545156723, -0.4462304191772378, 0.7926587269161688, 0.7662960324530499
0.23094802897301764, -0.5007893352609898, 0.7926587269161688, 0.7662960324530499
0.24088383300227612, -0.5553571088737679, 0.7926587269161688, 0.7662960324530499
0.25075424860247186, -0.6099338400032848, 0.7926587269161688, 0.7662960324530499
0.2605583068367339, -0.6645196286372519, 0.7926587269161688, 0.7662960324530499
0.27029503876818894, -0.7191145747633676, 0.7926587269161688, 0.7662960324530499
0.27996347545997136, -0.7737187783693732, 0.7926587269161688, 0.7662960324530499
0.2895626479752077, -0.8283323394429667, 0.7926587269161688, 0.7662960324530499
0.2990915873770271, -0.8829553579718594, 0.7926587269161688, 0.7662960324530499
0.30854932472855867, -0.937587933943764, 0.7926587269161688, 0.7662960324530499
0.31793489109292905, -0.9922301673463777, 0.7926587269161688, 0.7662960324530499
0.3272473175332724, -1.046882158167442, 0.7926587269161688, 0.7662960324530499
0.3364856351127156, -1.1015440063946553, 0.7926587269161688, 0.7662960324530499
0.3456488748943877, -1.156215812015729, 0.7926587269161688, 0.7662960324530499
0.3547360679414176, -1.210897675018375, 0.7926587269161688, 0.7662960324530499
0.36374624531693245, -1.2655896953902914, 0.7926587269161688, 0.7662960324530499
0.372678438084066, -1.32029197311922, 0.7926587269161688, 0.7662960324530499
0.38153167730594506, -1.3750046081928577, 0.7926587269161688, 0.7662960324530499
0.39030499404569874, -1.4297277005989173, 0.7926587269161688, 0.7662960324530499
0.3989974193664538, -1.4844613503250943, 0.7926587269161688, 0.7662960324530499
0.4076079843313445, -1.5392056573591333, 0.7926587269161688, 0.7662960324530499
0.4161357200034972, -1.5939607216887306, 0.7926587269161688, 0.7662960324530499
0.4245796574460411, -1.6487266433015975, 0.7926587269161688, 0.7662960324530499
0.4329388277221056, -1.7035035221854473, 0.7926587269161688, 0.7662960324530499
0.4412122618948172, -1.7582914583279754, 0.7926587269161688, 0.7662960324530499
0.4493989910273103, -1.8130905517169271, 0.7926587269161688, 0.7662960324530499
0.457498046182711, -1.8679009023399968, 0.7926587269161688, 0.7662960324530499
0.4655084584241491, -1.9227226101848984, 0.7926587269161688, 0.7662960324530499
0.47342925881475323, -1.977555775239343, 0.7926587269161688, 0.7662960324530499
0.48125947841765077, -2.032400497491028, 0.7926587269161688, 0.7662960324530499
0.488998148295975, -2.087256876927696, 0.7926587269161688, 0.7662960324530499
0.49664429951285305, -2.1421250135370435, 0.7926587269161688, 0.7662960324530499
0.5041969631314139, -2.1970050073067835, 0.7926587269161688, 0.7662960324530499
0.5116551702147869, -2.251896958224628, 0.7926587269161688, 0.7662960324530499
0.5190179518260992, -2.3068009662782742, 0.7926587269161688, 0.7662960324530499
0.5262843390284839, -2.361717131455463, 0.7926587269161688, 0.7662960324530499
0.5334533628850682, -2.4166455537438933, 0.7926587269161688, 0.7662960324530499
0.5405240544589813, -2.4715863331312775, 0.7926587269161688, 0.7662960324530499
0.5474954448133521, -2.5265395696053266, 0.7926587269161688, 0.7662960324530499
0.5543665650113081, -2.5815053631537377, 0.7926587269161688, 0.7662960324530499
0.5611364461159823, -2.6364838137642543, 0.7926587269161688, 0.7662960324530499
0.5678041191905019, -2.6914750214245724, 0.7926587269161688, 0.7662960324530499
0.5743686152979959, -2.746479086122404, 0.7926587269161688, 0.7662960324530499
0.5808289655015937, -2.8014961078454625, 0.7926587269161688, 0.7662960324530499
0.5871842008644226, -2.8565261865814433, 0.7926587269161688, 0.7662960324530499
0.5934333524496151, -2.911569422318091, 0.7926587269161688, 0.7662960324530499
0.5995754513202991, -2.9666259150431014, 0.7926587269161688, 0.7662960324530499
0.6056095285396033, -3.0216957647441864, 0.7926587269161688, 0.7662960324530499
0.6115346151706552, -3.0767790714090433, 0.7926587269161688, 0.7662960324530499
0.6173497422765877, -3.1318759350254144, 0.7926587269161688, 0.7662960324530499
0.6230539409205279, -3.1869864555809984, 0.7926587269161688, 0.7662960324530499
0.6286462421656052, -3.2421107330635053, 0.7926587269161688, 0.7662960324530499
0.6341256770749484, -3.297248867460648, 0.7926587269161688, 0.7662960324530499
0.6394912767116856, -3.352400958760124, 0.7926587269161688, 0.7662960324530499
0.6447420721389487, -3.407567106949675, 0.7926587269161688, 0.7662960324530499
0.6498770944198654, -3.4627474120169985, 0.7926587269161688, 0.7662960324530499
0.654895374617565, -3.5179419739498075, 0.7926587269161688, 0.7662960324530499
0.6597959437951766, -3.5731508927358133, 0.7926587269161688, 0.7662960324530499
0.6645778353199627, -3.628374267872088, 0.7926587269161688, 0.7662960324530499
0.6692406263487003, -3.683612083065421, 0.7926587269161688, 0.7662960324530499
0.6737851356634036, -3.7388640576404866, 0.7926587269161688, 0.7662960324530499
0.6782123545309952, -3.7941298741943736, 0.7926587269161688, 0.7662960324530499
0.6825232742183979, -3.849409215324172, 0.7926587269161688, 0.7662960324530499
0.686718885992533, -3.904701763626954, 0.7926587269161688, 0.7662960324530499
0.6908001811203259, -3.96000720169984, 0.7926587269161688, 0.7662960324530499
0.6947681508686981, -4.015325212139904, 0.7926587269161688, 0.7662960324530499
0.698623786504572, -4.070655477544234, 0.7926587269161688, 0.7662960324530499
0.7023680792948703, -4.1259976805099186, 0.7926587269161688, 0.7662960324530499
0.7060020205065152, -4.1813515036340325, 0.7926587269161688, 0.7662960324530499
0.7095266014064306, -4.236716629513695, 0.7926587269161688, 0.7662960324530499
0.7129428132615392, -4.2920927407459795, 0.7926587269161688, 0.7662960324530499
0.7162516473387626, -4.347479519927973, 0.7926587269161688, 0.7662960324530499
0.7194540949050237, -4.402876649656755, 0.7926587269161688, 0.7662960324530499
0.722551147227246, -4.458283812529438, 0.7926587269161688, 0.7662960324530499
0.7255437955723522, -4.513700691143102, 0.7926587269161688, 0.7662960324530499
0.7284330312072641, -4.569126968094831, 0.7926587269161688, 0.7662960324530499
0.7312198453989052, -4.624562325981716, 0.7926587269161688, 0.7662960324530499
0.733905229414197, -4.680006447400829, 0.7926587269161688, 0.7662960324530499
0.7364901745200637, -4.735459014949291, 0.7926587269161688, 0.7662960324530499
0.7389756719834277, -4.790919711224178, 0.7926587269161688, 0.7662960324530499
0.741362713071211, -4.846388218822574, 0.7926587269161688, 0.7662960324530499
0.7436522890503368, -4.901864220341571, 0.7926587269161688, 0.7662960324530499
0.7458453911877269, -4.957347398378243, 0.7926587269161688, 0.7662960324530499
0.7479430107503056, -5.012837435529708, 0.7926587269161688, 0.7662960324530499
0.7499461390049945, -5.068334014393039, 0.7926587269161688, 0.7662960324530499
0.7518557672187168, -5.123836817565327, 0.7926587269161688, 0.7662960324530499
0.7536728866583947, -5.17934552764366, 0.7926587269161688, 0.7662960324530499
0.7553984885909509, -5.234859827225112, 0.7926587269161688, 0.7662960324530499
0.7570335642833086, -5.2903793989068, 0.7926587269161688, 0.7662960324530499
0.7585791050023905, -5.345903925285802, 0.7926587269161688, 0.7662960324530499
0.760036102015119, -5.401433088959205, 0.7926587269161688, 0.7662960324530499
0.7614055465884169, -5.456966572524096, 0.7926587269161688, 0.7662960324530499
0.7626884299892063, -5.512504058577552, 0.7926587269161688, 0.7662960324530499
0.7638857434844109, -5.568045229716691, 0.7926587269161688, 0.7662960324530499
0.7649984783409532, -5.623589768538586, 0.7926587269161688, 0.7662960324530499
0.7660276258257552, -5.679137357640325, 0.7926587269161688, 0.7662960324530499
0.7669741772057403, -5.734687679619, 0.7926587269161688, 0.7662960324530499
0.7678391237478307, -5.790240417071682, 0.7926587269161688, 0.7662960324530499
0.7686234567189496, -5.845795252595492, 0.7926587269161688, 0.7662960324530499
0.7693281673860193, -5.901351868787502, 0.7926587269161688, 0.7662960324530499
0.7699542470159628, -5.956909948244803, 0.7926587269161688, 0.7662960324530499
0.7705026868757024, -6.012469173564468, 0.7926587269161688, 0.7662960324530499
0.7709744782321614, -6.068029227343616, 0.7926587269161688, 0.7662960324530499
0.7713706123522621, -6.123589792179321, 0.7926587269161688, 0.7662960324530499
0.7716920805029271, -6.1791505506686715, 0.7926587269161688, 0.7662960324530499
0.7719398739510793, -6.234711185408758, 0.7926587269161688, 0.7662960324530499
0.7721149839636413, -6.290271378996652, 0.7926587269161688, 0.7662960324530499
0.7722184018075359, -6.345830814029473, 0.7926587269161688, 0.7662960324530499
0.7722511187496858, -6.401389173104296, 0.7926587269161688, 0.7662960324530499
0.7722141260570137, -6.45694613881821, 0.7926587269161688, 0.7662960324530499
0.7721084149964421, -6.512501393768303, 0.7926587269161688, 0.7662960324530499
0.771934976834894, -6.568054620551649, 0.7926587269161688, 0.7662960324530499
0.7716948028392918, -6.623605501765368, 0.7926587269161688, 0.7662960324530499
0.7713888842765584, -6.679153720006532, 0.7926587269161688, 0.7662960324530499
0.7710182124136166, -6.734698957872234, 0.7926587269161688, 0.7662960324530499
0.7705836504660095, -6.790240911987261, 0.7926587269161688, 0.7662960324530499
0.7700849300546578, -6.845779402939723, 0.7926587269161688, 0.7662960324530499
0.7695211928324367, -6.901314315947274, 0.7926587269161688, 0.7662960324530499
0.7688915753538117, -6.956845536786046, 0.7926587269161688, 0.7662960324530499
0.768195214173248, -7.012372951232183, 0.7926587269161688, 0.7662960324530499
0.7674312458452109, -7.067896445061827, 0.7926587269161688, 0.7662960324530499
0.7665988069241662, -7.123415904051108, 0.7926587269161688, 0.7662960324530499
0.7656970339645781, -7.178931213976201, 0.7926587269161688, 0.7662960324530499
0.7647250635209126, -7.234442260613237, 0.7926587269161688, 0.7662960324530499
0.7636820321476347, -7.289948929738355, 0.7926587269161688, 0.7662960324530499
0.7625670763992103, -7.3454511071277055, 0.7926587269161688, 0.7662960324530499
0.7613793328301045, -7.4009486785574135, 0.7926587269161688, 0.7662960324530499
0.760117937994782, -7.456441529803654, 0.7926587269161688, 0.7662960324530499
0.7587820284477084, -7.511929546642559, 0.7926587269161688, 0.7662960324530499
0.757370740743349, -7.567412614850267, 0.7926587269161688, 0.7662960324530499
0.7558832114361699, -7.6228906202029165, 0.7926587269161688, 0.7662960324530499
0.7543185770806351, -7.678363448476673, 0.7926587269161688, 0.7662960324530499
0.7526759742312104, -7.73383098544767, 0.7926587269161688, 0.7662960324530499
0.7509545394423612, -7.789293116892051, 0.7926587269161688, 0.7662960324530499
0.7491534092685527, -7.844749728585962, 0.7926587269161688, 0.7662960324530499
0.7472717202642506, -7.900200706305528, 0.7926587269161688, 0.7662960324530499
0.7453086089839194, -7.955645935826928, 0.7926587269161688, 0.7662960324530499
0.7432632119820249, -8.01108530292629, 0.7926587269161688, 0.7662960324530499
0.7411346658130323, -8.066518693379756, 0.7926587269161688, 0.7662960324530499
0.738922107031407, -8.121945992963472, 0.7926587269161688, 0.7662960324530499
0.7366246721916149, -8.177367087453568, 0.7926587269161688, 0.7662960324530499
0.7342414978481199, -8.232781862626219, 0.7926587269161688, 0.7662960324530499
0.7317717205553879, -8.288190204257551, 0.7926587269161688, 0.7662960324530499
0.7292144768678843, -8.34359199812371, 0.7926587269161688, 0.7662960324530499
0.7265689033400742, -8.39898713000084, 0.7926587269161688, 0.7662960324530499
0.7238341365264239, -8.45437548566507, 0.7926587269161688, 0.7662960324530499
0.7210093129813975, -8.509756950892577, 0.7926587269161688, 0.7662960324530499
0.7180935692594602, -8.565131411459488, 0.7926587269161688, 0.7662960324530499
0.7150860419150781, -8.620498753141948, 0.7926587269161688, 0.7662960324530499
0.711985867502716, -8.675858861716101, 0.7926587269161688, 0.7662960324530499
0.7087921825768402, -8.731211622958076, 0.7926587269161688, 0.7662960324530499
0.7055041236919142, -8.786556922644047, 0.7926587269161688, 0.7662960324530499
0.7021208274024044, -8.841894646550143, 0.7926587269161688, 0.7662960324530499
0.6986414302627758, -8.897224680452513, 0.7926587269161688, 0.7662960324530499
0.6950650688274941, -8.952546910127296, 0.7926587269161688, 0.7662960324530499
0.691390879651025, -9.00786122135062, 0.7926587269161688, 0.7662960324530499
0.6876179992878322, -9.063167499898665, 0.7926587269161688, 0.7662960324530499
0.683745564292382, -9.118465631547558, 0.7926587269161688, 0.7662960324530499
0.6797727112191395, -9.17375550207344, 0.7926587269161688, 0.7662960324530499
0.6756985766225712, -9.229036997252445, 0.7926587269161688, 0.7662960324530499
0.6715222970571402, -9.284310002860742, 0.7926587269161688, 0.7662960324530499
0.6672430090773128, -9.339574404674467, 0.7926587269161688, 0.7662960324530499
0.6628598492375545, -9.39483008846976, 0.7926587269161688, 0.7662960324530499
0.6583719540923304, -9.450076940022768, 0.7926587269161688, 0.7662960324530499
0.6537784601961072, -9.505314845109618, 0.7926587269161688, 0.7662960324530499
0.6490785041033476, -9.560543689506483, 0.7926587269161688, 0.7662960324530499
0.6442712223685181, -9.615763358989495, 0.7926587269161688, 0.7662960324530499
0.6393557915222038, -9.670973742630075, 0.7926587269161688, 0.7662960324530499
0.634332198111411, -9.726174796270179, 0.7926587269161688, 0.7662960324530499
0.6292011821987574, -9.781366537864884, 0.7926587269161688, 0.7662960324530499
0.6239635125042918, -9.836548987731565, 0.7926587269161688, 0.7662960324530499
0.6186199577480669, -9.891722166187552, 0.7926587269161688, 0.7662960324530499
0.6131712866501344, -9.946886093550189, 0.7926587269161688, 0.7662960324530499
0.6076182679305457, -10.002040790136832, 0.7926587269161688, 0.7662960324530499
0.601961670309354, -10.057186276264808, 0.7926587269161688, 0.7662960324530499
0.5962022625066076, -10.112322572251491, 0.7926587269161688, 0.7662960324530499
0.5903408132423595, -10.167449698414213, 0.7926587269161688, 0.7662960324530499
0.5843780912366613, -10.22256767507033, 0.7926587269161688, 0.7662960324530499
0.5783148652095645, -10.27767652253718, 0.7926587269161688, 0.7662960324530499
0.5721519038811221, -10.332776261132096, 0.7926587269161688, 0.7662960324530499
0.5658899759713826, -10.38786691117246, 0.7926587269161688, 0.7662960324530499
0.5595298502003991, -10.442948492975601, 0.7926587269161688, 0.7662960324530499
0.5530722952882228, -10.498021026858867, 0.7926587269161688, 0.7662960324530499
0.5465180799549054, -10.553084533139602, 0.7926587269161688, 0.7662960324530499
0.5398679729205004, -10.60813903213514, 0.7926587269161688, 0.7662960324530499
0.5331227429050555, -10.663184544162856, 0.7926587269161688, 0.7662960324530499
0.5262831586286236, -10.718221089540087, 0.7926587269161688, 0.7662960324530499
0.5193499888112572, -10.773248688584182, 0.7926587269161688, 0.7662960324530499
0.5123240021730089, -10.828267361612461, 0.7926587269161688, 0.7662960324530499
0.5052059674339267, -10.883277128942309, 0.7926587269161688, 0.7662960324530499
0.4979966533140639, -10.93827801089106, 0.7926587269161688, 0.7662960324530499
0.4906968285334722, -10.99327002777606, 0.7926587269161688, 0.7662960324530499
0.48330726181220285, -11.048253199914653, 0.7926587269161688, 0.7662960324530499
0.47582872187030956, -11.10322754762417, 0.7926587269161688, 0.7662960324530499
0.46826197742783976, -11.158193091221994, 0.7926587269161688, 0.7662960324530499
0.4606077972048469, -11.213149851025452, 0.7926587269161688, 0.7662960324530499
0.45286694992138254, -11.268097847351893, 0.7926587269161688, 0.7662960324530499
0.44504020429749813, -11.323037100518663, 0.7926587269161688, 0.7662960324530499
0.4371283290532475, -11.377967630843093, 0.7926587269161688, 0.7662960324530499
0.4291320929086776, -11.432889458642563, 0.7926587269161688, 0.7662960324530499
0.42105226458384243, -11.487802604234407, 0.7926587269161688, 0.7662960324530499
0.4128896127987931, -11.542707087935966, 0.7926587269161688, 0.7662960324530499
0.4046449062735814, -11.59760293006459, 0.7926587269161688, 0.7662960324530499
0.396318913728261, -11.65249015093761, 0.7926587269161688, 0.7662960324530499
0.3879124038828789, -11.707368770872405, 0.7926587269161688, 0.7662960324530499
0.3794261454574889, -11.762238810186307, 0.7926587269161688, 0.7662960324530499
0.3708609071721423, -11.81710028919666, 0.7926587269161688, 0.7662960324530499
0.3622174577468909, -11.871953228220812, 0.7926587269161688, 0.7662960324530499
0.3534965659017885, -11.926797647576102, 0.7926587269161688, 0.7662960324530499
0.3446990003568817, -11.981633567579895, 0.7926587269161688, 0.7662960324530499
0.33582552983222463, -12.036461008549534, 0.7926587269161688, 0.7662960324530499
0.3268769230478686, -12.091279990802356, 0.7926587269161688, 0.7662960324530499
0.31785394872386513, -12.146090534655716, 0.7926587269161688, 0.7662960324530499
0.30875884076181287, -12.200892783867841, 0.7926587269161688, 0.7662960324530499
0.29960384684732827, -12.255687725853898, 0.7926587269161688, 0.7662960324530499
0.2904054027461945, -12.310476700872906, 0.7926587269161688, 0.7662960324530499
0.28117995833732257, -12.365261050372933, 0.7926587269161688, 0.7662960324530499
0.2719439634996262, -12.42004211580202, 0.7926587269161688, 0.7662960324530499
0.2627138681120114, -12.474821238608273, 0.7926587269161688, 0.7662960324530499
0.2535061220533916, -12.529599760239734, 0.7926587269161688, 0.7662960324530499
0.24433717520267814, -12.584379022144466, 0.7926587269161688, 0.7662960324530499
0.23522347743878178, -12.639160365770538, 0.7926587269161688, 0.7662960324530499
0.22618147864061625, -12.693945132565991, 0.7926587269161688, 0.7662960324530499
0.21722762868708756, -12.74873466397893, 0.7926587269161688, 0.7662960324530499
0.20837837745710927, -12.803530301457391, 0.7926587269161688, 0.7662960324530499
0.1996501748295924, -12.858333386449448, 0.7926587269161688, 0.7662960324530499
0.1910594706834482, -12.913145260403166, 0.7926587269161688, 0.7662960324530499
0.18262271489758988, -12.967967264766589, 0.7926587269161688, 0.7662960324530499
0.17435635735092386, -13.022800740987806, 0.7926587269161688, 0.7662960324530499
0.16627684792236355, -13.077647030514877, 0.7926587269161688, 0.7662960324530499
0.15840063649082003, -13.13250747479586, 0.7926587269161688, 0.7662960324530499
0.1507441729352043, -13.187383415278818, 0.7926587269161688, 0.7662960324530499
0.14332390713442958, -13.242276193411803, 0.7926587269161688, 0.7662960324530499
0.13615628896740276, -13.297187150642912, 0.7926587269161688, 0.7662960324530499
0.12925776831303695, -13.352117628420185, 0.7926587269161688, 0.7662960324530499
0.1226447950502432, -13.40706896819169, 0.7926587269161688, 0.7662960324530499
0.11633381905793265, -13.462042511405494, 0.7926587269161688, 0.7662960324530499
0.11034129021501796, -13.517039599509644, 0.7926587269161688, 0.7662960324530499
0.10468365840040683, -13.572061573952235, 0.7926587269161688, 0.7662960324530499
0.09937737349301203, -13.627109776181316, 0.7926587269161688, 0.7662960324530499
0.09443888537174461, -13.682185547644943, 0.7926587269161688, 0.7662960324530499
0.08988464391551569, -13.737290229791192, 0.7926587269161688, 0.7662960324530499
0.0857310990032374, -13.792425164068103, 0.7926587269161688, 0.7662960324530499
0.08199470051381848, -13.847591691923776, 0.7926587269161688, 0.7662960324530499
0.07869189832617121, -13.902791154806259, 0.7926587269161688, 0.7662960324530499
0.07583914231920669, -13.958024894163618, 0.7926587269161688, 0.7662960324530499
0.0734528823718365, -14.013294251443895, 0.7926587269161688, 0.7662960324530499
0.07154956836297045, -14.068600568095189, 0.7926587269161688, 0.7662960324530499
0.07014471950416716, -14.12394482850411, 0.7926587269161688, 0.7662960324530499
0.06924409858370437, -14.17932427389119, 0.7926587269161688, 0.7662960324530499
0.06884764429949809, -14.234733910996454, 0.7926587269161688, 0.7662960324530499
0.06895521738285648, -14.290168716647099, 0.7926587269161688, 0.7662960324530499
0.06956667856508794, -14.34562366767038, 0.7926587269161688, 0.7662960324530499
0.07068188857750078, -14.401093740893495, 0.7926587269161688, 0.7662960324530499
0.0723007081514033, -14.456573913143673, 0.7926587269161688, 0.7662960324530499
0.07442299801810381, -14.512059161248127, 0.7926587269161688, 0.7662960324530499
0.07704861890890981, -14.567544462034066, 0.7926587269161688, 0.7662960324530499
0.08017743155513105, -14.623024792328737, 0.7926587269161688, 0.7662960324530499
0.08380929668807516, -14.678495128959343, 0.7926587269161688, 0.7662960324530499
0.08794407503905043, -14.733950448753104, 0.7926587269161688, 0.7662960324530499
0.0925816273393652, -14.789385728537242, 0.7926587269161688, 0.7662960324530499
0.09772181432032621, -14.844795945138959, 0.7926587269161688, 0.7662960324530499
0.10336449671324466, -14.900176075385506, 0.7926587269161688, 0.7662960324530499
0.1095095352494275, -14.95552109610409, 0.7926587269161688, 0.7662960324530499
0.11615679066018296, -15.010825984121924, 0.7926587269161688, 0.7662960324530499
0.1233061236768194, -15.066085716266231, 0.7926587269161688, 0.7662960324530499
0.1309573950306429, -15.121295269364223, 0.7926587269161688, 0.7662960324530499
0.13911046545296601, -15.176449620243138, 0.7926587269161688, 0.7662960324530499
0.14776519567509494, -15.231543745730184, 0.7926587269161688, 0.7662960324530499
0.15692144642833805, -15.286572622652583, 0.7926587269161688, 0.7662960324530499
0.1665790784440036, -15.341531227837553, 0.7926587269161688, 0.7662960324530499
0.17673795245339702, -15.3964145381123, 0.7926587269161688, 0.7662960324530499
0.1873979291878322, -15.451217530304072, 0.7926587269161688, 0.7662960324530499
0.19855886937861472, -15.505935181240075, 0.7926587269161688, 0.7662960324530499
0.2102206337570529, -15.560562467747529, 0.7926587269161688, 0.7662960324530499
0.2223846173490477, -15.615093185699605, 0.7926587269161688, 0.7662960324530499
0.2350717063569335, -15.669506128516016, 0.7926587269161688, 0.7662960324530499
0.24831619519175785, -15.72376976925281, 0.7926587269161688, 0.7662960324530499
0.2621526423400053, -15.777852377705905, 0.7926587269161688, 0.7662960324530499
0.2766156062881603, -15.831722223671212, 0.7926587269161688, 0.7662960324530499
0.2917396455227032, -15.885347576944636, 0.7926587269161688, 0.7662960324530499
0.30755931853012686, -15.938696707322125, 0.7926587269161688, 0.7662960324530499
0.3241091837969117, -15.99173788459957, 0.7926587269161688, 0.7662960324530499
0.3414237998095424, -16.044439378572893, 0.7926587269161688, 0.7662960324530499
0.3595377250545034, -16.096769459038008, 0.7926587269161688, 0.7662960324530499
0.3784855180182737, -16.148696395790815, 0.7926587269161688, 0.7662960324530499
0.3983017371873486, -16.20018845862726, 0.7926587269161688, 0.7662960324530499
0.41902094104820736, -16.251213917343243, 0.7926587269161688, 0.7662960324530499
0.44067768808733454, -16.30174104173468, 0.7926587269161688, 0.7662960324530499
0.46330653679121475, -16.351738101597483, 0.7926587269161688, 0.7662960324530499
0.48694204564632576, -16.401173366727555, 0.7926587269161688, 0.7662960324530499
0.5116187731391653, -16.450015106920848, 0.7926587269161688, 0.7662960324530499
0.5373712777562112, -16.498231591973248, 0.7926587269161688, 0.7662960324530499
0.5642341179839484, -16.545791091680684, 0.7926587269161688, 0.7662960324530499
0.5922418523088612, -16.592661875839063, 0.7926587269161688, 0.7662960324530499
0.6214290392174258, -16.638812214244286, 0.7926587269161688, 0.7662960324530499
0.6518302371961432, -16.684210376692306, 0.7926587269161688, 0.7662960324530499
0.6834708576427732, -16.728829776277262, 0.7926587269161688, 0.7662960324530499
0.7163197586476238, -16.772675625339616, 0.7926587269161688, 0.7662960324530499
0.7503242094048838, -16.815765275397123, 0.7926587269161688, 0.7662960324530499
0.7854314361434808, -16.858116102126356, 0.7926587269161688, 0.7662960324530499
0.8215886650923723, -16.899745481203933, 0.7926587269161688, 0.7662960324530499
0.858743122480486, -16.94067078830643, 0.7926587269161688, 0.7662960324530499
0.8968420345367601, -16.980909399110445, 0.7926587269161688, 0.7662960324530499
0.9358326274901216, -17.020478689292553, 0.7926587269161688, 0.7662960324530499
0.9756621275695292, -17.059396034529367, 0.7926587269161688, 0.7662960324530499
1.0162777610039109, -17.097678810497474, 0.7926587269161688, 0.7662960324530499
1.057626754022203, -17.135344392873453, 0.7926587269161688, 0.7662960324530499
1.0996563328533453, -17.172410157333907, 0.7926587269161688, 0.7662960324530499
1.1423137237262617, -17.208893479555407, 0.7926587269161688, 0.7662960324530499
1.185546152869914, -17.244811735214572, 0.7926587269161688, 0.7662960324530499
1.2293008465132291, -17.280182299987978, 0.7926587269161688, 0.7662960324530499
1.2735250308851447, -17.315022549552232, 0.7926587269161688, 0.7662960324530499
1.3181659322145969, -17.3493498595839, 0.7926587269161688, 0.7662960324530499
1.363170776730513, -17.38318160575958, 0.7926587269161688, 0.7662960324530499
1.4084867906618546, -17.41653516375588, 0.7926587269161688, 0.7662960324530499
1.454061200237547, -17.449427909249383, 0.7926587269161688, 0.7662960324530499
1.4998412385227238, -17.481877218801902, 0.7926587269161688, 0.7662960324530499
1.5457839501677435, -17.513901739489203, 0.7926587269161688, 0.7662960324530499
1.5918757755642658, -17.54552392487685, 0.7926587269161688, 0.7662960324530499
1.638108636917909, -17.576766938377094, 0.7926587269161688, 0.7662960324530499
1.6844744564342513, -17.607653943402166, 0.7926587269161688, 0.7662960324530499
1.7309651563188855, -17.6382081033643, 0.7926587269161688, 0.7662960324530499
1.7775726587774028, -17.66845258167573, 0.7926587269161688, 0.7662960324530499
1.8242888860153827, -17.698410541748686, 0.7926587269161688, 0.7662960324530499
1.8711057602384429, -17.728105146995414, 0.7926587269161688, 0.7662960324530499
1.9180152036521627, -17.757559560828152, 0.7926587269161688, 0.7662960324530499
1.9650091384621338, -17.78679694665913, 0.7926587269161688, 0.7662960324530499
2.0120794868739473, -17.81584046790058, 0.7926587269161688, 0.7662960324530499
2.059218171093184, -17.844713287964737, 0.7926587269161688, 0.7662960324530499
2.10641711332546, -17.873438570263843, 0.7926587269161688, 0.7662960324530499
2.153668235776356, -17.90203947821014, 0.7926587269161688, 0.7662960324530499
2.2009634606514625, -17.930539175215852, 0.7926587269161688, 0.7662960324530499
2.2482947101563586, -17.958960824693204, 0.7926587269161688, 0.7662960324530499
2.2956539064966623, -17.98732759005446, 0.7926587269161688, 0.7662960324530499
2.3430329718779546, -18.01566263471184, 0.7926587269161688, 0.7662960324530499
2.390423828505825, -18.04398912207758, 0.7926587269161688, 0.7662960324530499
2.4378183985858652, -18.072330215563916, 0.7926587269161688, 0.7662960324530499
2.4852086043236556, -18.10070907858308, 0.7926587269161688, 0.7662960324530499
2.532585827953375, -18.129149297982263, 0.7926587269161688, 0.7662960324530499
2.5799238030364986, -18.157688300349577, 0.7926587269161688, 0.7662960324530499
2.6271751025360546, -18.186380105996985, 0.7926587269161688, 0.7662960324530499
2.67429104979879, -18.215279715160868, 0.7926587269161688, 0.7662960324530499
2.7212229681714444, -18.244442128077612, 0.7926587269161688, 0.7662960324530499
2.7679221810007957, -18.273922344983625, 0.7926587269161688, 0.7662960324530499
2.8143400116335813, -18.303775366115296, 0.7926587269161688, 0.7662960324530499
2.8604277834165512, -18.334056191709003, 0.7926587269161688, 0.7662960324530499
2.9061368196964588, -18.364819822001152, 0.7926587269161688, 0.7662960324530499
2.951418443820041, -18.396121257228117, 0.7926587269161688, 0.7662960324530499
2.996223979134074, -18.42801549762631, 0.7926587269161688, 0.7662960324530499
3.0405047489852977, -18.460557543432106, 0.7926587269161688, 0.7662960324530499
3.084212076720461, -18.493802394881904, 0.7926587269161688, 0.7662960324530499
3.127297285686316, -18.52780505221209, 0.7926587269161688, 0.7662960324530499
3.169711699229602, -18.56262051565905, 0.7926587269161688, 0.7662960324530499
3.2114066406970943, -18.598303785459187, 0.7926587269161688, 0.7662960324530499
3.2523334334355307, -18.634909861848886, 0.7926587269161688, 0.7662960324530499
3.292443400791664, -18.672493745064546, 0.7926587269161688, 0.7662960324530499
3.331687866112233, -18.711110435342533, 0.7926587269161688, 0.7662960324530499
3.3700181527440116, -18.750814932919273, 0.7926587269161688, 0.7662960324530499
3.4073855840337393, -18.791662238031137, 0.7926587269161688, 0.7662960324530499
3.443741483328166, -18.833707350914512, 0.7926587269161688, 0.7662960324530499
3.479037173974046, -18.877005271805807, 0.7926587269161688, 0.7662960324530499
3.5132230337244152, -18.921596132141044, 0.7926587269161688, 0.7662960324530499
3.5462438759492545, -18.967432567319875, 0.7926587269161688, 0.7662960324530499
3.5780424854154256, -19.01443531437558, 0.7926587269161688, 0.7662960324530499
3.6085616439402757, -19.062525063962287, 0.7926587269161688, 0.7662960324530499
3.6377441333411538, -19.111622506734115, 0.7926587269161688, 0.7662960324530499
3.6655327354354, -19.161648333345177, 0.7926587269161688, 0.7662960324530499
3.6918702320403782, -19.212523234449623, 0.7926587269161688, 0.7662960324530499
3.7166994049734274, -19.264167900701555, 0.7926587269161688, 0.7662960324530499
3.739963036051897, -19.316503022755107, 0.7926587269161688, 0.7662960324530499
3.7616039070931353, -19.369449291264406, 0.7926587269161688, 0.7662960324530499
3.781564799914485, -19.42292739688354, 0.7926587269161688, 0.7662960324530499
3.7997884963333046, -19.476858030266694, 0.7926587269161688, 0.7662960324530499
3.8162177781669375, -19.531161882067952, 0.7926587269161688, 0.7662960324530499
3.830795427232731, -19.585759642941436, 0.7926587269161688, 0.7662960324530499
3.843464225348033, -19.640572003541287, 0.7926587269161688, 0.7662960324530499
3.8541669543301906, -19.6955196545216, 0.7926587269161688, 0.7662960324530499
3.8628463959965575, -19.75052328653654, 0.7926587269161688, 0.7662960324530499
3.869445332164476, -19.8055035902402, 0.7926587269161688, 0.7662960324530499
3.8739065446512977, -19.86038125628672, 0.7926587269161688, 0.7662960324530499
3.8761738413465308, -19.91507750013819, 0.7926587269161688, 0.7662960324530499
3.876234004140537, -19.9695355172885, 0.7926587269161688, 0.7662960324530499
3.8741314932791733, -20.023728004140512, 0.7926587269161688, 0.7662960324530499
3.869914816023805, -20.077629727035333, 0.7926587269161688, 0.7662960324530499
3.863632479635801, -20.1312154523141, 0.7926587269161688, 0.7662960324530499
3.8553329913765286, -20.184459946317908, 0.7926587269161688, 0.7662960324530499
3.845064858507352, -20.237337975387923, 0.7926587269161688, 0.7662960324530499
3.8328765882896376, -20.289824305865263, 0.7926587269161688, 0.7662960324530499
3.8188166879847536, -20.341893704091046, 0.7926587269161688, 0.7662960324530499
3.802933664854069, -20.3935209364064, 0.7926587269161688, 0.7662960324530499
3.785276026158951, -20.444680769152434, 0.7926587269161688, 0.7662960324530499
3.765892279160758, -20.4953479686703, 0.7926587269161688, 0.7662960324530499
3.744830931120864, -20.545497301301122, 0.7926587269161688, 0.7662960324530499
3.722140489300632, -20.595103533386006, 0.7926587269161688, 0.7662960324530499
3.6978694609614315, -20.6441414312661, 0.7926587269161688, 0.7662960324530499
3.6720663533646354, -20.6925857612825, 0.7926587269161688, 0.7662960324530499
3.6447796737715965, -20.740411289776368, 0.7926587269161688, 0.7662960324530499
3.616057929443688, -20.787592783088815, 0.7926587269161688, 0.7662960324530499
3.5859496276422775, -20.834105007560964, 0.7926587269161688, 0.7662960324530499
3.55450327562873, -20.87992272953394, 0.7926587269161688, 0.7662960324530499
3.521767380664423, -20.92502071534886, 0.7926587269161688, 0.7662960324530499
3.4877904500107055, -20.969373731346884, 0.7926587269161688, 0.7662960324530499
3.452620990928952, -21.0129565438691, 0.7926587269161688, 0.7662960324530499
3.416307510680528, -21.05574391925666, 0.7926587269161688, 0.7662960324530499
3.378898516526803, -21.097710623850677, 0.7926587269161688, 0.7662960324530499
3.3404425157291535, -21.13883142399227, 0.7926587269161688, 0.7662960324530499
3.3009880155489237, -21.17908108602258, 0.7926587269161688, 0.7662960324530499
3.260583523247492, -21.21843437628273, 0.7926587269161688, 0.7662960324530499
3.219277546086225, -21.256866061113847, 0.7926587269161688, 0.7662960324530499
3.177118591326489, -21.294350906857048, 0.7926587269161688, 0.7662960324530499
3.1341551662296645, -21.330863679853465, 0.7926587269161688, 0.7662960324530499
3.090435778057091, -21.36637914644422, 0.7926587269161688, 0.7662960324530499
3.0460089340701506, -21.40087207297045, 0.7926587269161688, 0.7662960324530499
3.000923141530207, -21.43431722577327, 0.7926587269161688, 0.7662960324530499
2.9552269076986413, -21.4666893711938, 0.7926587269161688, 0.7662960324530499
2.9089687398367956, -21.497963275573184, 0.7926587269161688, 0.7662960324530499
2.862196793080151, -21.528114128574057, 0.7926587269161688, 0.7662960324530499
2.8149445993614566, -21.557134699697013, 0.7926587269161688, 0.7662960324530499
2.767226135644723, -21.585041267190313, 0.7926587269161688, 0.7662960324530499
2.7190540142259683, -21.611851749889592, 0.7926587269161688, 0.7662960324530499
2.6704408474011734, -21.63758406663053, 0.7926587269161688, 0.7662960324530499
2.6213992474663588, -21.662256136248782, 0.7926587269161688, 0.7662960324530499
2.5719418267175302, -21.685885877580002, 0.7926587269161688, 0.7662960324530499
2.522081197450695, -21.708491209459847, 0.7926587269161688, 0.7662960324530499
2.471829971961874, -21.730090050723973, 0.7926587269161688, 0.7662960324530499
2.421200762547045, -21.750700320208043, 0.7926587269161688, 0.7662960324530499
2.3702061815022293, -21.770339936747718, 0.7926587269161688, 0.7662960324530499
2.318858841123433, -21.78902681917864, 0.7926587269161688, 0.7662960324530499
2.267171353706664, -21.80677888633649, 0.7926587269161688, 0.7662960324530499
2.215156331547942, -21.823614057056904, 0.7926587269161688, 0.7662960324530499
2.1628263869432462, -21.839550250175567, 0.7926587269161688, 0.7662960324530499
2.1101941321885964, -21.8546053845281, 0.7926587269161688, 0.7662960324530499
2.0572721795800004, -21.868797378950198, 0.7926587269161688, 0.7662960324530499
2.004073141413464, -21.88214415227749, 0.7926587269161688, 0.7662960324530499
1.9506096299850089, -21.894663623345654, 0.7926587269161688, 0.7662960324530499
1.896894257590613, -21.906373710990334, 0.7926587269161688, 0.7662960324530499
1.8429396365262964, -21.9172923340472, 0.7926587269161688, 0.7662960324530499
1.788758379088067, -21.927437411351907, 0.7926587269161688, 0.7662960324530499
1.7343630975719302, -21.9368268617401, 0.7926587269161688, 0.7662960324530499
1.6797664042739096, -21.945478604047462, 0.7926587269161688, 0.7662960324530499
1.6249809114899803, -21.953410557109624, 0.7926587269161688, 0.7662960324530499
1.570019231516164, -21.960640639762268, 0.7926587269161688, 0.7662960324530499
1.514893976648468, -21.967186770841028, 0.7926587269161688, 0.7662960324530499
1.4596177591829138, -21.973066869181586, 0.7926587269161688, 0.7662960324530499
1.4042031914154787, -21.97829885361959, 0.7926587269161688, 0.7662960324530499
1.3486628856421825, -21.982900642990685, 0.7926587269161688, 0.7662960324530499
1.2930094541590338, -21.986890156130542, 0.7926587269161688, 0.7662960324530499
1.2372555092620385, -21.99028531187483, 0.7926587269161688, 0.7662960324530499
1.1814136632472185, -21.993104029059182, 0.7926587269161688, 0.7662960324530499
1.1254965284105505, -21.99536422651928, 0.7926587269161688, 0.7662960324530499
1.0695167170480557, -21.99708382309076, 0.7926587269161688, 0.7662960324530499
1.013486841455741, -21.998280737609296, 0.7926587269161688, 0.7662960324530499
0.9574195139296138, -21.998972888910544, 0.7926587269161688, 0.7662960324530499
0.9013273467656951, -21.999178195830158, 0.7926587269161688, 0.7662960324530499
0.8452229522599615, -21.99891457720379, 0.7926587269161688, 0.7662960324530499
0.7891189427084343, -21.99819995186711, 0.7926587269161688, 0.7662960324530499
0.7330279304071213, -21.997052238655776, 0.7926587269161688, 0.7662960324530499
0.6769625276520282, -21.99548935640544, 0.7926587269161688, 0.7662960324530499
0.620935346739178, -21.993529223951757, 0.7926587269161688, 0.7662960324530499
0.5649589993198009, -21.99118975944814, 0.7926587269161688, 0.7662960324530499
0.5090434751804958, -21.988486106670585, 0.7926587269161688, 0.7662960324530499
0.45319017377458837, -21.985424319365844, 0.7926587269161688, 0.7662960324530499
0.39739873795195657, -21.982008592496356, 0.7926587269161688, 0.7662960324530499
0.34166881056249265, -21.978243121024576, 0.7926587269161688, 0.7662960324530499
0.28600003445604333, -21.97413209991293, 0.7926587269161688, 0.7662960324530499
0.2303920524825011, -21.96967972412388, 0.7926587269161688, 0.7662960324530499
0.17484450749174357, -21.964890188619854, 0.7926587269161688, 0.7662960324530499
0.11935704233364766, -21.959767688363293, 0.7926587269161688, 0.7662960324530499
0.0639292998581063, -21.95431641831665, 0.7926587269161688, 0.7662960324530499
0.008560922914965774, -21.948540573442365, 0.7926587269161688, 0.7662960324530499
-0.04674844564588111, -21.94244434870288, 0.7926587269161688, 0.7662960324530499
-0.10199916297455712, -21.93603193906063, 0.7926587269161688, 0.7662960324530499
-0.15719158622116988, -21.92930753947807, 0.7926587269161688, 0.7662960324530499
-0.21232607253587213, -21.922275344917637, 0.7926587269161688, 0.7662960324530499
-0.26740297906877186, -21.914939550341774, 0.7926587269161688, 0.7662960324530499
-0.32242266296999156, -21.90730435071292, 0.7926587269161688, 0.7662960324530499
-0.37738548138965416, -21.899373940993524, 0.7926587269161688, 0.7662960324530499
-0.43229179147786684, -21.891152516146022, 0.7926587269161688, 0.7662960324530499
-0.48714195038478286, -21.88264427113286, 0.7926587269161688, 0.7662960324530499
-0.54193631526051, -21.873853400916484, 0.7926587269161688, 0.7662960324530499
-0.5966752432551707, -21.86478410045934, 0.7926587269161688, 0.7662960324530499
-0.6513590915188874, -21.855440564723853, 0.7926587269161688, 0.7662960324530499
-0.7059882172017684, -21.845826988672492, 0.7926587269161688, 0.7662960324530499
-0.7605629774539661, -21.835947567267667, 0.7926587269161688, 0.7662960324530499
-0.8150837294255885, -21.82580649547185, 0.7926587269161688, 0.7662960324530499
-0.8695508302667581, -21.815407968247463, 0.7926587269161688, 0.7662960324530499
-0.9239646371275976, -21.804756180556968, 0.7926587269161688, 0.7662960324530499
-0.9783255071582145, -21.7938553273628, 0.7926587269161688, 0.7662960324530499
-1.0326337975087623, -21.78270960362739, 0.7926587269161688, 0.7662960324530499
-1.086889865329348, -21.771323204313187, 0.7926587269161688, 0.7662960324530499
-1.1410940677700945, -21.759700324382642, 0.7926587269161688, 0.7662960324530499
-1.1952467619811247, -21.74784515879819, 0.7926587269161688, 0.7662960324530499
-1.2493483051125458, -21.73576190252228, 0.7926587269161688, 0.7662960324530499
-1.3033990543145113, -21.723454750517348, 0.7926587269161688, 0.7662960324530499
-1.3573993667371287, -21.710927897745844, 0.7926587269161688, 0.7662960324530499
-1.4113495995305203, -21.698185539170197, 0.7926587269161688, 0.7662960324530499
-1.4652501098448087, -21.685231869752858, 0.7926587269161688, 0.7662960324530499
-1.5191012548301024, -21.672071084456277, 0.7926587269161688, 0.7662960324530499
-1.5729033916365533, -21.658707378242894, 0.7926587269161688, 0.7662960324530499
-1.6266568774142698, -21.645144946075135, 0.7926587269161688, 0.7662960324530499
-1.6803620693133745, -21.631387982915463, 0.7926587269161688, 0.7662960324530499
-1.7340193244839752, -21.61744068372631, 0.7926587269161688, 0.7662960324530499
-1.787629000076224, -21.603307243470127, 0.7926587269161688, 0.7662960324530499
-1.841191453240229, -21.58899185710935, 0.7926587269161688, 0.7662960324530499
-1.8947070411261133, -21.574498719606417, 0.7926587269161688, 0.7662960324530499
-1.9481761208839987, -21.55983202592378, 0.7926587269161688, 0.7662960324530499
-2.001599049663994, -21.54499597102388, 0.7926587269161688, 0.7662960324530499
-2.0549761846162515, -21.529994749869157, 0.7926587269161688, 0.7662960324530499
-2.108307882890879, -21.51483255742205, 0.7926587269161688, 0.7662960324530499
-2.1615945016379987, -21.499513588645012, 0.7926587269161688, 0.7662960324530499
-2.2148363980077326, -21.484042038500473, 0.7926587269161688, 0.7662960324530499
-2.2680339291501914, -21.468422101950893, 0.7926587269161688, 0.7662960324530499
-2.321187452215525, -21.452657973958704, 0.7926587269161688, 0.7662960324530499
-2.374297324353842, -21.436753849486344, 0.7926587269161688, 0.7662960324530499
-2.4273639027152654, -21.42071392349626, 0.7926587269161688, 0.7662960324530499
-2.4803875440598375, -21.404542387438124, 0.7926587269161688, 0.7662960324530499
-2.5333684911395618, -21.38824240609046, 0.7926587269161688, 0.7662960324530499
-2.5863067149095547, -21.371814696631517, 0.7926587269161688, 0.7662960324530499
-2.6392021466865487, -21.35525961928626, 0.7926587269161688, 0.7662960324530499
-2.692054717787291, -21.338577534279665, 0.7926587269161688, 0.7662960324530499
-2.744864359528527, -21.321768801836672, 0.7926587269161688, 0.7662960324530499
-2.7976310032269898, -21.30483378218225, 0.7926587269161688, 0.7662960324530499
-2.850354580199454, -21.287772835541354, 0.7926587269161688, 0.7662960324530499
-2.903035021762654, -21.270586322138946, 0.7926587269161688, 0.7662960324530499
-2.9556722592333338, -21.25327460219998, 0.7926587269161688, 0.7662960324530499
-3.008266223928242, -21.235838035949428, 0.7926587269161688, 0.7662960324530499
-3.060816847164109, -21.218276983612242, 0.7926587269161688, 0.7662960324530499
-3.1133240602577112, -21.20059180541338, 0.7926587269161688, 0.7662960324530499
-3.165787794525782, -21.182782861577806, 0.7926587269161688, 0.7662960324530499
-3.218207981285066, -21.164850512330474, 0.7926587269161688, 0.7662960324530499
-3.270584551852297, -21.14679511789635, 0.7926587269161688, 0.7662960324530499
-3.3229174375442505, -21.128617038500384, 0.7926587269161688, 0.7662960324530499
-3.3752065696776574, -21.110316634367546, 0.7926587269161688, 0.7662960324530499
-3.4274518795692646, -21.091894265722786, 0.7926587269161688, 0.7662960324530499
-3.4796532985358195, -21.073350292791076, 0.7926587269161688, 0.7662960324530499
-3.5318107578940547, -21.054685075797366, 0.7926587269161688, 0.7662960324530499
-3.5839241889607445, -21.035898974966617, 0.7926587269161688, 0.7662960324530499
-3.635993523052622, -21.016992350523793, 0.7926587269161688, 0.7662960324530499
-3.688018691486434, -20.997965562693846, 0.7926587269161688, 0.7662960324530499
-3.739999625578926, -20.978818971701745, 0.7926587269161688, 0.7662960324530499
-3.791936256646831, -20.959552937772443, 0.7926587269161688, 0.7662960324530499
-3.843828516006924, -20.940167821130895, 0.7926587269161688, 0.7662960324530499
-3.8956763349759385, -20.920663982002072, 0.7926587269161688, 0.7662960324530499
-3.94747964487062, -20.901041780610928, 0.7926587269161688, 0.7662960324530499
-3.999238377007714, -20.881301577182416, 0.7926587269161688, 0.7662960324530499
-4.050952462703956, -20.861443731941513, 0.7926587269161688, 0.7662960324530499
-4.102621833276118, -20.84146860511316, 0.7926587269161688, 0.7662960324530499
-4.154246420040936, -20.82137655692232, 0.7926587269161688, 0.7662960324530499
-4.205826154315154, -20.80116794759397, 0.7926587269161688, 0.7662960324530499
-4.257360967415518, -20.78084313735305, 0.7926587269161688, 0.7662960324530499
-4.308850790658762, -20.760402486424535, 0.7926587269161688, 0.7662960324530499
-4.3602955553616605, -20.739846355033364, 0.7926587269161688, 0.7662960324530499
-4.411695192840948, -20.719175103404513, 0.7926587269161688, 0.7662960324530499
-4.463049634413366, -20.698389091762927, 0.7926587269161688, 0.7662960324530499
-4.514358811395667, -20.677488680333585, 0.7926587269161688, 0.7662960324530499
-4.56562265510458, -20.65647422934144, 0.7926587269161688, 0.7662960324530499
-4.616841096856881, -20.63534609901144, 0.7926587269161688, 0.7662960324530499
-4.668014067969301, -20.614104649568556, 0.7926587269161688, 0.7662960324530499
-4.7191414997585905, -20.59275024123775, 0.7926587269161688, 0.7662960324530499
-4.770223323541479, -20.571283234243975, 0.7926587269161688, 0.7662960324530499
-4.821259470634741, -20.54970398881219, 0.7926587269161688, 0.7662960324530499
-4.87224987235511, -20.528012865167355, 0.7926587269161688, 0.7662960324530499
-4.923194460019333, -20.50621022353443, 0.7926587269161688, 0.7662960324530499
-4.974093164944157, -20.48429642413838, 0.7926587269161688, 0.7662960324530499
-5.024945918446311, -20.462271827204155, 0.7926587269161688, 0.7662960324530499
-5.075752651842575, -20.440136792956725, 0.7926587269161688, 0.7662960324530499
-5.126513296449678, -20.417891681621033, 0.7926587269161688, 0.7662960324530499
-5.177227783584368, -20.395536853422055, 0.7926587269161688, 0.7662960324530499
-5.227896044563392, -20.37307266858475, 0.7926587269161688, 0.7662960324530499
-5.2785180107034835, -20.350499487334076, 0.7926587269161688, 0.7662960324530499
-5.3290936133214135, -20.327817669894984, 0.7926587269161688, 0.7662960324530499
-5.37962278373392, -20.30502757649244, 0.7926587269161688, 0.7662960324530499
-5.430105453257744, -20.2821295673514, 0.7926587269161688, 0.7662960324530499
-5.480541553209635, -20.259124002696826, 0.7926587269161688, 0.7662960324530499
-5.530931014906327, -20.23601124275369, 0.7926587269161688, 0.7662960324530499
-5.58127376966459, -20.212791647746926, 0.7926587269161688, 0.7662960324530499
-5.631569748801161, -20.189465577901508, 0.7926587269161688, 0.7662960324530499
-5.681818883632785, -20.166033393442394, 0.7926587269161688, 0.7662960324530499
-5.732021105476211, -20.142495454594552, 0.7926587269161688, 0.7662960324530499
-5.782176345648169, -20.118852121582936, 0.7926587269161688, 0.7662960324530499
-5.832284535465434, -20.095103754632497, 0.7926587269161688, 0.7662960324530499
-5.88234560624474, -20.0712507139682, 0.7926587269161688, 0.7662960324530499
-5.932359489302828, -20.047293359814997, 0.7926587269161688, 0.7662960324530499
-5.982326115956441, -20.02323205239788, 0.7926587269161688, 0.7662960324530499
-6.032245417522345, -19.99906715194177, 0.7926587269161688, 0.7662960324530499
-6.0821173253172764, -19.97479901867164, 0.7926587269161688, 0.7662960324530499
-6.1319417706579795, -19.950428012812445, 0.7926587269161688, 0.7662960324530499
-6.181718684861205, -19.925954494589163, 0.7926587269161688, 0.7662960324530499
-6.23144799924368, -19.90137882422674, 0.7926587269161688, 0.7662960324530499
-6.281129645122185, -19.876701361950133, 0.7926587269161688, 0.7662960324530499
-6.330763553813448, -19.851922467984295, 0.7926587269161688, 0.7662960324530499
-6.38034965663422, -19.82704250255421, 0.7926587269161688, 0.7662960324530499
-6.429887884901241, -19.802061825884813, 0.7926587269161688, 0.7662960324530499
-6.479378169931248, -19.776980798201084, 0.7926587269161688, 0.7662960324530499
-6.528820443041019, -19.751799779727968, 0.7926587269161688, 0.7662960324530499
-6.578214635547281, -19.726519130690424, 0.7926587269161688, 0.7662960324530499
-6.627560678766783, -19.701139211313418, 0.7926587269161688, 0.7662960324530499
-6.676858504016272, -19.67566038182191, 0.7926587269161688, 0.7662960324530499
-6.726108042612478, -19.650083002440862, 0.7926587269161688, 0.7662960324530499
-6.77530922587218, -19.624407433395227, 0.7926587269161688, 0.7662960324530499
-6.824461985112106, -19.59863403490996, 0.7926587269161688, 0.7662960324530499
-6.873566251649005, -19.572763167210034, 0.7926587269161688, 0.7662960324530499
-6.922621956799626, -19.5467951905204, 0.7926587269161688, 0.7662960324530499
-6.971629031880698, -19.520730465066023, 0.7926587269161688, 0.7662960324530499
-7.020587408208995, -19.49456935107185, 0.7926587269161688, 0.7662960324530499
-7.069497017101254, -19.468312208762857, 0.7926587269161688, 0.7662960324530499
-7.11835778987422, -19.441959398363995, 0.7926587269161688, 0.7662960324530499
-7.167169657844634, -19.41551128010022, 0.7926587269161688, 0.7662960324530499
-7.21593255232924, -19.38896821419651, 0.7926587269161688, 0.7662960324530499
-7.264646404644802, -19.3623305608778, 0.7926587269161688, 0.7662960324530499
-7.313311146108058, -19.33559868036906, 0.7926587269161688, 0.7662960324530499
-7.361926708035751, -19.30877293289525, 0.7926587269161688, 0.7662960324530499
-7.410493021744619, -19.281853678681337, 0.7926587269161688, 0.7662960324530499
-7.4590100185514325, -19.254841277952266, 0.7926587269161688, 0.7662960324530499
-7.507477629772923, -19.227736090933004, 0.7926587269161688, 0.7662960324530499
-7.555895786725845, -19.200538477848514, 0.7926587269161688, 0.7662960324530499
-7.6042644207269365, -19.173248798923748, 0.7926587269161688, 0.7662960324530499
-7.652583463092935, -19.14586741438368, 0.7926587269161688, 0.7662960324530499
-7.700852845140611, -19.118394684453246, 0.7926587269161688, 0.7662960324530499
-7.749072498186701, -19.090830969357423, 0.7926587269161688, 0.7662960324530499
-7.797242353547949, -19.063176629321163, 0.7926587269161688, 0.7662960324530499
-7.845362342541104, -19.035432024569435, 0.7926587269161688, 0.7662960324530499
-7.893432396482899, -19.007597515327195, 0.7926587269161688, 0.7662960324530499
-7.941452446690107, -18.9796734618194, 0.7926587269161688, 0.7662960324530499
-7.989422424479456, -18.951660224270995, 0.7926587269161688, 0.7662960324530499
-8.037342261167703, -18.923558162906968, 0.7926587269161688, 0.7662960324530499
-8.085211888071589, -18.895367637952262, 0.7926587269161688, 0.7662960324530499
-8.133031236507842, -18.86708900963184, 0.7926587269161688, 0.7662960324530499
-8.180800237793246, -18.838722638170655, 0.7926587269161688, 0.7662960324530499
-8.228518823244528, -18.810268883793675, 0.7926587269161688, 0.7662960324530499
-8.276186924178434, -18.781728106725858, 0.7926587269161688, 0.7662960324530499
-8.323804471911712, -18.75310066719216, 0.7926587269161688, 0.7662960324530499
-8.371371397761099, -18.724386925417555, 0.7926587269161688, 0.7662960324530499
-8.418887633043363, -18.695587241626978, 0.7926587269161688, 0.7662960324530499
-8.46635310907524, -18.666701976045406, 0.7926587269161688, 0.7662960324530499
-8.513767757173476, -18.63773148889779, 0.7926587269161688, 0.7662960324530499
-8.56113150865482, -18.6086761404091, 0.7926587269161688, 0.7662960324530499
-8.608444294835998, -18.579536290804285, 0.7926587269161688, 0.7662960324530499
-8.65570604703379, -18.550312300308306, 0.7926587269161688, 0.7662960324530499
-8.70291669656493, -18.521004529146133, 0.7926587269161688, 0.7662960324530499
-8.750076174746159, -18.491613337542706, 0.7926587269161688, 0.7662960324530499
-8.797184412894218, -18.462139085723013, 0.7926587269161688, 0.7662960324530499
-8.844241342325871, -18.432582133911986, 0.7926587269161688, 0.7662960324530499
-8.891246894357858, -18.40294284233459, 0.7926587269161688, 0.7662960324530499
-8.938201000306924, -18.373221571215797, 0.7926587269161688, 0.7662960324530499
-8.985103591489816, -18.34341868078056, 0.7926587269161688, 0.7662960324530499
-9.031954599223265, -18.31353453125384, 0.7926587269161688, 0.7662960324530499
-9.078753954824048, -18.28356948286059, 0.7926587269161688, 0.7662960324530499
-9.125501589608895, -18.253523895825772, 0.7926587269161688, 0.7662960324530499
-9.172197434894557, -18.223398130374356, 0.7926587269161688, 0.7662960324530499
-9.218841421997775, -18.193192546731286, 0.7926587269161688, 0.7662960324530499
-9.265433482235288, -18.16290750512154, 0.7926587269161688, 0.7662960324530499
-9.311973546923875, -18.132543365770047, 0.7926587269161688, 0.7662960324530499
-9.358461547380236, -18.102100488901804, 0.7926587269161688, 0.7662960324530499
-9.404897414921145, -18.071579234741755, 0.7926587269161688, 0.7662960324530499
-9.45128108086337, -18.040979963514843, 0.7926587269161688, 0.7662960324530499
-9.497612476523607, -18.010303035446054, 0.7926587269161688, 0.7662960324530499
-9.543891533218655, -17.979548810760317, 0.7926587269161688, 0.7662960324530499
-9.590118182265211, -17.94871764968263, 0.7926587269161688, 0.7662960324530499
-9.636292354980043, -17.917809912437935, 0.7926587269161688, 0.7662960324530499
-9.682413982679929, -17.886825959251166, 0.7926587269161688, 0.7662960324530499
-9.728482996681558, -17.85576615034733, 0.7926587269161688, 0.7662960324530499
-9.774499328301737, -17.824630845951344, 0.7926587269161688, 0.7662960324530499
-9.820462908857149, -17.7934204062882, 0.7926587269161688, 0.7662960324530499
-9.866373669664576, -17.762135191582843, 0.7926587269161688, 0.7662960324530499
-9.912231542040788, -17.730775562060217, 0.7926587269161688, 0.7662960324530499
-9.958036457302478, -17.699341877945315, 0.7926587269161688, 0.7662960324530499
-10.003788346766441, -17.66783449946306, 0.7926587269161688, 0.7662960324530499
-10.049487141749381, -17.636253786838445, 0.7926587269161688, 0.7662960324530499
-10.09513277356807, -17.604600100296427, 0.7926587269161688, 0.7662960324530499
-10.140725173539272, -17.572873800061927, 0.7926587269161688, 0.7662960324530499
-10.186264272979685, -17.541075246359952, 0.7926587269161688, 0.7662960324530499
-10.231750003206113, -17.509204799415425, 0.7926587269161688, 0.7662960324530499
-10.277182295535244, -17.477262819453337, 0.7926587269161688, 0.7662960324530499
-10.322561081283856, -17.445249666698636, 0.7926587269161688, 0.7662960324530499
-10.367886291768716, -17.413165701376254, 0.7926587269161688, 0.7662960324530499
-10.413157858306523, -17.381011283711192, 0.7926587269161688, 0.7662960324530499
-10.458375712214075, -17.34878677392838, 0.7926587269161688, 0.7662960324530499
-10.503539784808066, -17.31649253225281, 0.7926587269161688, 0.7662960324530499
-10.548650007405266, -17.28412891890941, 0.7926587269161688, 0.7662960324530499
-10.593706311322451, -17.251696294123143, 0.7926587269161688, 0.7662960324530499
-10.638708627876316, -17.219195018118988, 0.7926587269161688, 0.7662960324530499
-10.683656888383657, -17.186625451121873, 0.7926587269161688, 0.7662960324530499
-10.728551024161172, -17.1539879533568, 0.7926587269161688, 0.7662960324530499
-10.773390965743012, -17.121282882998777, 0.7926587269161688, 0.7662960324530499
-10.818176566754131, -17.088510396773156, 0.7926587269161688, 0.7662960324530499
-10.862907540172902, -17.055670283007405, 0.7926587269161688, 0.7662960324530499
-10.907583583972668, -17.022762290725808, 0.7926587269161688, 0.7662960324530499
-10.952204396126783, -16.989786168952644, 0.7926587269161688, 0.7662960324530499
-10.996769674608517, -16.956741666712265, 0.7926587269161688, 0.7662960324530499
-11.041279117391241, -16.923628533028918, 0.7926587269161688, 0.7662960324530499
-11.08573242244823, -16.89044651692695, 0.7926587269161688, 0.7662960324530499
-11.130129287752833, -16.85719536743064, 0.7926587269161688, 0.7662960324530499
-11.174469411278393, -16.823874833564272, 0.7926587269161688, 0.7662960324530499
-11.21875249099818, -16.790484664352178, 0.7926587269161688, 0.7662960324530499
-11.262978224885574, -16.75702460881863, 0.7926587269161688, 0.7662960324530499
-11.307146310913847, -16.723494415987968, 0.7926587269161688, 0.7662960324530499
-11.351256447056336, -16.68989383488445, 0.7926587269161688, 0.7662960324530499
-11.395308331286403, -16.656222614532393, 0.7926587269161688, 0.7662960324530499
-11.439301661577309, -16.62248050395611, 0.7926587269161688, 0.7662960324530499
-11.48323613590243, -16.58866725217987, 0.7926587269161688, 0.7662960324530499
-11.527111452235042, -16.554782608228024, 0.7926587269161688, 0.7662960324530499
-11.570927308548487, -16.520826321124833, 0.7926587269161688, 0.7662960324530499
-11.614683402816116, -16.486798139894596, 0.7926587269161688, 0.7662960324530499
-11.658379433011199, -16.452697813561638, 0.7926587269161688, 0.7662960324530499
-11.702015097107108, -16.418525091150233, 0.7926587269161688, 0.7662960324530499
-11.745590093077123, -16.384279721684713, 0.7926587269161688, 0.7662960324530499
-11.789104118894583, -16.34996145418936, 0.7926587269161688, 0.7662960324530499
-11.832556872532836, -16.315570037688456, 0.7926587269161688, 0.7662960324530499
-11.875948051965155, -16.281105221206346, 0.7926587269161688, 0.7662960324530499
-11.919277355164915, -16.24656675376728, 0.7926587269161688, 0.7662960324530499
-11.962544480105386, -16.21195438439561, 0.7926587269161688, 0.7662960324530499
-12.005749124759923, -16.177267862115613, 0.7926587269161688, 0.7662960324530499
-12.04889098710186, -16.142506935951566, 0.7926587269161688, 0.7662960324530499
-12.091969765104475, -16.107671354927806, 0.7926587269161688, 0.7662960324530499
-12.134985156741148, -16.072760868068613, 0.7926587269161688, 0.7662960324530499
-12.177936859985142, -16.037775224398306, 0.7926587269161688, 0.7662960324530499
-12.220824572809805, -16.00271417294117, 0.7926587269161688, 0.7662960324530499
-12.263647993188487, -15.967577462721497, 0.7926587269161688, 0.7662960324530499
-12.306406819094468, -15.93236484276362, 0.7926587269161688, 0.7662960324530499
-12.349100748501103, -15.897076062091799, 0.7926587269161688, 0.7662960324530499
-12.39172947938168, -15.861710869730373, 0.7926587269161688, 0.7662960324530499
-12.434292709709535, -15.82626901470362, 0.7926587269161688, 0.7662960324530499
-12.476790137458027, -15.790750246035834, 0.7926587269161688, 0.7662960324530499
-12.519221460600422, -15.75515431275135, 0.7926587269161688, 0.7662960324530499
-12.561586377110089, -15.719480963874418, 0.7926587269161688, 0.7662960324530499
-12.603884584960307, -15.683729948429391, 0.7926587269161688, 0.7662960324530499
-12.646115782124422, -15.647901015440548, 0.7926587269161688, 0.7662960324530499
-12.688279666575776, -15.611993913932162, 0.7926587269161688, 0.7662960324530499
-12.730375936287647, -15.576008392928584, 0.7926587269161688, 0.7662960324530499
-12.772404289233405, -15.539944201454066, 0.7926587269161688, 0.7662960324530499
-12.814364423386325, -15.503801088532951, 0.7926587269161688, 0.7662960324530499
-12.856256036719753, -15.467578803189523, 0.7926587269161688, 0.7662960324530499
-12.898078827207033, -15.431277094448062, 0.7926587269161688, 0.7662960324530499
-12.939832492821445, -15.394895711332905, 0.7926587269161688, 0.7662960324530499
-12.98151673153635, -15.358434402868316, 0.7926587269161688, 0.7662960324530499
-13.023131241325034, -15.321892918078634, 0.7926587269161688, 0.7662960324530499
-13.064675720160833, -15.285271005988134, 0.7926587269161688, 0.7662960324530499
-13.106149866017102, -15.248568415621111, 0.7926587269161688, 0.7662960324530499
-13.14755337686711, -15.211784896001895, 0.7926587269161688, 0.7662960324530499
-13.188885950684204, -15.174920196154769, 0.7926587269161688, 0.7662960324530499
-13.230147285441733, -15.137974065104011, 0.7926587269161688, 0.7662960324530499
-13.27133707911297, -15.100946251873967, 0.7926587269161688, 0.7662960324530499
-13.312455029671284, -15.063836505488895, 0.7926587269161688, 0.7662960324530499
-13.353500835089948, -15.026644574973135, 0.7926587269161688, 0.7662960324530499
-13.394474193342315, -14.989370209350968, 0.7926587269161688, 0.7662960324530499
-13.435374802401727, -14.952013157646677, 0.7926587269161688, 0.7662960324530499
-13.476202360241457, -14.914573168884596, 0.7926587269161688, 0.7662960324530499
-13.516956564834878, -14.877049992088999, 0.7926587269161688, 0.7662960324530499
-13.557637114155265, -14.839443376284207, 0.7926587269161688, 0.7662960324530499
-13.598243706175962, -14.80175307049452, 0.7926587269161688, 0.7662960324530499
-13.638776038870311, -14.763978823744202, 0.7926587269161688, 0.7662960324530499
-13.6792338102116, -14.726120385057609, 0.7926587269161688, 0.7662960324530499
-13.719616718173187, -14.688177503458991, 0.7926587269161688, 0.7662960324530499
-13.75992446072835, -14.650149927972691, 0.7926587269161688, 0.7662960324530499
-13.800156735850438, -14.612037407622994, 0.7926587269161688, 0.7662960324530499
-13.840313241512794, -14.573839691434177, 0.7926587269161688, 0.7662960324530499
-13.880393675688698, -14.535556528430583, 0.7926587269161688, 0.7662960324530499
-13.920397736351507, -14.497187667636464, 0.7926587269161688, 0.7662960324530499
-13.960325121474513, -14.458732858076173, 0.7926587269161688, 0.7662960324530499
-14.00017552903105, -14.420191848773982, 0.7926587269161688, 0.7662960324530499
-14.039948656994472, -14.381564388754176, 0.7926587269161688, 0.7662960324530499
-14.079644203338049, -14.342850227041097, 0.7926587269161688, 0.7662960324530499
-14.11926186603515, -14.304049112659, 0.7926587269161688, 0.7662960324530499
-14.158801343059054, -14.265160794632227, 0.7926587269161688, 0.7662960324530499
-14.198262332383102, -14.226185021985064, 0.7926587269161688, 0.7662960324530499
-14.237644531980646, -14.187121543741785, 0.7926587269161688, 0.7662960324530499
-14.276947639824959, -14.147970108926739, 0.7926587269161688, 0.7662960324530499
-14.316171353889406, -14.108730466564175, 0.7926587269161688, 0.7662960324530499
-14.35531537214727, -14.069402365678442, 0.7926587269161688, 0.7662960324530499
-14.394379392571894, -14.029985555293822, 0.7926587269161688, 0.7662960324530499
-14.433363113136618, -13.990479784434587, 0.7926587269161688, 0.7662960324530499
-14.472266231814729, -13.950884802125087, 0.7926587269161688, 0.7662960324530499
-14.51108844666397, -13.91120035747551, 0.7926587269161688, 0.7662960324530499
-14.54983088840607, -13.871427658561231, 0.7926587269161688, 0.7662960324530499
-14.588499764200044, -13.831573083088673, 0.7926587269161688, 0.7662960324530499
-14.62710240505643, -13.791644153247594, 0.7926587269161688, 0.7662960324530499
-14.665646141985695, -13.751648391227814, 0.7926587269161688, 0.7662960324530499
-14.704138305998399, -13.71159331921907, 0.7926587269161688, 0.7662960324530499
-14.742586228105013, -13.671486459411186, 0.7926587269161688, 0.7662960324530499
-14.780997239316074, -13.631335333993924, 0.7926587269161688, 0.7662960324530499
-14.819378670642115, -13.591147465157027, 0.7926587269161688, 0.7662960324530499
-14.857737853093612, -13.550930375090335, 0.7926587269161688, 0.7662960324530499
-14.896082117681122, -13.510691585983578, 0.7926587269161688, 0.7662960324530499
-14.934418795415118, -13.470438620026577, 0.7926587269161688, 0.7662960324530499
-14.97275521730613, -13.43017899940909, 0.7926587269161688, 0.7662960324530499
-15.011098714364703, -13.38992024632088, 0.7926587269161688, 0.7662960324530499
-15.049456617601303, -13.349669882951765, 0.7926587269161688, 0.7662960324530499
-15.087836258026487, -13.309435431491481, 0.7926587269161688, 0.7662960324530499
-15.12624496665073, -13.269224414129852, 0.7926587269161688, 0.7662960324530499
-15.164690074484575, -13.229044353056644, 0.7926587269161688, 0.7662960324530499
-15.203178912538542, -13.188902770461597, 0.7926587269161688, 0.7662960324530499
-15.241718811823118, -13.14880718853455, 0.7926587269161688, 0.7662960324530499
-15.280317103348848, -13.10876512946523, 0.7926587269161688, 0.7662960324530499
-15.318981118126217, -13.068784115443467, 0.7926587269161688, 0.7662960324530499
-15.357718187165755, -13.028871668659015, 0.7926587269161688, 0.7662960324530499
-15.396535641477993, -12.989035311301631, 0.7926587269161688, 0.7662960324530499
-15.43544081207341, -12.94928256556114, 0.7926587269161688, 0.7662960324530499
-15.474441029962541, -12.909620953627297, 0.7926587269161688, 0.7662960324530499
-15.513543626155924, -12.870057997689866, 0.7926587269161688, 0.7662960324530499
-15.552755931664024, -12.830601219938663, 0.7926587269161688, 0.7662960324530499
-15.592085277497405, -12.791258142563427, 0.7926587269161688, 0.7662960324530499
-15.631538994666533, -12.752036287753981, 0.7926587269161688, 0.7662960324530499
-15.671124414181953, -12.712943177700085, 0.7926587269161688, 0.7662960324530499
-15.710848867054198, -12.673986334591495, 0.7926587269161688, 0.7662960324530499
-15.750714896135655, -12.635169668586364, 0.7926587269161688, 0.7662960324530499
-15.790645621039046, -12.596437175518234, 0.7926587269161688, 0.7662960324530499
-15.830498781639, -12.55768353085993, 0.7926587269161688, 0.7662960324530499
-15.87013017172963, -12.518801942023938, 0.7926587269161688, 0.7662960324530499
-15.909395585105052, -12.479685616422744, 0.7926587269161688, 0.7662960324530499
-15.948150815559343, -12.440227761468917, 0.7926587269161688, 0.7662960324530499
-15.986251656886626, -12.400321584574913, 0.7926587269161688, 0.7662960324530499
-16.023553902880977, -12.359860293153302, 0.7926587269161688, 0.7662960324530499
-16.059913347336515, -12.318737094616571, 0.7926587269161688, 0.7662960324530499
-16.095185784047352, -12.276845196377208, 0.7926587269161688, 0.7662960324530499
-16.129227006807554, -12.23407780584777, 0.7926587269161688, 0.7662960324530499
-16.16189280941126, -12.190328130440726, 0.7926587269161688, 0.7662960324530499
-16.19303898565254, -12.14548937756864, 0.7926587269161688, 0.7662960324530499
-16.222549288283044, -12.099481349686606, 0.7926587269161688, 0.7662960324530499
-16.25043981286081, -12.052349736009614, 0.7926587269161688, 0.7662960324530499
-16.276765774010517, -12.004177436483625, 0.7926587269161688, 0.7662960324530499
-16.301582392200107, -11.955047356612672, 0.7926587269161688, 0.7662960324530499
-16.324944887897466, -11.905042401900884, 0.7926587269161688, 0.7662960324530499
-16.34690848157054, -11.854245477852327, 0.7926587269161688, 0.7662960324530499
-16.367528393687255, -11.802739489971039, 0.7926587269161688, 0.7662960324530499
-16.3868598447155, -11.750607343761164, 0.7926587269161688, 0.7662960324530499
-16.40495805512322, -11.697931944726726, 0.7926587269161688, 0.7662960324530499
-16.42187824537831, -11.64479619837186, 0.7926587269161688, 0.7662960324530499
-16.437675635948704, -11.59128301020062, 0.7926587269161688, 0.7662960324530499
-16.45240536153808, -11.537475037831161, 0.7926587269161688, 0.7662960324530499
-16.466114606094624, -11.483431958674458, 0.7926587269161688, 0.7662960324530499
-16.47883627053552, -11.429172167647492, 0.7926587269161688, 0.7662960324530499
-16.490601765651597, -11.374709752729263, 0.7926587269161688, 0.7662960324530499
-16.501442502233708, -11.320058801898695, 0.7926587269161688, 0.7662960324530499
-16.511389891072703, -11.265233403134696, 0.7926587269161688, 0.7662960324530499
-16.52047534295941, -11.21024764441627, 0.7926587269161688, 0.7662960324530499
-16.528730268684704, -11.155115613722307, 0.7926587269161688, 0.7662960324530499
-16.53618607903941, -11.09985139903182, 0.7926587269161688, 0.7662960324530499
-16.542874184814377, -11.044469088323712, 0.7926587269161688, 0.7662960324530499
-16.548825996800456, -10.988982769576902, 0.7926587269161688, 0.7662960324530499
-16.55407292578849, -10.9334065307704, 0.7926587269161688, 0.7662960324530499
-16.558646382569325, -10.877754459883084, 0.7926587269161688, 0.7662960324530499
-16.562577777933807, -10.822040644893967, 0.7926587269161688, 0.7662960324530499
-16.565898522672786, -10.766279173781962, 0.7926587269161688, 0.7662960324530499
-16.5686400275771, -10.71048413452598, 0.7926587269161688, 0.7662960324530499
-16.5708337034376, -10.654669615105034, 0.7926587269161688, 0.7662960324530499
-16.572510961045133, -10.598849703498006, 0.7926587269161688, 0.7662960324530499
-16.573703211190548, -10.5430384876839, 0.7926587269161688, 0.7662960324530499
-16.57444186466468, -10.487250055641633, 0.7926587269161688, 0.7662960324530499
-16.574758332258384, -10.431498495350121, 0.7926587269161688, 0.7662960324530499
-16.574684024762504, -10.375797894788366, 0.7926587269161688, 0.7662960324530499
-16.574250352967884, -10.32016234193526, 0.7926587269161688, 0.7662960324530499
-16.57348850919648, -10.264605506782223, 0.7926587269161688, 0.7662960324530499
-16.572424388716886, -10.209130924685326, 0.7926587269161688, 0.7662960324530499
-16.571078433917727, -10.153731698228755, 0.7926587269161688, 0.7662960324530499
-16.56947083754522, -10.098400452366162, 0.7926587269161688, 0.7662960324530499
-16.567621792345587, -10.043129812051106, 0.7926587269161688, 0.7662960324530499
-16.56555149106503, -9.987912402237153, 0.7926587269161688, 0.7662960324530499
-16.563280126449772, -9.932740847877948, 0.7926587269161688, 0.7662960324530499
-16.560827891246014, -9.877607773927018, 0.7926587269161688, 0.7662960324530499
-16.558214978199974, -9.822505805338018, 0.7926587269161688, 0.7662960324530499
-16.555461580057866, -9.767427567064514, 0.7926587269161688, 0.7662960324530499
-16.552587889565896, -9.712365684060053, 0.7926587269161688, 0.7662960324530499
-16.549614099470286, -9.657312781278295, 0.7926587269161688, 0.7662960324530499
-16.54656040251724, -9.602261483672764, 0.7926587269161688, 0.7662960324530499
-16.543446991452978, -9.547204416197118, 0.7926587269161688, 0.7662960324530499
-16.540294059023704, -9.492134203804909, 0.7926587269161688, 0.7662960324530499
-16.537121797975644, -9.437043471449705, 0.7926587269161688, 0.7662960324530499
-16.533950401054998, -9.38192484408515, 0.7926587269161688, 0.7662960324530499
-16.53080006100798, -9.326770946664777, 0.7926587269161688, 0.7662960324530499
-16.527690970580807, -9.271574404142234, 0.7926587269161688, 0.7662960324530499
-16.524643322519694, -9.216327841471086, 0.7926587269161688, 0.7662960324530499
-16.521677309570844, -9.161023883604887, 0.7926587269161688, 0.7662960324530499
-16.51881312448048, -9.105655155497292, 0.7926587269161688, 0.7662960324530499
-16.516070959994806, -9.05021428210183, 0.7926587269161688, 0.7662960324530499
-16.513471045537838, -8.99469394338314, 0.7926587269161688, 0.7662960324530499
-16.511037723342294, -8.939092987879029, 0.7926587269161688, 0.7662960324530499
-16.508803154128582, -8.883421990642518, 0.7926587269161688, 0.7662960324530499
-16.50680037373959, -8.827692839274322, 0.7926587269161688, 0.7662960324530499
-16.50506241801822, -8.771917421375035, 0.7926587269161688, 0.7662960324530499
-16.503622322807363, -8.716107624545376, 0.7926587269161688, 0.7662960324530499
-16.502513123949917, -8.660275336385965, 0.7926587269161688, 0.7662960324530499
-16.50176785728877, -8.604432444497425, 0.7926587269161688, 0.7662960324530499
-16.50141955866682, -8.54859083648047, 0.7926587269161688, 0.7662960324530499
-16.50150126392696, -8.492762399935694, 0.7926587269161688, 0.7662960324530499
-16.50204600891209, -8.436959022463814, 0.7926587269161688, 0.7662960324530499
-16.5030868294651, -8.381192591665446, 0.7926587269161688, 0.7662960324530499
-16.50465676142889, -8.325474995141223, 0.7926587269161688, 0.7662960324530499
-16.506788840646344, -8.269818120491852, 0.7926587269161688, 0.7662960324530499
-16.50951610296037, -8.214233855317929, 0.7926587269161688, 0.7662960324530499
-16.512871584213848, -8.15873408722017, 0.7926587269161688, 0.7662960324530499
-16.516888320249684, -8.103330703799198, 0.7926587269161688, 0.7662960324530499
-16.52159934691077, -8.048035592655635, 0.7926587269161688, 0.7662960324530499
-16.527037700039998, -7.9928606413901955, 0.7926587269161688, 0.7662960324530499
-16.533236415480268, -7.937817737603474, 0.7926587269161688, 0.7662960324530499
-16.540228529074465, -7.882918768896185, 0.7926587269161688, 0.7662960324530499
-16.548047076665494, -7.82817562286895, 0.7926587269161688, 0.7662960324530499
-16.556725094096247, -7.773600187122396, 0.7926587269161688, 0.7662960324530499
-16.56629561720961, -7.719204349257234, 0.7926587269161688, 0.7662960324530499
-16.57679105437472, -7.664999873599105, 0.7926587269161688, 0.7662960324530499
-16.588218859686666, -7.610993621899195, 0.7926587269161688, 0.7662960324530499
-16.600553742285683, -7.557186022758775, 0.7926587269161688, 0.7662960324530499
-16.61376818955488, -7.503577068287566, 0.7926587269161688, 0.7662960324530499
-16.627834688877343, -7.450166750595372, 0.7926587269161688, 0.7662960324530499
-16.64272572763619, -7.39695506179188, 0.7926587269161688, 0.7662960324530499
-16.65841379321451, -7.343941993986894, 0.7926587269161688, 0.7662960324530499
-16.674871372995405, -7.291127539290132, 0.7926587269161688, 0.7662960324530499
-16.69207095436199, -7.238511689811312, 0.7926587269161688, 0.7662960324530499
-16.70998502469735, -7.186094437660235, 0.7926587269161688, 0.7662960324530499
-16.72858607138461, -7.133875774946594, 0.7926587269161688, 0.7662960324530499
-16.747846581806833, -7.081855693780185, 0.7926587269161688, 0.7662960324530499
-16.767739043347152, -7.030034186270734, 0.7926587269161688, 0.7662960324530499
-16.788235943388667, -6.978411244527953, 0.7926587269161688, 0.7662960324530499
-16.809309769314464, -6.926986860661646, 0.7926587269161688, 0.7662960324530499
-16.830933008507646, -6.875761026781533, 0.7926587269161688, 0.7662960324530499
-16.853078148351344, -6.824733734997331, 0.7926587269161688, 0.7662960324530499
-16.875717676228618, -6.77390497741884, 0.7926587269161688, 0.7662960324530499
-16.8988240795226, -6.723274746155752, 0.7926587269161688, 0.7662960324530499
-16.922369845616377, -6.67284303331787, 0.7926587269161688, 0.7662960324530499
-16.946327461893045, -6.622609831014908, 0.7926587269161688, 0.7662960324530499
-16.97066941573573, -6.572575131356589, 0.7926587269161688, 0.7662960324530499
-16.995368194527508, -6.522738926452714, 0.7926587269161688, 0.7662960324530499
-17.020399204262983, -6.473100859972428, 0.7926587269161688, 0.7662960324530499
-17.045752719282248, -6.423658800516805, 0.7926587269161688, 0.7662960324530499
-17.07142373659669, -6.37441005286731, 0.7926587269161688, 0.7662960324530499
-17.097407255161226, -6.325351921573375, 0.7926587269161688, 0.7662960324530499
-17.123698273930746, -6.276481711184519, 0.7926587269161688, 0.7662960324530499
-17.150291791860187, -6.227796726250146, 0.7926587269161688, 0.7662960324530499
-17.17718280790443, -6.179294271319775, 0.7926587269161688, 0.7662960324530499
-17.204366321018398, -6.130971650942838, 0.7926587269161688, 0.7662960324530499
-17.23183733015702, -6.0828261696687695, 0.7926587269161688, 0.7662960324530499
-17.259590834275176, -6.034855132047087, 0.7926587269161688, 0.7662960324530499
-17.28762183232781, -5.9870558426272, 0.7926587269161688, 0.7662960324530499
-17.3159253232698, -5.939425605958618, 0.7926587269161688, 0.7662960324530499
-17.344496306056065, -5.891961726590781, 0.7926587269161688, 0.7662960324530499
-17.373329779641544, -5.844661509073122, 0.7926587269161688, 0.7662960324530499
-17.40242074298111, -5.797522257955154, 0.7926587269161688, 0.7662960324530499
-17.431764195029704, -5.75054127778629, 0.7926587269161688, 0.7662960324530499
-17.461355134742202, -5.703715873116039, 0.7926587269161688, 0.7662960324530499
-17.491188561073535, -5.657043348493839, 0.7926587269161688, 0.7662960324530499
-17.521259472978638, -5.610521008469127, 0.7926587269161688, 0.7662960324530499
-17.551562869412376, -5.564146157591413, 0.7926587269161688, 0.7662960324530499
-17.582093749329697, -5.517916100410112, 0.7926587269161688, 0.7662960324530499
-17.612847111685483, -5.471828141474732, 0.7926587269161688, 0.7662960324530499
-17.643817955434653, -5.425879585334711, 0.7926587269161688, 0.7662960324530499
-17.67500127953214, -5.380067736539485, 0.7926587269161688, 0.7662960324530499
-17.706392082932823, -5.334389899638566, 0.7926587269161688, 0.7662960324530499
-17.737985364591644, -5.288843379181367, 0.7926587269161688, 0.7662960324530499
-17.76977612346348, -5.243425479717398, 0.7926587269161688, 0.7662960324530499
-17.80175935850325, -5.198133505796093, 0.7926587269161688, 0.7662960324530499
-17.833930068665897, -5.152964761966894, 0.7926587269161688, 0.7662960324530499
-17.86628325290629, -5.10791655277931, 0.7926587269161688, 0.7662960324530499
-17.89881391017937, -5.062986182782751, 0.7926587269161688, 0.7662960324530499
-17.931517039440024, -5.018170956526731, 0.7926587269161688, 0.7662960324530499
-17.964387639643174, -4.973468178560687, 0.7926587269161688, 0.7662960324530499
-17.997420709743746, -4.928875153434053, 0.7926587269161688, 0.7662960324530499
-18.030611248696623, -4.8843891856963415, 0.7926587269161688, 0.7662960324530499
-18.06395425545674, -4.840007579896965, 0.7926587269161688, 0.7662960324530499
-18.097444728978978, -4.795727640585435, 0.7926587269161688, 0.7662960324530499
-18.131077668218268, -4.751546672311186, 0.7926587269161688, 0.7662960324530499
-18.164848072129537, -4.707461979623657, 0.7926587269161688, 0.7662960324530499
-18.198750939667654, -4.66347086707236, 0.7926587269161688, 0.7662960324530499
-18.232781269787576, -4.619570639206705, 0.7926587269161688, 0.7662960324530499
-18.26693406144417, -4.575758600576203, 0.7926587269161688, 0.7662960324530499
-18.301204313592372, -4.532032055730292, 0.7926587269161688, 0.7662960324530499
-18.335587025187102, -4.488388309218409, 0.7926587269161688, 0.7662960324530499
-18.370077195183235, -4.444824665590063, 0.7926587269161688, 0.7662960324530499
-18.404669822535705, -4.401338429394693, 0.7926587269161688, 0.7662960324530499
-18.43935990619945, -4.357926905181736, 0.7926587269161688, 0.7662960324530499
-18.474142445129324, -4.314587397500701, 0.7926587269161688, 0.7662960324530499
-18.509012438280287, -4.271317210901002, 0.7926587269161688, 0.7662960324530499
-18.54396488460721, -4.228113649932149, 0.7926587269161688, 0.7662960324530499
-18.578994783065017, -4.1849740191435805, 0.7926587269161688, 0.7662960324530499
-18.61409713260865, -4.141895623084731, 0.7926587269161688, 0.7662960324530499
-18.649266932192965, -4.098875766305112, 0.7926587269161688, 0.7662960324530499
-18.684499180772928, -4.055911753354138, 0.7926587269161688, 0.7662960324530499
-18.71978890653847, -4.0130009044108546, 0.7926587269161688, 0.7662960324530499
-18.755132967872797, -3.9701415181050823, 0.7926587269161688, 0.7662960324530499
-18.790531104597168, -3.927333433529939, 0.7926587269161688, 0.7662960324530499
-18.825983309690038, -3.884576625120578, 0.7926587269161688, 0.7662960324530499
-18.86148957612995, -3.841871067312066, 0.7926587269161688, 0.7662960324530499
-18.89704989689539, -3.7992167345395567, 0.7926587269161688, 0.7662960324530499
-18.93266426496486, -3.7566136012381386, 0.7926587269161688, 0.7662960324530499
-18.96833267331692, -3.7140616418428998, 0.7926587269161688, 0.7662960324530499
-19.004055114930004, -3.6715608307889953, 0.7926587269161688, 0.7662960324530499
-19.03983158278267, -3.629111142511488, 0.7926587269161688, 0.7662960324530499
-19.075662069853397, -3.5867125514455367, 0.7926587269161688, 0.7662960324530499
-19.111546569120705, -3.5443650320262274, 0.7926587269161688, 0.7662960324530499
-19.147485073563114, -3.5020685586886455, 0.7926587269161688, 0.7662960324530499
-19.183477576159113, -3.4598231058679523, 0.7926587269161688, 0.7662960324530499
-19.219524069887214, -3.4176286479992037, 0.7926587269161688, 0.7662960324530499
-19.255624547725915, -3.375485159517564, 0.7926587269161688, 0.7662960324530499
-19.291779002653737, -3.333392614858116, 0.7926587269161688, 0.7662960324530499
-19.327987427649195, -3.291350988455948, 0.7926587269161688, 0.7662960324530499
-19.364249815690762, -3.2493602547462155, 0.7926587269161688, 0.7662960324530499
-19.400566159756995, -3.207420388163983, 0.7926587269161688, 0.7662960324530499
-19.436936452826345, -3.165531363144407, 0.7926587269161688, 0.7662960324530499
-19.473360687877353, -3.123693154122574, 0.7926587269161688, 0.7662960324530499
-19.509838857888543, -3.081905735533572, 0.7926587269161688, 0.7662960324530499
-19.546370955838377, -3.0401690818125564, 0.7926587269161688, 0.7662960324530499
-19.582956974705407, -2.998483167394591, 0.7926587269161688, 0.7662960324530499
-19.619596907468097, -2.9568479667148337, 0.7926587269161688, 0.7662960324530499
-19.656290747104972, -2.915263454208369, 0.7926587269161688, 0.7662960324530499
-19.69303848659457, -2.873729604310287, 0.7926587269161688, 0.7662960324530499
-19.72984011891535, -2.8322463914557416, 0.7926587269161688, 0.7662960324530499
-19.766695637045856, -2.790813790079798, 0.7926587269161688, 0.7662960324530499
-19.80360503396457, -2.7494317746176122, 0.7926587269161688, 0.7662960324530499
-19.84056830265, -2.708100319504271, 0.7926587269161688, 0.7662960324530499
-19.877585436080686, -2.666819399174862, 0.7926587269161688, 0.7662960324530499
-19.914656427235094, -2.62558898806454, 0.7926587269161688, 0.7662960324530499
-19.951781269091768, -2.584409060608371, 0.7926587269161688, 0.7662960324530499
-19.98895995462917, -2.543279591241511, 0.7926587269161688, 0.7662960324530499
-20.02619247682584, -2.5022005543990464, 0.7926587269161688, 0.7662960324530499
-20.0634788286603, -2.4611719245160644, 0.7926587269161688, 0.7662960324530499
-20.100819003111013, -2.4201936760277203, 0.7926587269161688, 0.7662960324530499
-20.13821299315653, -2.3792657833690805, 0.7926587269161688, 0.7662960324530499
-20.175660791775318, -2.3383882209752986, 0.7926587269161688, 0.7662960324530499
-20.213162391945904, -2.297560963281464, 0.7926587269161688, 0.7662960324530499
-20.250717786646806, -2.2567839847226625, 0.7926587269161688, 0.7662960324530499
-20.288326968856513, -2.216057259734051, 0.7926587269161688, 0.7662960324530499
-20.325989931553554, -2.175380762750693, 0.7926587269161688, 0.7662960324530499
-20.363706667716404, -2.134754468207744, 0.7926587269161688, 0.7662960324530499
-20.401477170323584, -2.094178350540292, 0.7926587269161688, 0.7662960324530499
-20.43930143235363, -2.053652384183426, 0.7926587269161688, 0.7662960324530499
-20.477179446785, -2.0131765435722984, 0.7926587269161688, 0.7662960324530499
-20.515111206596227, -1.9727508031419991, 0.7926587269161688, 0.7662960324530499
-20.553096704765842, -1.932375137327615, 0.7926587269161688, 0.7662960324530499
-20.5911359342723, -1.8920495205643002, 0.7926587269161688, 0.7662960324530499
-20.62922888809416, -1.8517739272871219, 0.7926587269161688, 0.7662960324530499
-20.667375559209884, -1.8115483319312333, 0.7926587269161688, 0.7662960324530499
-20.705575940598, -1.7713727089317237, 0.7926587269161688, 0.7662960324530499
-20.74383002523704, -1.7312470327236797, 0.7926587269161688, 0.7662960324530499
-20.782137806105464, -1.6911712777422565, 0.7926587269161688, 0.7662960324530499
-20.820499276181817, -1.6511454184225192, 0.7926587269161688, 0.7662960324530499
-20.858914428444574, -1.6111694291996237, 0.7926587269161688, 0.7662960324530499
-20.89738325587226, -1.5712432845086566, 0.7926587269161688, 0.7662960324530499
-20.9359057514434, -1.5313669587847067, 0.7926587269161688, 0.7662960324530499
-20.97448190813646, -1.4915404264629277, 0.7926587269161688, 0.7662960324530499
-21.013111718929995, -1.451763661978387, 0.7926587269161688, 0.7662960324530499
-21.051795176802468, -1.4120366397662367, 0.7926587269161688, 0.7662960324530499
-21.090532274732404, -1.3723593342615668, 0.7926587269161688, 0.7662960324530499
-21.129323005698332, -1.3327317198994642, 0.7926587269161688, 0.7662960324530499
-21.16816736267872, -1.293153771115084, 0.7926587269161688, 0.7662960324530499
-21.207065338652114, -1.253625462343492, 0.7926587269161688, 0.7662960324530499
-21.24601692659698, -1.214146768019842, 0.7926587269161688, 0.7662960324530499
-21.28502211949185, -1.1747176625792224, 0.7926587269161688, 0.7662960324530499
-21.324080910315246, -1.1353381204567214, 0.7926587269161688, 0.7662960324530499
-21.363193292045633, -1.0960081160874928, 0.7926587269161688, 0.7662960324530499
-21.402359257661566, -1.0567276239066032, 0.7926587269161688, 0.7662960324530499
-21.44157880014151, -1.017496618349207, 0.7926587269161688, 0.7662960324530499
-21.480851912463997, -0.9783150738503916, 0.7926587269161688, 0.7662960324530499
-21.52017866228129, -0.939183061214967, 0.7926587269161688, 0.7662960324530499
-21.559560260106345, -0.9001021261593454, 0.7926587269161688, 0.7662960324530499
-21.598998809466384, -0.8610749668735294, 0.7926587269161688, 0.7662960324530499
-21.638496437637787, -0.8221043121970566, 0.7926587269161688, 0.7662960324530499
-21.678055271897012, -0.7831928909694006, 0.7926587269161688, 0.7662960324530499
-21.71767743952051, -0.7443434320300352, 0.7926587269161688, 0.7662960324530499
-21.757365067784672, -0.7055586642184986, 0.7926587269161688, 0.7662960324530499
-21.79712028396596, -0.6668413163742424, 0.7926587269161688, 0.7662960324530499
-21.836945215340783, -0.6281941173368051, 0.7926587269161688, 0.7662960324530499
-21.876841989185564, -0.5896197959456599, 0.7926587269161688, 0.7662960324530499
-21.916812732776783, -0.5511210810402807, 0.7926587269161688, 0.7662960324530499
-21.956859573390815, -0.5127007014602052, 0.7926587269161688, 0.7662960324530499
-21.996984638304127, -0.47436138604488554, 0.7926587269161688, 0.7662960324530499
-22.037190054793122, -0.43610586363385984, 0.7926587269161688, 0.7662960324530499
-22.077477950134238, -0.39793686306660164, 0.7926587269161688, 0.7662960324530499
-22.117850451603946, -0.35985711318258484, 0.7926587269161688, 0.7662960324530499
-22.158309686478614, -0.3218693428213467, 0.7926587269161688, 0.7662960324530499
-22.198857782034715, -0.2839762808223405, 0.7926587269161688, 0.7662960324530499
-22.239496865548656, -0.2461806560251027, 0.7926587269161688, 0.7662960324530499
-22.28022906429688, -0.20848519726910802, 0.7926587269161688, 0.7662960324530499
-22.321056505555827, -0.17089263339382987, 0.7926587269161688, 0.7662960324530499
-22.361981316601913, -0.1334056932388059, 0.7926587269161688, 0.7662960324530499
-22.403005624711586, -0.09602710564348882, 0.7926587269161688, 0.7662960324530499
-22.444131557161235, -0.058759599447415725, 0.7926587269161688, 0.7662960324530499
-22.485361241227327, -0.02160590349006062, 0.7926587269161688, 0.7662960324530499
-22.5266968041863, 0.015431253389102007, 0.7926587269161688, 0.7662960324530499
-22.56814037331455, 0.052349142350535796, 0.7926587269161688, 0.7662960324530499
-22.609694075888555, 0.08914503455478692, 0.7926587269161688, 0.7662960324530499
-22.651360039184688, 0.12581620116231923, 0.7926587269161688, 0.7662960324530499
-22.69314039047941, 0.16235991333365835, 0.7926587269161688, 0.7662960324530499
-22.73503725704918, 0.1987734422293292, 0.7926587269161688, 0.7662960324530499
-22.777052766170378, 0.23505405900979648, 0.7926587269161688, 0.7662960324530499
-22.81918904511945, 0.2711990348355853, 0.7926587269161688, 0.7662960324530499
-22.861448221172868, 0.3072056408672204, 0.7926587269161688, 0.7662960324530499
-22.903832421606996, 0.343071148265167, 0.7926587269161688, 0.7662960324530499
-22.94634377369832, 0.37879282818996973, 0.7926587269161688, 0.7662960324530499
-22.988984404723233, 0.41436795180209385, 0.7926587269161688, 0.7662960324530499
-23.031756441958173, 0.44979379026206434, 0.7926587269161688, 0.7662960324530499
-23.074662012679607, 0.4850676147304057, 0.7926587269161688, 0.7662960324530499
-23.117703244163906, 0.5201866963675833, 0.7926587269161688, 0.7662960324530499
-23.160882263687565, 0.5551483063341417, 0.7926587269161688, 0.7662960324530499
-23.20420119852696, 0.5899497157905467, 0.7926587269161688, 0.7662960324530499
-23.24766217595853, 0.6245881958973224, 0.7926587269161688, 0.7662960324530499
-23.29126732325875, 0.6590610178149932, 0.7926587269161688, 0.7662960324530499
-23.3350187669496, 0.6933654535698732, 0.7926587269161688, 0.7662960324530499
-23.378916058774447, 0.7275017303469825, 0.7926587269161688, 0.7662960324530499
-23.422950421090942, 0.761479635242427, 0.7926587269161688, 0.7662960324530499
-23.46711139501679, 0.7953108849671113, 0.7926587269161688, 0.7662960324530499
-23.5113885216697, 0.8290071962319384, 0.7926587269161688, 0.7662960324530499
-23.555771342167304, 0.8625802857477565, 0.7926587269161688, 0.7662960324530499
-23.600249397627337, 0.8960418702254875, 0.7926587269161688, 0.7662960324530499
-23.644812229167425, 0.9294036663759796, 0.7926587269161688, 0.7662960324530499
-23.68944937790528, 0.9626773909101366, 0.7926587269161688, 0.7662960324530499
-23.734150384958596, 0.9958747605388611, 0.7926587269161688, 0.7662960324530499
-23.77890479144503, 1.0290074919730026, 0.7926587269161688, 0.7662960324530499
-23.823702138482282, 1.0620873019234816, 0.7926587269161688, 0.7662960324530499
-23.868531967188005, 1.0951259071011468, 0.7926587269161688, 0.7662960324530499
-23.913383818679897, 1.128135024216902, 0.7926587269161688, 0.7662960324530499
-23.95824723407567, 1.16112636998165, 0.7926587269161688, 0.7662960324530499
-24.003111754492952, 1.19411166110624, 0.7926587269161688, 0.7662960324530499
-24.047966921049476, 1.2271026143015924, 0.7926587269161688, 0.7662960324530499
-24.092802274862876, 1.2601109462785574, 0.7926587269161688, 0.7662960324530499
-24.137607357050836, 1.2931483737480358, 0.7926587269161688, 0.7662960324530499
-24.182371708731097, 1.3262266134209335, 0.7926587269161688, 0.7662960324530499
-24.227084871021273, 1.359357382008097, 0.7926587269161688, 0.7662960324530499
-24.271736385039095, 1.3925523962204491, 0.7926587269161688, 0.7662960324530499
-24.316315791902195, 1.4258233727688383, 0.7926587269161688, 0.7662960324530499
-24.360812632728287, 1.459182028364167, 0.7926587269161688, 0.7662960324530499
-24.40521644863507, 1.4926400797173394, 0.7926587269161688, 0.7662960324530499
-24.449516780740176, 1.526209243539203, 0.7926587269161688, 0.7662960324530499
-24.493703170161336, 1.5599012365406808, 0.7926587269161688, 0.7662960324530499
-24.537765158016185, 1.5937277754326196, 0.7926587269161688, 0.7662960324530499
-24.581692285422434, 1.6277005769259238, 0.7926587269161688, 0.7662960324530499
-24.625474093497775, 1.6618313577314971, 0.7926587269161688, 0.7662960324530499
-24.669100123359854, 1.6961318345601866, 0.7926587269161688, 0.7662960324530499
-24.712559916126395, 1.7306137241229151, 0.7926587269161688, 0.7662960324530499
-24.75584301291503, 1.7652887431305302, 0.7926587269161688, 0.7662960324530499
-24.79893895484346, 1.8001686082939345, 0.7926587269161688, 0.7662960324530499
-24.84183728302941, 1.8352650363240346, 0.7926587269161688, 0.7662960324530499
-24.88452753859049, 1.8705897439316754, 0.7926587269161688, 0.7662960324530499
-24.926999262644443, 1.906154447827781, 0.7926587269161688, 0.7662960324530499
-24.969241996308902, 1.941970864723197, 0.7926587269161688, 0.7662960324530499
-25.011245280701573, 1.9780507113288288, 0.7926587269161688, 0.7662960324530499
-25.05299865694015, 2.014405704355581, 0.7926587269161688, 0.7662960324530499
-25.094491666142275, 2.0510475605142977, 0.7926587269161688, 0.7662960324530499
-25.13571386727663, 2.0879879693279, 0.7926587269161688, 0.7662960324530499
-25.176657646305724, 2.125234314645575, 0.7926587269161688, 0.7662960324530499
-25.217321280956817, 2.162785006821666, 0.7926587269161688, 0.7662960324530499
-25.257703785474607, 2.2006373344522863, 0.7926587269161688, 0.7662960324530499
-25.297804174103717, 2.238788586133487, 0.7926587269161688, 0.7662960324530499
-25.33762146108884, 2.2772360504613816, 0.7926587269161688, 0.7662960324530499
-25.377154660674673, 2.3159770160320847, 0.7926587269161688, 0.7662960324530499
-25.416402787105827, 2.355008771441645, 0.7926587269161688, 0.7662960324530499
-25.455364854627028, 2.3943286052861996, 0.7926587269161688, 0.7662960324530499
-25.49403987748291, 2.433933806161798, 0.7926587269161688, 0.7662960324530499
-25.532426869918147, 2.4738216626645526, 0.7926587269161688, 0.7662960324530499
-25.570524846177445, 2.513989463390581, 0.7926587269161688, 0.7662960324530499
-25.608332820505417, 2.554434496935929, 0.7926587269161688, 0.7662960324530499
-25.645849807146803, 2.595154051896736, 0.7926587269161688, 0.7662960324530499
-25.683074820346203, 2.6361454168690486, 0.7926587269161688, 0.7662960324530499
-25.720006874348325, 2.677405880448982, 0.7926587269161688, 0.7662960324530499
-25.756644983397848, 2.718932731232652, 0.7926587269161688, 0.7662960324530499
-25.79298816173941, 2.7607232578161054, 0.7926587269161688, 0.7662960324530499
-25.829035423617714, 2.802774748795482, 0.7926587269161688, 0.7662960324530499
-25.8647857832774, 2.845084492766827, 0.7926587269161688, 0.7662960324530499
-25.90023825496316, 2.8876497783262556, 0.7926587269161688, 0.7662960324530499
-25.935391852919672, 2.930467894069886, 0.7926587269161688, 0.7662960324530499
-25.970245591391574, 2.973536128593763, 0.7926587269161688, 0.7662960324530499
-26.004798484623574, 3.0168517704940254, 0.7926587269161688, 0.7662960324530499
-26.039049546860305, 3.06041210836672, 0.7926587269161688, 0.7662960324530499
-26.072997792346456, 3.104214430807963, 0.7926587269161688, 0.7662960324530499
-26.10664223532671, 3.14825602641387, 0.7926587269161688, 0.7662960324530499
-26.13998189004572, 3.1925341837804875, 0.7926587269161688, 0.7662960324530499
-26.17301577074817, 3.2370461915039552, 0.7926587269161688, 0.7662960324530499
-26.205742891678703, 3.2817893381803165, 0.7926587269161688, 0.7662960324530499
-26.238162267082007, 3.3267609124056903, 0.7926587269161688, 0.7662960324530499
-26.27027291120277, 3.371958202776193, 0.7926587269161688, 0.7662960324530499
-26.30207383828564, 3.4173784978878676, 0.7926587269161688, 0.7662960324530499
-26.333564062575302, 3.463019086336858, 0.7926587269161688, 0.7662960324530499
-26.36474259831639, 3.508877256719204, 0.7926587269161688, 0.7662960324530499
-26.395608459753614, 3.5549502976310263, 0.7926587269161688, 0.7662960324530499
-26.42616066113165, 3.601235497668442, 0.7926587269161688, 0.7662960324530499
-26.456398216695124, 3.647730145427492, 0.7926587269161688, 0.7662960324530499
-26.486320140688754, 3.694431529504322, 0.7926587269161688, 0.7662960324530499
-26.515925447357176, 3.7413369384949715, 0.7926587269161688, 0.7662960324530499
-26.545213150945074, 3.7884436609955596, 0.7926587269161688, 0.7662960324530499
-26.574182265697125, 3.8357489856022045, 0.7926587269161688, 0.7662960324530499
-26.60283180585798, 3.8832502009109486, 0.7926587269161688, 0.7662960324530499
-26.631160785672343, 3.9309445955179347, 0.7926587269161688, 0.7662960324530499
-26.659168219384842, 3.978829458019205, 0.7926587269161688, 0.7662960324530499
-26.68685312124017, 4.026902077010876, 0.7926587269161688, 0.7662960324530499
-26.714214505483007, 4.075159741089069, 0.7926587269161688, 0.7662960324530499
-26.741251386358005, 4.123599738849824, 0.7926587269161688, 0.7662960324530499
-26.767962778109855, 4.1722193588892855, 0.7926587269161688, 0.7662960324530499
-26.79434769498319, 4.221015889803493, 0.7926587269161688, 0.7662960324530499
-26.820405151222708, 4.269986620188565, 0.7926587269161688, 0.7662960324530499
-26.846134161073092, 4.319128838640623, 0.7926587269161688, 0.7662960324530499
-26.87153373877898, 4.368439833755706, 0.7926587269161688, 0.7662960324530499
-26.89660289858508, 4.41791689412996, 0.7926587269161688, 0.7662960324530499
-26.921340654736014, 4.467557308359422, 0.7926587269161688, 0.7662960324530499
-26.945746021476495, 4.517358365040214, 0.7926587269161688, 0.7662960324530499
-26.969818013051178, 4.567317352768455, 0.7926587269161688, 0.7662960324530499
-26.993555643704727, 4.617431560140185, 0.7926587269161688, 0.7662960324530499
-27.016957927681815, 4.667698275751547, 0.7926587269161688, 0.7662960324530499
-27.04002387922712, 4.718114788198583, 0.7926587269161688, 0.7662960324530499
-27.062752512585305, 4.768678386077411, 0.7926587269161688, 0.7662960324530499
-27.08514284200106, 4.819386357984153, 0.7926587269161688, 0.7662960324530499
-27.107193881719013, 4.870235992514844, 0.7926587269161688, 0.7662960324530499
-27.128904645983866, 4.9212245782656066, 0.7926587269161688, 0.7662960324530499
-27.15027414904029, 4.97234940383256, 0.7926587269161688, 0.7662960324530499
-27.17130140513295, 5.023607757811743, 0.7926587269161688, 0.7662960324530499
-27.191985428506527, 5.074996928799303, 0.7926587269161688, 0.7662960324530499
-27.212325233405657, 5.126514205391276, 0.7926587269161688, 0.7662960324530499
-27.232319834075035, 5.178156876183782, 0.7926587269161688, 0.7662960324530499
-27.251968244759347, 5.229922229772946, 0.7926587269161688, 0.7662960324530499
-27.271269479703225, 5.281807554754799, 0.7926587269161688, 0.7662960324530499
-27.290222553151374, 5.333810139725494, 0.7926587269161688, 0.7662960324530499
-27.308826479348433, 5.385927273281063, 0.7926587269161688, 0.7662960324530499
-27.32708031070932, 5.438156253475209, 0.7926587269161688, 0.7662960324530499
-27.344984702483544, 5.490494775501943, 0.7926587269161688, 0.7662960324530499
-27.36254246362411, 5.542941068186336, 0.7926587269161688, 0.7662960324530499
-27.3797565544509, 5.595493397858302, 0.7926587269161688, 0.7662960324530499
-27.39662993528375, 5.648150030847642, 0.7926587269161688, 0.7662960324530499
-27.413165566442533, 5.700909233484239, 0.7926587269161688, 0.7662960324530499
-27.429366408247102, 5.753769272097982, 0.7926587269161688, 0.7662960324530499
-27.445235421017305, 5.806728413018666, 0.7926587269161688, 0.7662960324530499
-27.46077556507303, 5.859784922576208, 0.7926587269161688, 0.7662960324530499
-27.475989800734098, 5.912937067100406, 0.7926587269161688, 0.7662960324530499
-27.49088108832039, 5.9661831129211444, 0.7926587269161688, 0.7662960324530499
-27.505452388151763, 6.019521326368309, 0.7926587269161688, 0.7662960324530499
-27.519706660548074, 6.072949973771704, 0.7926587269161688, 0.7662960324530499
-27.533646865829184, 6.126467321461237, 0.7926587269161688, 0.7662960324530499
-27.547275964314945, 6.18007163576671, 0.7926587269161688, 0.7662960324530499
-27.560596916325217, 6.233761183018008, 0.7926587269161688, 0.7662960324530499
-27.573612682179867, 6.287534229545018, 0.7926587269161688, 0.7662960324530499
-27.586326222198736, 6.341389041677535, 0.7926587269161688, 0.7662960324530499
-27.598740496701705, 6.395323885745478, 0.7926587269161688, 0.7662960324530499
-27.610858466008615, 6.449337028078642, 0.7926587269161688, 0.7662960324530499
-27.622683090439335, 6.503426735006918, 0.7926587269161688, 0.7662960324530499
-27.63421733031372, 6.557591272860186, 0.7926587269161688, 0.7662960324530499
-27.645464145951614, 6.611828907968245, 0.7926587269161688, 0.7662960324530499
-27.65642649767291, 6.666137906661016, 0.7926587269161688, 0.7662960324530499
-27.66710734579743, 6.720516535268288, 0.7926587269161688, 0.7662960324530499
-27.677509650645057, 6.774963060119956, 0.7926587269161688, 0.7662960324530499
-27.687636372535636, 6.829475747545899, 0.7926587269161688, 0.7662960324530499
-27.697490471789024, 6.884052863875919, 0.7926587269161688, 0.7662960324530499
-27.7070749087251, 6.93869267543993, 0.7926587269161688, 0.7662960324530499
-27.716392643663703, 6.993393448567731, 0.7926587269161688, 0.7662960324530499
-27.725446636924694, 7.048153449589207, 0.7926587269161688, 0.7662960324530499
-27.73423984882794, 7.102970944834245, 0.7926587269161688, 0.7662960324530499
-27.742775239693284, 7.157844200632639, 0.7926587269161688, 0.7662960324530499
-27.75105576984061, 7.212771483314312, 0.7926587269161688, 0.7662960324530499
-27.759084399589756, 7.267751059209055, 0.7926587269161688, 0.7662960324530499
-27.76686408926058, 7.322781194646757, 0.7926587269161688, 0.7662960324530499
-27.774397799172952, 7.377860155957307, 0.7926587269161688, 0.7662960324530499
-27.78168848964672, 7.432986209470494, 0.7926587269161688, 0.7662960324530499
-27.788739121001747, 7.488157621516243, 0.7926587269161688, 0.7662960324530499
-27.795552653557902, 7.543372658424348, 0.7926587269161688, 0.7662960324530499
-27.802132047635027, 7.598629586524692, 0.7926587269161688, 0.7662960324530499
-27.808480263552987, 7.653926672147168, 0.7926587269161688, 0.7662960324530499
-27.814600261631636, 7.7092621816215665, 0.7926587269161688, 0.7662960324530499
-27.82049500219084, 7.764634381277778, 0.7926587269161688, 0.7662960324530499
-27.82616744555046, 7.8200415374456895, 0.7926587269161688, 0.7662960324530499
-27.83162055203034, 7.8754819164550955, 0.7926587269161688, 0.7662960324530499
-27.83685728195036, 7.930953784635915, 0.7926587269161688, 0.7662960324530499
-27.841880595630354, 7.986455408317942, 0.7926587269161688, 0.7662960324530499
-27.846693453390202, 8.041985053831066, 0.7926587269161688, 0.7662960324530499
-27.851298815549747, 8.09754098750517, 0.7926587269161688, 0.7662960324530499
-27.855699642428856, 8.153121475670053, 0.7926587269161688, 0.7662960324530499
-27.859898894347392, 8.208724784655635, 0.7926587269161688, 0.7662960324530499
-27.863899531625197, 8.264349180791703, 0.7926587269161688, 0.7662960324530499
-27.86770451458215, 8.319992930408155, 0.7926587269161688, 0.7662960324530499
-27.871316803538086, 8.37565429983487, 0.7926587269161688, 0.7662960324530499
-27.87473935881289, 8.43133155540165, 0.7926587269161688, 0.7662960324530499
-27.8779751407264, 8.487022963438408, 0.7926587269161688, 0.7662960324530499
-27.881027109598485, 8.54272679027494, 0.7926587269161688, 0.7662960324530499
-27.883898225748997, 8.598441302241135, 0.7926587269161688, 0.7662960324530499
-27.886591449497804, 8.65416476566688, 0.7926587269161688, 0.7662960324530499
-27.889109741164752, 8.70989544688197, 0.7926587269161688, 0.7662960324530499
-27.891456061069707, 8.765631612216323, 0.7926587269161688, 0.7662960324530499
-27.893633369532523, 8.821371527999732, 0.7926587269161688, 0.7662960324530499
-27.895644626873064, 8.87711346056209, 0.7926587269161688, 0.7662960324530499
-27.897492793411192, 8.932855676233277, 0.7926587269161688, 0.7662960324530499
-27.899180829466765, 8.988596441343097, 0.7926587269161688, 0.7662960324530499
-27.900711695359632, 9.044334022221465, 0.7926587269161688, 0.7662960324530499
-27.902088351409652, 9.100066685198168, 0.7926587269161688, 0.7662960324530499
-27.903313757936687, 9.155792696603104, 0.7926587269161688, 0.7662960324530499
-27.904390875260603, 9.211510322766156, 0.7926587269161688, 0.7662960324530499
-27.905322663701245, 9.267217830017119, 0.7926587269161688, 0.7662960324530499
-27.906112083578478, 9.322913484685913, 0.7926587269161688, 0.7662960324530499
-27.90676209521217, 9.37859555310233, 0.7926587269161688, 0.7662960324530499
-27.907275658922156, 9.43426230159626, 0.7926587269161688, 0.7662960324530499
-27.907655735028325, 9.489911996497593, 0.7926587269161688, 0.7662960324530499
-27.90790528385051, 9.545542904136118, 0.7926587269161688, 0.7662960324530499
-27.908027265708583, 9.601153290841758, 0.7926587269161688, 0.7662960324530499
-27.9080246409224, 9.656741422944304, 0.7926587269161688, 0.7662960324530499
-27.907900143453826, 9.71230587190509, 0.7926587269161688, 0.7662960324530499
-27.90765536454363, 9.767846749577924, 0.7926587269161688, 0.7662960324530499
-27.907291535658345, 9.823364652793538, 0.7926587269161688, 0.7662960324530499
-27.90680988813135, 9.87886017856234, 0.7926587269161688, 0.7662960324530499
-27.906211653295994, 9.934333923894604, 0.7926587269161688, 0.7662960324530499
-27.90549806248565, 9.989786485800707, 0.7926587269161688, 0.7662960324530499
-27.904670347033655, 10.045218461291016, 0.7926587269161688, 0.7662960324530499
-27.903729738273384, 10.10063044737581, 0.7926587269161688, 0.7662960324530499
-27.9026774675382, 10.156023041065502, 0.7926587269161688, 0.7662960324530499
-27.901514766161448, 10.211396839370357, 0.7926587269161688, 0.7662960324530499
-27.900242865476503, 10.266752439300761, 0.7926587269161688, 0.7662960324530499
-27.898862996816707, 10.322090437867075, 0.7926587269161688, 0.7662960324530499
-27.897376391515433, 10.377411432079585, 0.7926587269161688, 0.7662960324530499
-27.89578428090604, 10.43271601894869, 0.7926587269161688, 0.7662960324530499
-27.894087896321878, 10.488004795484676, 0.7926587269161688, 0.7662960324530499
-27.892288469096314, 10.54327835869791, 0.7926587269161688, 0.7662960324530499
-27.890387230562705, 10.598537305598764, 0.7926587269161688, 0.7662960324530499
-27.888385412054415, 10.65378223319752, 0.7926587269161688, 0.7662960324530499
-27.886284244904793, 10.70901373850458, 0.7926587269161688, 0.7662960324530499
-27.884084960447208, 10.764232418530222, 0.7926587269161688, 0.7662960324530499
-27.88178879001502, 10.819438870284822, 0.7926587269161688, 0.7662960324530499
-27.879396964941574, 10.874633690778747, 0.7926587269161688, 0.7662960324530499
-27.876910716560257, 10.929817477022281, 0.7926587269161688, 0.7662960324530499
-27.874331276204394, 10.984990826025793, 0.7926587269161688, 0.7662960324530499
-27.871659875207374, 11.040154334799658, 0.7926587269161688, 0.7662960324530499
-27.868897744902537, 11.095308600354153, 0.7926587269161688, 0.7662960324530499
-27.866046116623263, 11.150454219699684, 0.7926587269161688, 0.7662960324530499
-27.863106221702882, 11.205591789846526, 0.7926587269161688, 0.7662960324530499
-27.86007929147478, 11.260721907805058, 0.7926587269161688, 0.7662960324530499
-27.856966557272308, 11.315845170585646, 0.7926587269161688, 0.7662960324530499
-27.853769250428815, 11.370962175198573, 0.7926587269161688, 0.7662960324530499
-27.85048860227767, 11.426073518654238, 0.7926587269161688, 0.7662960324530499
-27.847125844152234, 11.481179797962925, 0.7926587269161688, 0.7662960324530499
-27.843682207385864, 11.536281610135003, 0.7926587269161688, 0.7662960324530499
-27.840158923311918, 11.591379552180847, 0.7926587269161688, 0.7662960324530499
-27.836557223263753, 11.646474221110733, 0.7926587269161688, 0.7662960324530499
-27.832878338574744, 11.70156621393507, 0.7926587269161688, 0.7662960324530499
-27.82912350057823, 11.756656127664131, 0.7926587269161688, 0.7662960324530499
-27.825293940607587, 11.811744559308293, 0.7926587269161688, 0.7662960324530499
-27.82139088999616, 11.866832105877927, 0.7926587269161688, 0.7662960324530499
-27.817415580077324, 11.921919364383308, 0.7926587269161688, 0.7662960324530499
-27.813369242184407, 11.97700693183484, 0.7926587269161688, 0.7662960324530499
-27.809253107650814, 12.032095405242814, 0.7926587269161688, 0.7662960324530499
-27.805068407809866, 12.087185381617585, 0.7926587269161688, 0.7662960324530499
-27.800816373994945, 12.142277457969541, 0.7926587269161688, 0.7662960324530499
-27.796498237539396, 12.197372231308947, 0.7926587269161688, 0.7662960324530499
-27.792115229776595, 12.252470298646218, 0.7926587269161688, 0.7662960324530499
-27.787668582039892, 12.30757225699163, 0.7926587269161688, 0.7662960324530499
-27.78315952566264, 12.362678703355549, 0.7926587269161688, 0.7662960324530499
-27.778589291978207, 12.417790234748354, 0.7926587269161688, 0.7662960324530499
-27.773959112319957, 12.472907448180326, 0.7926587269161688, 0.7662960324530499
-27.769270218021237, 12.52803094066186, 0.7926587269161688, 0.7662960324530499
-27.764523840415407, 12.583161309203241, 0.7926587269161688, 0.7662960324530499
-27.75972121083584, 12.638299150814845, 0.7926587269161688, 0.7662960324530499
-27.754863560615878, 12.693445062507033, 0.7926587269161688, 0.7662960324530499
-27.749952121088892, 12.748599641290093, 0.7926587269161688, 0.7662960324530499
-27.744988123588247, 12.803763484174429, 0.7926587269161688, 0.7662960324530499
-27.739972799447287, 12.858937188170316, 0.7926587269161688, 0.7662960324530499
-27.734907379999385, 12.914121350288129, 0.7926587269161688, 0.7662960324530499
-27.72979309657789, 12.96931656753824, 0.7926587269161688, 0.7662960324530499
-27.724631180516162, 13.02452343693092, 0.7926587269161688, 0.7662960324530499
-27.719422863147567, 13.079742555476589, 0.7926587269161688, 0.7662960324530499
-27.71416937580546, 13.134974520185509, 0.7926587269161688, 0.7662960324530499
-27.708871949823205, 13.190219928068064, 0.7926587269161688, 0.7662960324530499
-27.703531816534152, 13.245479376134625, 0.7926587269161688, 0.7662960324530499
-27.698150207271677, 13.300753461395466, 0.7926587269161688, 0.7662960324530499
-27.692728353369112, 13.356042780860992, 0.7926587269161688, 0.7662960324530499
-27.687267486159858, 13.411347931541489, 0.7926587269161688, 0.7662960324530499
-27.681768836977234, 13.466669510447323, 0.7926587269161688, 0.7662960324530499
-27.676233637154617, 13.522008114588862, 0.7926587269161688, 0.7662960324530499
-27.670663118025367, 13.577364340976393, 0.7926587269161688, 0.7662960324530499
-27.665058510922833, 13.632738786620317, 0.7926587269161688, 0.7662960324530499
-27.659421047180395, 13.688132048530916, 0.7926587269161688, 0.7662960324530499
-27.653751958131394, 13.743544723718554, 0.7926587269161688, 0.7662960324530499
-27.648052475109196, 13.798977409193611, 0.7926587269161688, 0.7662960324530499
-27.64232382944717, 13.854430701966367, 0.7926587269161688, 0.7662960324530499
-27.636567252478642, 13.909905199047213, 0.7926587269161688, 0.7662960324530499
-27.630783975537014, 13.965401497446447, 0.7926587269161688, 0.7662960324530499
-27.624975229955623, 14.020920194174426, 0.7926587269161688, 0.7662960324530499
-27.619142247067828, 14.076461886241532, 0.7926587269161688, 0.7662960324530499
-27.613286258206994, 14.132027170658038, 0.7926587269161688, 0.7662960324530499
-27.607408494706483, 14.187616644434318, 0.7926587269161688, 0.7662960324530499
-27.601510188335695, 14.243230904476263, 0.7926587269161688, 0.7662960324530499
-27.595595800307485, 14.298869773900298, 0.7926587269161688, 0.7662960324530499
-27.589680780917934, 14.35453044278849, 0.7926587269161688, 0.7662960324530499
-27.583782915749573, 14.410209541677492, 0.7926587269161688, 0.7662960324530499
-27.577919990384927, 14.46590370110407, 0.7926587269161688, 0.7662960324530499
-27.572109790406504, 14.521609551604968, 0.7926587269161688, 0.7662960324530499
-27.56637010139682, 14.577323723716843, 0.7926587269161688, 0.7662960324530499
-27.560718708938424, 14.633042847976489, 0.7926587269161688, 0.7662960324530499
-27.55517339861382, 14.688763554920563, 0.7926587269161688, 0.7662960324530499
-27.549751956005547, 14.744482475085817, 0.7926587269161688, 0.7662960324530499
-27.544472166696096, 14.800196239009006, 0.7926587269161688, 0.7662960324530499
-27.53935181626802, 14.85590147722679, 0.7926587269161688, 0.7662960324530499
-27.53440869030382, 14.911594820275955, 0.7926587269161688, 0.7662960324530499
-27.52966057438604, 14.96727289869316, 0.7926587269161688, 0.7662960324530499
-27.525125254097194, 15.02293234301516, 0.7926587269161688, 0.7662960324530499
-27.52082051501979, 15.078569783778706, 0.7926587269161688, 0.7662960324530499
-27.51676414273636, 15.134181851520458, 0.7926587269161688, 0.7662960324530499
-27.51297392282943, 15.189765176777202, 0.7926587269161688, 0.7662960324530499
-27.509467640881528, 15.245316390085604, 0.7926587269161688, 0.7662960324530499
-27.50626308247516, 15.300832121982408, 0.7926587269161688, 0.7662960324530499
-27.503378033192856, 15.35630900300437, 0.7926587269161688, 0.7662960324530499
-27.500830278617144, 15.411743663688156, 0.7926587269161688, 0.7662960324530499
-27.498637604330547, 15.467132734570548, 0.7926587269161688, 0.7662960324530499
-27.496817795915568, 15.522472846188197, 0.7926587269161688, 0.7662960324530499
-27.495388638954754, 15.57776062907787, 0.7926587269161688, 0.7662960324530499
-27.494367919030605, 15.632992713776316, 0.7926587269161688, 0.7662960324530499
-27.49377342172567, 15.688165730820197, 0.7926587269161688, 0.7662960324530499
-27.493622932622447, 15.743276310746289, 0.7926587269161688, 0.7662960324530499
-27.49393423730347, 15.798321084091265, 0.7926587269161688, 0.7662960324530499
-27.494725121351255, 15.853296681391868, 0.7926587269161688, 0.7662960324530499
-27.49601337034833, 15.908199733184853, 0.7926587269161688, 0.7662960324530499
-27.497816769877222, 15.96302687000689, 0.7926587269161688, 0.7662960324530499
-27.500153105520447, 16.01777472239476, 0.7926587269161688, 0.7662960324530499
-27.503040162860515, 16.07243992088511, 0.7926587269161688, 0.7662960324530499
-27.50649572747998, 16.12701909601471, 0.7926587269161688, 0.7662960324530499
-27.51053758496133, 16.181508878320304, 0.7926587269161688, 0.7662960324530499
-27.515183520887103, 16.235905898338554, 0.7926587269161688, 0.7662960324530499
-27.520451320839825, 16.29020678660625, 0.7926587269161688, 0.7662960324530499
-27.52635877040201, 16.34440817366005, 0.7926587269161688, 0.7662960324530499
-27.53292365515619, 16.398506690036704, 0.7926587269161688, 0.7662960324530499
-27.54016376068488, 16.452498966272966, 0.7926587269161688, 0.7662960324530499
-27.5480968725706, 16.5063816329055, 0.7926587269161688, 0.7662960324530499
-27.556740776395888, 16.560151320471093, 0.7926587269161688, 0.7662960324530499
-27.566113257743233, 16.613804659506386, 0.7926587269161688, 0.7662960324530499
-27.5762321021952, 16.667338280548165, 0.7926587269161688, 0.7662960324530499
-27.587115095334283, 16.72074881413316, 0.7926587269161688, 0.7662960324530499
-27.59878002274301, 16.774032890798036, 0.7926587269161688, 0.7662960324530499
-27.611244670003916, 16.82718714107958, 0.7926587269161688, 0.7662960324530499
-27.624526822699497, 16.880208195514456, 0.7926587269161688, 0.7662960324530499
-27.638644266412303, 16.933092684639412, 0.7926587269161688, 0.7662960324530499
-27.65361478672484, 16.9858372389912, 0.7926587269161688, 0.7662960324530499
-27.669456169219636, 17.038438489106483, 0.7926587269161688, 0.7662960324530499
-27.686186199479213, 17.090893065522046, 0.7926587269161688, 0.7662960324530499
-27.70382266308609, 17.14319759877455, 0.7926587269161688, 0.7662960324530499
-27.722383345622784, 17.195348719400744, 0.7926587269161688, 0.7662960324530499
-27.741886032671843, 17.24734305793739, 0.7926587269161688, 0.7662960324530499
-27.76234850981575, 17.29917724492114, 0.7926587269161688, 0.7662960324530499
-27.78378856263706, 17.350847910888756, 0.7926587269161688, 0.7662960324530499
-27.806223976718293, 17.402351686376985, 0.7926587269161688, 0.7662960324530499
-27.829672055613635, 17.453683104604313, 0.7926587269161688, 0.7662960324530499
-27.854141518430517, 17.50479934763016, 0.7926587269161688, 0.7662960324530499
-27.879633695519573, 17.555625448834302, 0.7926587269161688, 0.7662960324530499
-27.90614967602896, 17.606085392118022, 0.7926587269161688, 0.7662960324530499
-27.93369054910689, 17.656103161382617, 0.7926587269161688, 0.7662960324530499
-27.962257403901468, 17.705602740529297, 0.7926587269161688, 0.7662960324530499
-27.991851329560884, 17.75450811345935, 0.7926587269161688, 0.7662960324530499
-28.022473415233282, 17.802743264074007, 0.7926587269161688, 0.7662960324530499
-28.05412475006683, 17.85023217627455, 0.7926587269161688, 0.7662960324530499
-28.086806423209712, 17.896898833962254, 0.7926587269161688, 0.7662960324530499
-28.12051952381005, 17.94266722103834, 0.7926587269161688, 0.7662960324530499
-28.15526514101604, 17.98746132140411, 0.7926587269161688, 0.7662960324530499
-28.191044363975813, 18.031205118960777, 0.7926587269161688, 0.7662960324530499
-28.22785828183755, 18.073822597609627, 0.7926587269161688, 0.7662960324530499
-28.26570798374941, 18.115237741251942, 0.7926587269161688, 0.7662960324530499
-28.304594558859538, 18.155374533788933, 0.7926587269161688, 0.7662960324530499
-28.344519096316127, 18.19415695912191, 0.7926587269161688, 0.7662960324530499
-28.3854826852673, 18.231509001152084, 0.7926587269161688, 0.7662960324530499
-28.427486414861235, 18.26735464378074, 0.7926587269161688, 0.7662960324530499
-28.470531374246114, 18.301617870909155, 0.7926587269161688, 0.7662960324530499
-28.514618647610558, 18.334222678283886, 0.7926587269161688, 0.7662960324530499
-28.559737585198164, 18.365121087128223, 0.7926587269161688, 0.7662960324530499
-28.60584067961388, 18.39435314983312, 0.7926587269161688, 0.7662960324530499
-28.65287320539595, 18.421976158495493, 0.7926587269161688, 0.7662960324530499
-28.70078043708261, 18.448047405212243, 0.7926587269161688, 0.7662960324530499
-28.74950764921201, 18.47262418208022, 0.7926587269161688, 0.7662960324530499
-28.799000116322425, 18.495763781196366, 0.7926587269161688, 0.7662960324530499
-28.849203112951997, 18.51752349465751, 0.7926587269161688, 0.7662960324530499
-28.900061913638975, 18.53796061456058, 0.7926587269161688, 0.7662960324530499
-28.951521792921593, 18.557132433002458, 0.7926587269161688, 0.7662960324530499
-29.003528025338, 18.57509624208002, 0.7926587269161688, 0.7662960324530499
-29.056025885426457, 18.591909333890165, 0.7926587269161688, 0.7662960324530499
-29.108960647725144, 18.60762900052978, 0.7926587269161688, 0.7662960324530499
-29.16227758677227, 18.622312534095748, 0.7926587269161688, 0.7662960324530499
-29.215921977106092, 18.636017226684974, 0.7926587269161688, 0.7662960324530499
-29.26983909326475, 18.648800370394326, 0.7926587269161688, 0.7662960324530499
-29.32397420978651, 18.6607192573207, 0.7926587269161688, 0.7662960324530499
-29.378272601209535, 18.671831179560986, 0.7926587269161688, 0.7662960324530499
-29.432679561028532, 18.68219341710162, 0.7926587269161688, 0.7662960324530499
-29.487153542212187, 18.691854842927818, 0.7926587269161688, 0.7662960324530499
-29.541689139850735, 18.70084124043452, 0.7926587269161688, 0.7662960324530499
-29.59628709928644, 18.709174463894936, 0.7926587269161688, 0.7662960324530499
-29.650948165861458, 18.716876367582255, 0.7926587269161688, 0.7662960324530499
-29.70567308491805, 18.72396880576968, 0.7926587269161688, 0.7662960324530499
-29.760462601798444, 18.73047363273041, 0.7926587269161688, 0.7662960324530499
-29.815317461844806, 18.73641270273763, 0.7926587269161688, 0.7662960324530499
-29.870238410399406, 18.741807870064555, 0.7926587269161688, 0.7662960324530499
-29.92522619280439, 18.746680988984362, 0.7926587269161688, 0.7662960324530499
-29.980281554402026, 18.75105391377026, 0.7926587269161688, 0.7662960324530499
-30.035405240534544, 18.754948498695448, 0.7926587269161688, 0.7662960324530499
-30.0905979965441, 18.758386598033116, 0.7926587269161688, 0.7662960324530499
-30.14586056777298, 18.76139006605647, 0.7926587269161688, 0.7662960324530499
-30.201193699563337, 18.7639807570387, 0.7926587269161688, 0.7662960324530499
-30.256598137257395, 18.766180525252995, 0.7926587269161688, 0.7662960324530499
-30.31207462619743, 18.768011224972565, 0.7926587269161688, 0.7662960324530499
-30.367623911725573, 18.769494710470607, 0.7926587269161688, 0.7662960324530499
-30.423246739184087, 18.77065283602031, 0.7926587269161688, 0.7662960324530499
-30.478943853915204, 18.771507455894874, 0.7926587269161688, 0.7662960324530499
-30.534715804909435, 18.772080874353396, 0.7926587269161688, 0.7662960324530499
-30.590558721399013, 18.77240552456866, 0.7926587269161688, 0.7662960324530499
-30.646464365720746, 18.772523847478922, 0.7926587269161688, 0.7662960324530499
-30.702424314433028, 18.772478709777566, 0.7926587269161688, 0.7662960324530499
-30.75843014409421, 18.772312978157967, 0.7926587269161688, 0.7662960324530499
-30.814473431262584, 18.77206951931351, 0.7926587269161688, 0.7662960324530499
-30.87054575249655, 18.77179119993758, 0.7926587269161688, 0.7662960324530499
-30.926638684354412, 18.77152088672357, 0.7926587269161688, 0.7662960324530499
-30.982743803394513, 18.771301446364852, 0.7926587269161688, 0.7662960324530499
-31.038852686175236, 18.771175745554814, 0.7926587269161688, 0.7662960324530499
-31.09495690925487, 18.771186650986838, 0.7926587269161688, 0.7662960324530499
-31.151048049191825, 18.771377029354316, 0.7926587269161688, 0.7662960324530499
-31.207117682544354, 18.77178974735061, 0.7926587269161688, 0.7662960324530499
-31.263157385870855, 18.772467671669126, 0.7926587269161688, 0.7662960324530499
-31.319158735729694, 18.77345366900324, 0.7926587269161688, 0.7662960324530499
-31.375113308679165, 18.77479060604633, 0.7926587269161688, 0.7662960324530499
-31.43101268127764, 18.776521349491787, 0.7926587269161688, 0.7662960324530499
-31.48684843008344, 18.778688766032996, 0.7926587269161688, 0.7662960324530499
-31.54261213165491, 18.78133572236333, 0.7926587269161688, 0.7662960324530499
-31.59829536255043, 18.784505085176185, 0.7926587269161688, 0.7662960324530499
-31.65388969932829, 18.78823972116493, 0.7926587269161688, 0.7662960324530499
-31.709386718546888, 18.79258249702297, 0.7926587269161688, 0.7662960324530499
-31.764777996764508, 18.79757627944367, 0.7926587269161688, 0.7662960324530499
-31.82005522344562, 18.803262107126674, 0.7926587269161688, 0.7662960324530499
-31.87521169261329, 18.809655040341283, 0.7926587269161688, 0.7662960324530499
-31.930241891475266, 18.816750821229597, 0.7926587269161688, 0.7662960324530499
-31.985140335600942, 18.824544732749423, 0.7926587269161688, 0.7662960324530499
-32.03990154055963, 18.83303205785857, 0.7926587269161688, 0.7662960324530499
-32.09452002192067, 18.842208079514826, 0.7926587269161688, 0.7662960324530499
-32.14899029525345, 18.85206808067601, 0.7926587269161688, 0.7662960324530499
-32.203306876127236, 18.862607344299906, 0.7926587269161688, 0.7662960324530499
-32.25746428011144, 18.87382115334434, 0.7926587269161688, 0.7662960324530499
-32.31145702277534, 18.8857047907671, 0.7926587269161688, 0.7662960324530499
-32.365279619688316, 18.898253539525992, 0.7926587269161688, 0.7662960324530499
-32.41892658641974, 18.911462682578833, 0.7926587269161688, 0.7662960324530499
-32.47239243853887, 18.9253275028834, 0.7926587269161688, 0.7662960324530499
-32.52567169161513, 18.939843283397515, 0.7926587269161688, 0.7662960324530499
-32.57875886121778, 18.95500530707897, 0.7926587269161688, 0.7662960324530499
-32.631648462916225, 18.970808856885576, 0.7926587269161688, 0.7662960324530499
-32.68433501227979, 18.98724921577514, 0.7926587269161688, 0.7662960324530499
-32.73681302487779, 19.004321666705444, 0.7926587269161688, 0.7662960324530499
-32.789077016279634, 19.022021492634327, 0.7926587269161688, 0.7662960324530499
-32.84112150205457, 19.040343976519555, 0.7926587269161688, 0.7662960324530499
-32.892940997771994, 19.059284401318955, 0.7926587269161688, 0.7662960324530499
-32.94453001900128, 19.078838049990328, 0.7926587269161688, 0.7662960324530499
-32.99588308131168, 19.099000205491457, 0.7926587269161688, 0.7662960324530499
-33.04699470027262, 19.119766150780173, 0.7926587269161688, 0.7662960324530499
-33.097859391453376, 19.14113116881426, 0.7926587269161688, 0.7662960324530499
-33.14847167042331, 19.16309054255152, 0.7926587269161688, 0.7662960324530499
-33.19882605275181, 19.185639554949777, 0.7926587269161688, 0.7662960324530499
-33.248917054008146, 19.208773488966813, 0.7926587269161688, 0.7662960324530499
-33.298739189761704, 19.232487627560435, 0.7926587269161688, 0.7662960324530499
-33.34828697558183, 19.256777253688462, 0.7926587269161688, 0.7662960324530499
-33.397554927037824, 19.28163765030867, 0.7926587269161688, 0.7662960324530499
-33.446537559699074, 19.30706410037889, 0.7926587269161688, 0.7662960324530499
-33.49522938913487, 19.3330518868569, 0.7926587269161688, 0.7662960324530499
-33.54362493091458, 19.359596292700516, 0.7926587269161688, 0.7662960324530499
-33.591718700607586, 19.38669260086755, 0.7926587269161688, 0.7662960324530499
-33.63950521378315, 19.41433609431579, 0.7926587269161688, 0.7662960324530499
-33.68697898601069, 19.442522056003057, 0.7926587269161688, 0.7662960324530499
-33.73413453285948, 19.471245768887115, 0.7926587269161688, 0.7662960324530499
-33.7809663698989, 19.500502515925806, 0.7926587269161688, 0.7662960324530499
-33.82746901269829, 19.530287580076923, 0.7926587269161688, 0.7662960324530499
-33.873636976826965, 19.560596244298264, 0.7926587269161688, 0.7662960324530499
-33.91946477785431, 19.591423791547644, 0.7926587269161688, 0.7662960324530499
-33.96494693134963, 19.622765504782844, 0.7926587269161688, 0.7662960324530499
-34.010077952882256, 19.654616666961676, 0.7926587269161688, 0.7662960324530499
-34.05485235802159, 19.68697256104197, 0.7926587269161688, 0.7662960324530499
-34.0992646623369, 19.719828469981486, 0.7926587269161688, 0.7662960324530499
-34.143309381397586, 19.753179676738064, 0.7926587269161688, 0.7662960324530499
-34.18698103077294, 19.787021464269476, 0.7926587269161688, 0.7662960324530499
-34.230274126032334, 19.821349115533533, 0.7926587269161688, 0.7662960324530499
-34.27318379768603, 19.85615770900174, 0.7926587269161688, 0.7662960324530499
-34.3157089091778, 19.89144108183302, 0.7926587269161688, 0.7662960324530499
-34.35784972496682, 19.92719260530663, 0.7926587269161688, 0.7662960324530499
-34.39960651200648, 19.9634056498724, 0.7926587269161688, 0.7662960324530499
-34.44097953725019, 20.00007358598018, 0.7926587269161688, 0.7662960324530499
-34.48196906765138, 20.03718978407984, 0.7926587269161688, 0.7662960324530499
-34.52257537016341, 20.074747614621185, 0.7926587269161688, 0.7662960324530499
-34.56279871173974, 20.11274044805409, 0.7926587269161688, 0.7662960324530499
-34.602639359333715, 20.151161654828364, 0.7926587269161688, 0.7662960324530499
-34.64209757989876, 20.19000460539387, 0.7926587269161688, 0.7662960324530499
-34.681173640388316, 20.229262670200466, 0.7926587269161688, 0.7662960324530499
-34.71986780775574, 20.268929219697966, 0.7926587269161688, 0.7662960324530499
-34.75818034895446, 20.30899762433624, 0.7926587269161688, 0.7662960324530499
-34.79611153093786, 20.349461254565096, 0.7926587269161688, 0.7662960324530499
-34.83366162065935, 20.390313480834397, 0.7926587269161688, 0.7662960324530499
-34.870830885072365, 20.43154767359401, 0.7926587269161688, 0.7662960324530499
-34.90761959113026, 20.473157203293738, 0.7926587269161688, 0.7662960324530499
-34.94402800578649, 20.51513544038346, 0.7926587269161688, 0.7662960324530499
-34.98005639599442, 20.55747575531298, 0.7926587269161688, 0.7662960324530499
-35.01570502870745, 20.600171518532154, 0.7926587269161688, 0.7662960324530499
-35.05097417087904, 20.643216100490864, 0.7926587269161688, 0.7662960324530499
-35.085864089462525, 20.686602871638893, 0.7926587269161688, 0.7662960324530499
-35.120375051411365, 20.73032520242614, 0.7926587269161688, 0.7662960324530499
-35.154507323678914, 20.774376463302396, 0.7926587269161688, 0.7662960324530499
-35.188261173218606, 20.81875002471753, 0.7926587269161688, 0.7662960324530499
-35.22163686698385, 20.8634392571214, 0.7926587269161688, 0.7662960324530499
-35.25463467192803, 20.908437530963816, 0.7926587269161688, 0.7662960324530499
-35.28725485500457, 20.95373821669466, 0.7926587269161688, 0.7662960324530499
-35.31949768316686, 20.999334684763735, 0.7926587269161688, 0.7662960324530499
-35.351363423368305, 21.045220305620898, 0.7926587269161688, 0.7662960324530499
-35.38285234256232, 21.091388449716018, 0.7926587269161688, 0.7662960324530499
-35.41396470770229, 21.137832487498894, 0.7926587269161688, 0.7662960324530499
-35.44470078574165, 21.18454578941942, 0.7926587269161688, 0.7662960324530499
-35.47506084363376, 21.231521725927383, 0.7926587269161688, 0.7662960324530499
-35.50504514833206, 21.27875366747265, 0.7926587269161688, 0.7662960324530499
-35.53465396678996, 21.326234984505103, 0.7926587269161688, 0.7662960324530499
-35.563887565960826, 21.37395904747452, 0.7926587269161688, 0.7662960324530499
-35.59274621279808, 21.421919226830774, 0.7926587269161688, 0.7662960324530499
-35.62123017425516, 21.470108893023735, 0.7926587269161688, 0.7662960324530499
-35.64933971728541, 21.51852141650319, 0.7926587269161688, 0.7662960324530499
-35.67707510884228, 21.56715016771904, 0.7926587269161688, 0.7662960324530499
-35.70443661587916, 21.615988517121075, 0.7926587269161688, 0.7662960324530499
-35.73142450534942, 21.665029835159157, 0.7926587269161688, 0.7662960324530499
-35.75803904420655, 21.71426749228317, 0.7926587269161688, 0.7662960324530499
-35.78428049940385, 21.763694858942888, 0.7926587269161688, 0.7662960324530499
-35.810149137894804, 21.813305305588216, 0.7926587269161688, 0.7662960324530499
-35.83564522663277, 21.863092202668945, 0.7926587269161688, 0.7662960324530499
-35.86076903257118, 21.91304892063494, 0.7926587269161688, 0.7662960324530499
-35.88552082266344, 21.963168829936077, 0.7926587269161688, 0.7662960324530499
-35.90990086386291, 22.01344530102213, 0.7926587269161688, 0.7662960324530499
-35.933909423123055, 22.063871704343025, 0.7926587269161688, 0.7662960324530499
-35.95754676739722, 22.11444141034852, 0.7926587269161688, 0.7662960324530499
-35.98081316363886, 22.1651477894885, 0.7926587269161688, 0.7662960324530499
-36.00370887880135, 22.215984212212838, 0.7926587269161688, 0.7662960324530499
-36.02623417983809, 22.266944048971315, 0.7926587269161688, 0.7662960324530499
-36.04838933370252, 22.31802067021384, 0.7926587269161688, 0.7662960324530499
-36.070175328093086, 22.369208264264557, 0.7926587269161688, 0.7662960324530499
-36.091596117911266, 22.420504386517827, 0.7926587269161688, 0.7662960324530499
-36.1126564215264, 22.471907458722587, 0.7926587269161688, 0.7662960324530499
-36.13336095730846, 22.523415902628454, 0.7926587269161688, 0.7662960324530499
-36.15371444362745, 22.57502813998513, 0.7926587269161688, 0.7662960324530499
-36.17372159885334, 22.626742592542218, 0.7926587269161688, 0.7662960324530499
-36.19338714135614, 22.678557682049405, 0.7926587269161688, 0.7662960324530499
-36.212715789505836, 22.73047183025637, 0.7926587269161688, 0.7662960324530499
-36.23171226167238, 22.782483458912715, 0.7926587269161688, 0.7662960324530499
-36.250381276225816, 22.834590989768163, 0.7926587269161688, 0.7662960324530499
-36.2687275515361, 22.886792844572316, 0.7926587269161688, 0.7662960324530499
-36.28675580597322, 22.939087445074843, 0.7926587269161688, 0.7662960324530499
-36.30447075790718, 22.99147321302544, 0.7926587269161688, 0.7662960324530499
-36.321877125707964, 23.043948570173715, 0.7926587269161688, 0.7662960324530499
-36.33897962774556, 23.09651193826937, 0.7926587269161688, 0.7662960324530499
-36.35578298238995, 23.14916173906201, 0.7926587269161688, 0.7662960324530499
-36.37229190801112, 23.201896394301315, 0.7926587269161688, 0.7662960324530499
-36.38851112297908, 23.254714325736987, 0.7926587269161688, 0.7662960324530499
-36.40444534566381, 23.30761395511861, 0.7926587269161688, 0.7662960324530499
-36.42009929443529, 23.360593704195907, 0.7926587269161688, 0.7662960324530499
-36.43547768766351, 23.41365199471847, 0.7926587269161688, 0.7662960324530499
-36.45058524371847, 23.466787248436002, 0.7926587269161688, 0.7662960324530499
-36.46542668097015, 23.519997887098164, 0.7926587269161688, 0.7662960324530499
-36.48000671778853, 23.573282332454575, 0.7926587269161688, 0.7662960324530499
-36.49433007254362, 23.626639006254948, 0.7926587269161688, 0.7662960324530499
-36.508401463605395, 23.680066330248874, 0.7926587269161688, 0.7662960324530499
-36.522225609343835, 23.733562726186044, 0.7926587269161688, 0.7662960324530499
-36.53580722812896, 23.787126615816145, 0.7926587269161688, 0.7662960324530499
-36.54915103833074, 23.840756420888784, 0.7926587269161688, 0.7662960324530499
-36.56226175831916, 23.894450563153658, 0.7926587269161688, 0.7662960324530499
-36.57514410646421, 23.948207464360383, 0.7926587269161688, 0.7662960324530499
-36.58780280113587, 24.002025546258636, 0.7926587269161688, 0.7662960324530499
-36.60024256070417, 24.055903230598105, 0.7926587269161688, 0.7662960324530499
-36.612468103539044, 24.10983893912839, 0.7926587269161688, 0.7662960324530499
-36.62448414801052, 24.16383109359921, 0.7926587269161688, 0.7662960324530499
-36.63629541248856, 24.217878115760158, 0.7926587269161688, 0.7662960324530499
-36.647906615343175, 24.271978427360924, 0.7926587269161688, 0.7662960324530499
-36.65932247494434, 24.326130450151194, 0.7926587269161688, 0.7662960324530499
-36.670547709662046, 24.380332605880565, 0.7926587269161688, 0.7662960324530499
-36.681587037866294, 24.43458331629873, 0.7926587269161688, 0.7662960324530499
-36.69244517792707, 24.488881003155374, 0.7926587269161688, 0.7662960324530499
-36.703126848214346, 24.543224088200088, 0.7926587269161688, 0.7662960324530499
-36.713636767098116, 24.59761099318259, 0.7926587269161688, 0.7662960324530499
-36.72397965294838, 24.65204013985249, 0.7926587269161688, 0.7662960324530499
-36.734160224135124, 24.706509949959464, 0.7926587269161688, 0.7662960324530499
-36.74418319902833, 24.761018845253194, 0.7926587269161688, 0.7662960324530499
-36.754053295998, 24.815565247483292, 0.7926587269161688, 0.7662960324530499
-36.763775233414094, 24.87014757839946, 0.7926587269161688, 0.7662960324530499
-36.77335372964664, 24.924764259751313, 0.7926587269161688, 0.7662960324530499
-36.7827935030656, 24.979413713288526, 0.7926587269161688, 0.7662960324530499
-36.792099272040964, 25.034094360760793, 0.7926587269161688, 0.7662960324530499
-36.801275754942736, 25.088804623917706, 0.7926587269161688, 0.7662960324530499
-36.81032767014089, 25.143542924508978, 0.7926587269161688, 0.7662960324530499
-36.81925973600543, 25.198307684284217, 0.7926587269161688, 0.7662960324530499
-36.82807667090632, 25.253097324993103, 0.7926587269161688, 0.7662960324530499
-36.836783193213584, 25.307910268385324, 0.7926587269161688, 0.7662960324530499
-36.84538402129718, 25.362744936210483, 0.7926587269161688, 0.7662960324530499
-36.85388387352712, 25.417599750218304, 0.7926587269161688, 0.7662960324530499
-36.86228746827336, 25.472473132158353, 0.7926587269161688, 0.7662960324530499
-36.87059952390592, 25.527363503780354, 0.7926587269161688, 0.7662960324530499
-36.878824758794785, 25.582269286833974, 0.7926587269161688, 0.7662960324530499
-36.88696789130993, 25.63718890306881, 0.7926587269161688, 0.7662960324530499
-36.895033639821364, 25.692120774234592, 0.7926587269161688, 0.7662960324530499
-36.90302672269905, 25.747063322080905, 0.7926587269161688, 0.7662960324530499
-36.910951858313, 25.802014968357447, 0.7926587269161688, 0.7662960324530499
-36.918813765033185, 25.85697413481389, 0.7926587269161688, 0.7662960324530499
-36.92661657817742, 25.91193944302118, 0.7926587269161688, 0.7662960324530499
-36.93436145094459, 25.96691053657038, 0.7926587269161688, 0.7662960324530499
-36.94204858563957, 26.021887384939056, 0.7926587269161688, 0.7662960324530499
-36.94967818415787, 26.076869957745153, 0.7926587269161688, 0.7662960324530499
-36.95725044839502, 26.13185822460663, 0.7926587269161688, 0.7662960324530499
-36.96476558024652, 26.186852155141356, 0.7926587269161688, 0.7662960324530499
-36.972223781607894, 26.24185171896732, 0.7926587269161688, 0.7662960324530499
-36.97962525437463, 26.296856885702375, 0.7926587269161688, 0.7662960324530499
-36.98697020044227, 26.351867624964488, 0.7926587269161688, 0.7662960324530499
-36.99425882170632, 26.40688390637161, 0.7926587269161688, 0.7662960324530499
-37.00149132006228, 26.46190569954161, 0.7926587269161688, 0.7662960324530499
-37.00866789740566, 26.516932974092473, 0.7926587269161688, 0.7662960324530499
-37.015788755631995, 26.571965699642064, 0.7926587269161688, 0.7662960324530499
-37.022854096636785, 26.627003845808336, 0.7926587269161688, 0.7662960324530499
-37.02986412231554, 26.682047382209245, 0.7926587269161688, 0.7662960324530499
-37.03681903456377, 26.73709627846265, 0.7926587269161688, 0.7662960324530499
-37.04371903527699, 26.79215050418656, 0.7926587269161688, 0.7662960324530499
-37.05056432635073, 26.847210028998816, 0.7926587269161688, 0.7662960324530499
-37.057355109680486, 26.902274822517388, 0.7926587269161688, 0.7662960324530499
-37.06409158716176, 26.957344854360226, 0.7926587269161688, 0.7662960324530499
-37.07077396069008, 27.0124200941452, 0.7926587269161688, 0.7662960324530499
-37.07740243216097, 27.067500511490277, 0.7926587269161688, 0.7662960324530499
-37.08397720346992, 27.122586076013352, 0.7926587269161688, 0.7662960324530499
-37.09049847651246, 27.17767675733236, 0.7926587269161688, 0.7662960324530499
-37.09696645318409, 27.232772525065254, 0.7926587269161688, 0.7662960324530499
-37.103381335380334, 27.287873348829933, 0.7926587269161688, 0.7662960324530499
-37.10974332499668, 27.342979198244333, 0.7926587269161688, 0.7662960324530499
-37.11605262392866, 27.398090042926352, 0.7926587269161688, 0.7662960324530499
-37.1223094340718, 27.45320585249395, 0.7926587269161688, 0.7662960324530499
-37.12851395732157, 27.508326596565052, 0.7926587269161688, 0.7662960324530499
-37.13466639557355, 27.56345224475756, 0.7926587269161688, 0.7662960324530499
-37.14076695072319, 27.618582766689403, 0.7926587269161688, 0.7662960324530499
-37.14681582466603, 27.673718131978546, 0.7926587269161688, 0.7662960324530499
-37.152813219297585, 27.728858310242856, 0.7926587269161688, 0.7662960324530499
-37.15875933651335, 27.784003271100318, 0.7926587269161688, 0.7662960324530499
-37.164654378208844, 27.839152984168795, 0.7926587269161688, 0.7662960324530499
-37.170498546279596, 27.89430741906624, 0.7926587269161688, 0.7662960324530499
-37.176292042621114, 27.94946654541063, 0.7926587269161688, 0.7662960324530499
-37.182035069128894, 28.004630332819797, 0.7926587269161688, 0.7662960324530499
-37.18772782769845, 28.059798750911746, 0.7926587269161688, 0.7662960324530499
-37.19337052022532, 28.114971769304336, 0.7926587269161688, 0.7662960324530499
-37.198963348604984, 28.170149357615532, 0.7926587269161688, 0.7662960324530499
-37.204506514732984, 28.22533148546329, 0.7926587269161688, 0.7662960324530499
-37.21000022050482, 28.280518122465462, 0.7926587269161688, 0.7662960324530499
-37.215444667815994, 28.335709238240046, 0.7926587269161688, 0.7662960324530499
-37.22084005856203, 28.3909048024049, 0.7926587269161688, 0.7662960324530499
-37.226186594638435, 28.446104784577976, 0.7926587269161688, 0.7662960324530499
-37.23148447794074, 28.50130915437725, 0.7926587269161688, 0.7662960324530499
-37.23673391036444, 28.556517881420568, 0.7926587269161688, 0.7662960324530499
-37.24193509380505, 28.611730935325923, 0.7926587269161688, 0.7662960324530499
-37.247088230158084, 28.66694828571117, 0.7926587269161688, 0.7662960324530499
-37.25219352131906, 28.722169902194292, 0.7926587269161688, 0.7662960324530499
-37.257251169183476, 28.77739575439322, 0.7926587269161688, 0.7662960324530499
-37.262261375646844, 28.832625811925812, 0.7926587269161688, 0.7662960324530499
-37.26722434260471, 28.887860044410083, 0.7926587269161688, 0.7662960324530499
-37.27214027195255, 28.943098421463873, 0.7926587269161688, 0.7662960324530499
-37.27700936558589, 28.998340912705153, 0.7926587269161688, 0.7662960324530499
-37.281831825400246, 29.053587487751876, 0.7926587269161688, 0.7662960324530499
-37.28660785329113, 29.108838116221907, 0.7926587269161688, 0.7662960324530499
-37.29133765115405, 29.164092767733226, 0.7926587269161688, 0.7662960324530499
-37.296021420884514, 29.2193514119037, 0.7926587269161688, 0.7662960324530499
-37.300659364378056, 29.274614018351294, 0.7926587269161688, 0.7662960324530499
-37.30525168353016, 29.329880556693947, 0.7926587269161688, 0.7662960324530499
-37.309798580236354, 29.385150996549537, 0.7926587269161688, 0.7662960324530499
-37.31430025639215, 29.440425307536056, 0.7926587269161688, 0.7662960324530499
-37.31875691389307, 29.495703459271358, 0.7926587269161688, 0.7662960324530499
-37.323168754634615, 29.550985421373397, 0.7926587269161688, 0.7662960324530499
-37.327535980512295, 29.60627116346014, 0.7926587269161688, 0.7662960324530499
-37.331858793421624, 29.661560655149444, 0.7926587269161688, 0.7662960324530499
-37.33613739525811, 29.716853866059285, 0.7926587269161688, 0.7662960324530499
-37.340371987917294, 29.77215076580755, 0.7926587269161688, 0.7662960324530499
-37.344562773294655, 29.827451324012184, 0.7926587269161688, 0.7662960324530499
-37.348709953285734, 29.882755510291144, 0.7926587269161688, 0.7662960324530499
-37.352813729786014, 29.93806329426229, 0.7926587269161688, 0.7662960324530499
-37.356874304691026, 29.993374645543618, 0.7926587269161688, 0.7662960324530499
-37.36089187989627, 30.048689533752977, 0.7926587269161688, 0.7662960324530499
-37.36486665729728, 30.104007928508345, 0.7926587269161688, 0.7662960324530499
-37.36879883878955, 30.159329799427663, 0.7926587269161688, 0.7662960324530499
-37.37268862626861, 30.21465511612881, 0.7926587269161688, 0.7662960324530499
-37.376536221629955, 30.26998384822975, 0.7926587269161688, 0.7662960324530499
-37.38034182676909, 30.32531596534836, 0.7926587269161688, 0.7662960324530499
-37.384105643581556, 30.380651437102596, 0.7926587269161688, 0.7662960324530499
-37.38782787396285, 30.43599023311041, 0.7926587269161688, 0.7662960324530499
-37.39150871980848, 30.49133232298968, 0.7926587269161688, 0.7662960324530499
-37.395148383013975, 30.546677676358353, 0.7926587269161688, 0.7662960324530499
-37.39874706547484, 30.602026262834386, 0.7926587269161688, 0.7662960324530499
-37.402304969086565, 30.657378052035625, 0.7926587269161688, 0.7662960324530499
-37.405822295744706, 30.712733013580102, 0.7926587269161688, 0.7662960324530499
-37.40929924734475, 30.76809111708564, 0.7926587269161688, 0.7662960324530499
-37.412736025782195, 30.823452332170202, 0.7926587269161688, 0.7662960324530499
-37.416132832952584, 30.878816628451755, 0.7926587269161688, 0.7662960324530499
-37.41948987075141, 30.934183975548166, 0.7926587269161688, 0.7662960324530499
-37.422807341074204, 30.989554343077412, 0.7926587269161688, 0.7662960324530499
-37.426085445816454, 31.044927700657365, 0.7926587269161688, 0.7662960324530499
-37.429324386873695, 31.100304017905966, 0.7926587269161688, 0.7662960324530499
-37.43252436614142, 31.155683264441194, 0.7926587269161688, 0.7662960324530499
-37.435685585515174, 31.2110654098809, 0.7926587269161688, 0.7662960324530499
-37.438808246890424, 31.26645042384306, 0.7926587269161688, 0.7662960324530499
-37.44189255216271, 31.321838275945563, 0.7926587269161688, 0.7662960324530499
-37.44493870322756, 31.377228935806354, 0.7926587269161688, 0.7662960324530499
-37.447946901980444, 31.432622373043387, 0.7926587269161688, 0.7662960324530499
-37.450917350316914, 31.48801855727453, 0.7926587269161688, 0.7662960324530499
-37.453850250132454, 31.54341745811776, 0.7926587269161688, 0.7662960324530499
-37.4567458033226, 31.598819045190957, 0.7926587269161688, 0.7662960324530499
-37.45960421178286, 31.654223288112064, 0.7926587269161688, 0.7662960324530499
-37.462425677408724, 31.709630156499045, 0.7926587269161688, 0.7662960324530499
-37.46521040209573, 31.76503961996976, 0.7926587269161688, 0.7662960324530499
-37.46795858773939, 31.820451648142203, 0.7926587269161688, 0.7662960324530499
-37.4706704362352, 31.875866210634232, 0.7926587269161688, 0.7662960324530499
-37.47334614947869, 31.931283277063805, 0.7926587269161688, 0.7662960324530499
-37.47598592936536, 31.986702817048876, 0.7926587269161688, 0.7662960324530499
-37.478589977790726, 32.04212480020731, 0.7926587269161688, 0.7662960324530499
-37.4811584966503, 32.097549196157104, 0.7926587269161688, 0.7662960324530499
-37.483691687839595, 32.152975974516096, 0.7926587269161688, 0.7662960324530499
-37.48618975325412, 32.20840510490227, 0.7926587269161688, 0.7662960324530499
-37.48865289478941, 32.263836556933576, 0.7926587269161688, 0.7662960324530499
-37.49108131434096, 32.31927030022787, 0.7926587269161688, 0.7662960324530499
-37.493475213804274, 32.37470630440315, 0.7926587269161688, 0.7662960324530499
-37.49583479507487, 32.43014453907727, 0.7926587269161688, 0.7662960324530499
-37.49816026004827, 32.485584973868185, 0.7926587269161688, 0.7662960324530499
-37.50045181061998, 32.54102757839386, 0.7926587269161688, 0.7662960324530499
-37.50270964868552, 32.596472322272156, 0.7926587269161688, 0.7662960324530499
-37.504933976140386, 32.651919175121066, 0.7926587269161688, 0.7662960324530499
-37.50712499488012, 32.707368106558434, 0.7926587269161688, 0.7662960324530499
-37.509282906800195, 32.762819086202235, 0.7926587269161688, 0.7662960324530499
-37.51140791379615, 32.81827208367042, 0.7926587269161688, 0.7662960324530499
-37.51350021776351, 32.87372706858086, 0.7926587269161688, 0.7662960324530499
-37.515560020597746, 32.92918401055153, 0.7926587269161688, 0.7662960324530499
-37.51758752419441, 32.98464287920031, 0.7926587269161688, 0.7662960324530499
-37.51958293044899, 33.04010364414514, 0.7926587269161688, 0.7662960324530499
-37.521546441257016, 33.09556627500399, 0.7926587269161688, 0.7662960324530499
-37.52347825851399, 33.151030741394706, 0.7926587269161688, 0.7662960324530499
-37.52537858411542, 33.20649701293529, 0.7926587269161688, 0.7662960324530499
-37.527247619956846, 33.2619650592436, 0.7926587269161688, 0.7662960324530499
-37.52908556793374, 33.3174348499376, 0.7926587269161688, 0.7662960324530499
-37.53089262994164, 33.37290635463523, 0.7926587269161688, 0.7662960324530499
-37.53266900787606, 33.428379542954374, 0.7926587269161688, 0.7662960324530499
-37.5344149036325, 33.483854384513, 0.7926587269161688, 0.7662960324530499
-37.53613051910649, 33.539330848929, 0.7926587269161688, 0.7662960324530499
-37.53781605619352, 33.5948089058203, 0.7926587269161688, 0.7662960324530499
-37.53947171678912, 33.65028852480487, 0.7926587269161688, 0.7662960324530499
-37.5410977027888, 33.70576967550058, 0.7926587269161688, 0.7662960324530499
-37.542694216088066, 33.76125232752537, 0.7926587269161688, 0.7662960324530499
-37.54426145858244, 33.81673645049721, 0.7926587269161688, 0.7662960324530499
-37.54579963216742, 33.872222014033966, 0.7926587269161688, 0.7662960324530499
-37.54730893873853, 33.92770898775361, 0.7926587269161688, 0.7662960324530499
-37.54878958019129, 33.98319734127402, 0.7926587269161688, 0.7662960324530499
-37.55024175842119, 34.03868704421314, 0.7926587269161688, 0.7662960324530499
-37.551665675323775, 34.094178066188945, 0.7926587269161688, 0.7662960324530499
-37.55306153279452, 34.14967037681929, 0.7926587269161688, 0.7662960324530499
-37.55442953272897, 34.205163945722155, 0.7926587269161688, 0.7662960324530499
-37.55576987702262, 34.26065874251541, 0.7926587269161688, 0.7662960324530499
-37.55708276757098, 34.31615473681702, 0.7926587269161688, 0.7662960324530499
-37.55836840626958, 34.37165189824492, 0.7926587269161688, 0.7662960324530499
-37.55962699501392, 34.42715019641699, 0.7926587269161688, 0.7662960324530499
-37.56085873569951, 34.48264960095121, 0.7926587269161688, 0.7662960324530499
-37.56206383022186, 34.538150081465446, 0.7926587269161688, 0.7662960324530499
-37.56324248047652, 34.59365160757768, 0.7926587269161688, 0.7662960324530499
-37.56439488835894, 34.64915414890581, 0.7926587269161688, 0.7662960324530499
-37.565521255764686, 34.70465767506776, 0.7926587269161688, 0.7662960324530499
-37.566621784589245, 34.76016215568148, 0.7926587269161688, 0.7662960324530499
-37.56769667672813, 34.815667560364844, 0.7926587269161688, 0.7662960324530499
-37.56874613407686, 34.871173858735816, 0.7926587269161688, 0.7662960324530499
-37.56977035853096, 34.92668102041236, 0.7926587269161688, 0.7662960324530499
-37.570769551985926, 34.98218901501231, 0.7926587269161688, 0.7662960324530499
-37.571743916337255, 35.03769781215367, 0.7926587269161688, 0.7662960324530499
-37.572693653480485, 35.093207381454306, 0.7926587269161688, 0.7662960324530499
-37.573618965311134, 35.14871769253217, 0.7926587269161688, 0.7662960324530499
-37.5745200537247, 35.20422871500523, 0.7926587269161688, 0.7662960324530499
-37.575397120616685, 35.25974041849133, 0.7926587269161688, 0.7662960324530499
-37.57625036788262, 35.315252772608474, 0.7926587269161688, 0.7662960324530499
-37.57707999741802, 35.37076574697453, 0.7926587269161688, 0.7662960324530499
-37.57788621111839, 35.42627931120743, 0.7926587269161688, 0.7662960324530499
-37.57866921087924, 35.481793434925144, 0.7926587269161688, 0.7662960324530499
-37.579429198596074, 35.537308087745544, 0.7926587269161688, 0.7662960324530499
-37.580166376164435, 35.592823239286616, 0.7926587269161688, 0.7662960324530499
-37.58088094547981, 35.6483388591662, 0.7926587269161688, 0.7662960324530499
-37.581573108437716, 35.70385491700229, 0.7926587269161688, 0.7662960324530499
-37.58224306693368, 35.75937138241282, 0.7926587269161688, 0.7662960324530499
-37.58289102286319, 35.81488822501565, 0.7926587269161688, 0.7662960324530499
-37.58351717812178, 35.87040541442878, 0.7926587269161688, 0.7662960324530499
-37.58412173460495, 35.92592292027007, 0.7926587269161688, 0.7662960324530499
-37.58470489420821, 35.981440712157465, 0.7926587269161688, 0.7662960324530499
-37.5852668588271, 36.036958759708945, 0.7926587269161688, 0.7662960324530499
-37.5858078303571, 36.09247703254235, 0.7926587269161688, 0.7662960324530499
-37.58632801069373, 36.14799550027568, 0.7926587269161688, 0.7662960324530499
-37.58682760173251, 36.20351413252679, 0.7926587269161688, 0.7662960324530499
-37.58730674987448, 36.25903290002989, 0.7926587269161688, 0.7662960324530499
-37.58776536840264, 36.31455177820812, 0.7926587269161688, 0.7662960324530499
-37.58820330939718, 36.37007074371563, 0.7926587269161688, 0.7662960324530499
-37.58862042493797, 36.42558977320667, 0.7926587269161688, 0.7662960324530499
-37.58901656710491, 36.48110884333536, 0.7926587269161688, 0.7662960324530499
-37.589391587977914, 36.536627930755955, 0.7926587269161688, 0.7662960324530499
-37.58974533963688, 36.59214701212266, 0.7926587269161688, 0.7662960324530499
-37.5900776741617, 36.64766606408961, 0.7926587269161688, 0.7662960324530499
-37.59038844363227, 36.703185063311075, 0.7926587269161688, 0.7662960324530499
-37.59067750012849, 36.75870398644116, 0.7926587269161688, 0.7662960324530499
-37.59094469573025, 36.81422281013411, 0.7926587269161688, 0.7662960324530499
-37.59118988251748, 36.869741511044175, 0.7926587269161688, 0.7662960324530499
-37.59141291257005, 36.92526006582544, 0.7926587269161688, 0.7662960324530499
-37.591613637967875, 36.98077845113216, 0.7926587269161688, 0.7662960324530499
-37.59179191079083, 37.03629664361855, 0.7926587269161688, 0.7662960324530499
-37.59194758311885, 37.09181461993878, 0.7926587269161688, 0.7662960324530499
-37.59208050703181, 37.14733235674704, 0.7926587269161688, 0.7662960324530499
-37.59219053460961, 37.202849830697524, 0.7926587269161688, 0.7662960324530499
-37.59227751793215, 37.258367018444424, 0.7926587269161688, 0.7662960324530499
-37.59234130907935, 37.31388389664198, 0.7926587269161688, 0.7662960324530499
-37.59238176013107, 37.36940044194432, 0.7926587269161688, 0.7662960324530499
-37.59239872316724, 37.4249166310057, 0.7926587269161688, 0.7662960324530499
-37.59239205026773, 37.48043244048026, 0.7926587269161688, 0.7662960324530499
-37.592361593512486, 37.535947847022214, 0.7926587269161688, 0.7662960324530499
-37.59230720498136, 37.5914628272858, 0.7926587269161688, 0.7662960324530499
-37.59222873675427, 37.64697735792514, 0.7926587269161688, 0.7662960324530499
-37.59212604091112, 37.702491415594515, 0.7926587269161688, 0.7662960324530499
-37.591998969531794, 37.75800497694803, 0.7926587269161688, 0.7662960324530499
-37.59184737469621, 37.81351801863992, 0.7926587269161688, 0.7662960324530499
-37.591671108484256, 37.86903051732442, 0.7926587269161688, 0.7662960324530499
-37.59147002297582, 37.92454244965565, 0.7926587269161688, 0.7662960324530499
-37.59124397025082, 37.98005379228788, 0.7926587269161688, 0.7662960324530499
-37.590992802389145, 38.03556452187522, 0.7926587269161688, 0.7662960324530499
-37.5907163714707, 38.09107461507193, 0.7926587269161688, 0.7662960324530499
-37.59041452957538, 38.146584048532226, 0.7926587269161688, 0.7662960324530499
-37.59008712878308, 38.20209279891022, 0.7926587269161688, 0.7662960324530499
-37.589734021173705, 38.257600842860185, 0.7926587269161688, 0.7662960324530499
-37.58935505882716, 38.31310815703627, 0.7926587269161688, 0.7662960324530499
-37.58895009382333, 38.36861471809267, 0.7926587269161688, 0.7662960324530499
-37.58851897824212, 38.42412050268363, 0.7926587269161688, 0.7662960324530499
-37.588061564163425, 38.47962548746326, 0.7926587269161688, 0.7662960324530499
-37.58757770366716, 38.53512964908585, 0.7926587269161688, 0.7662960324530499
-37.58706724883319, 38.59063296420552, 0.7926587269161688, 0.7662960324530499
-37.58653005174145, 38.64613540947649, 0.7926587269161688, 0.7662960324530499
-37.58596596447182, 38.70163696155299, 0.7926587269161688, 0.7662960324530499
-37.585374839104205, 38.75713759708916, 0.7926587269161688, 0.7662960324530499
-37.5847565277185, 38.812637292739254, 0.7926587269161688, 0.7662960324530499
-37.58411088239461, 38.86813602515739, 0.7926587269161688, 0.7662960324530499
-37.58343775521243, 38.92363377099782, 0.7926587269161688, 0.7662960324530499
-37.582736998251846, 38.979130506914736, 0.7926587269161688, 0.7662960324530499
-37.582008463592786, 39.03462620956232, 0.7926587269161688, 0.7662960324530499
-37.581252003315136, 39.09012085559478, 0.7926587269161688, 0.7662960324530499
-37.58046746949877, 39.14561442166627, 0.7926587269161688, 0.7662960324530499
-37.57965471422362, 39.20110688443102, 0.7926587269161688, 0.7662960324530499
-37.57881358956958, 39.25659822054325, 0.7926587269161688, 0.7662960324530499
-37.57794394761654, 39.31208840665711, 0.7926587269161688, 0.7662960324530499
-37.57704564044439, 39.36757741942682, 0.7926587269161688, 0.7662960324530499
-37.57611852013305, 39.42306523550656, 0.7926587269161688, 0.7662960324530499
-37.575162438762405, 39.478551831550526, 0.7926587269161688, 0.7662960324530499
-37.574177248412354, 39.534037184212934, 0.7926587269161688, 0.7662960324530499
-37.57316280116282, 39.58952127014795, 0.7926587269161688, 0.7662960324530499
-37.57211894909366, 39.645004066009804, 0.7926587269161688, 0.7662960324530499
-37.57104554428481, 39.70048554845265, 0.7926587269161688, 0.7662960324530499
-37.569942438816135, 39.755965694130694, 0.7926587269161688, 0.7662960324530499
-37.56880948476757, 39.811444479698174, 0.7926587269161688, 0.7662960324530499
-37.56764653421898, 39.86692188180922, 0.7926587269161688, 0.7662960324530499
-37.566453439250296, 39.9223978771181, 0.7926587269161688, 0.7662960324530499
-37.56523005194139, 39.97787244227893, 0.7926587269161688, 0.7662960324530499
-37.563976224372176, 40.03334555394594, 0.7926587269161688, 0.7662960324530499
-37.56269180862255, 40.088817188773355, 0.7926587269161688, 0.7662960324530499
-37.56137665677242, 40.14428732341533, 0.7926587269161688, 0.7662960324530499
-37.56003062090166, 40.19975593452605, 0.7926587269161688, 0.7662960324530499
-37.55865355309019, 40.25522299875979, 0.7926587269161688, 0.7662960324530499
-37.557245305417894, 40.310688492770645, 0.7926587269161688, 0.7662960324530499
-37.55580572996469, 40.36615239321289, 0.7926587269161688, 0.7662960324530499
-37.554334678810456, 40.42161467674065, 0.7926587269161688, 0.7662960324530499
-37.55283200403511, 40.477075320008154, 0.7926587269161688, 0.7662960324530499
-37.55129755771855, 40.53253429966964, 0.7926587269161688, 0.7662960324530499
-37.54973119194066, 40.58799159237922, 0.7926587269161688, 0.7662960324530499
-37.548132758781335, 40.64344717479116, 0.7926587269161688, 0.7662960324530499
-37.546502110320496, 40.69890102355959, 0.7926587269161688, 0.7662960324530499
-37.544839098638036, 40.75435311533876, 0.7926587269161688, 0.7662960324530499
-37.54314357581383, 40.80980342678286, 0.7926587269161688, 0.7662960324530499
-37.54141539392781, 40.86525193454604, 0.7926587269161688, 0.7662960324530499
-37.539654405059856, 40.92069861528256, 0.7926587269161688, 0.7662960324530499
-37.53786046128988, 40.97614344564656, 0.7926587269161688, 0.7662960324530499
-37.53603341469776, 41.031586402292234, 0.7926587269161688, 0.7662960324530499
-37.53417311736341, 41.087027461873845, 0.7926587269161688, 0.7662960324530499
-37.53227942136673, 41.142466601045506, 0.7926587269161688, 0.7662960324530499
-37.530352178787616, 41.197903796461496, 0.7926587269161688, 0.7662960324530499
-37.52839124170597, 41.25333902477591, 0.7926587269161688, 0.7662960324530499
-37.52639646220169, 41.30877226264301, 0.7926587269161688, 0.7662960324530499
-37.52436769235466, 41.364203486717, 0.7926587269161688, 0.7662960324530499
-37.52230478424479, 41.41963267365203, 0.7926587269161688, 0.7662960324530499
-37.52020758995198, 41.475059800102336, 0.7926587269161688, 0.7662960324530499
-37.518075961556136, 41.53048484272208, 0.7926587269161688, 0.7662960324530499
-37.515909751137144, 41.58590777816545, 0.7926587269161688, 0.7662960324530499
-37.513708810774915, 41.64132858308672, 0.7926587269161688, 0.7662960324530499
-37.511472992549336, 41.696747234139984, 0.7926587269161688, 0.7662960324530499
-37.50920214854031, 41.752163707979506, 0.7926587269161688, 0.7662960324530499
-37.50689613082774, 41.80757798125943, 0.7926587269161688, 0.7662960324530499
-37.50455479149152, 41.86299003063398, 0.7926587269161688, 0.7662960324530499
-37.502177982611556, 41.91839983275738, 0.7926587269161688, 0.7662960324530499
-37.49976555626773, 41.97380736428376, 0.7926587269161688, 0.7662960324530499
-37.49731736453996, 42.02921260186737, 0.7926587269161688, 0.7662960324530499
-37.49483325950815, 42.08461552216237, 0.7926587269161688, 0.7662960324530499
-37.492313093252164, 42.140016101822965, 0.7926587269161688, 0.7662960324530499
-37.48975671785193, 42.19541431750338, 0.7926587269161688, 0.7662960324530499
-37.48716398538735, 42.25081014585776, 0.7926587269161688, 0.7662960324530499
-37.48453474793832, 42.30620356354035, 0.7926587269161688, 0.7662960324530499
-37.48186885758472, 42.3615945472053, 0.7926587269161688, 0.7662960324530499
-37.47916616640646, 42.41698307350681, 0.7926587269161688, 0.7662960324530499
-37.476426526483436, 42.47236911909913, 0.7926587269161688, 0.7662960324530499
-37.47364978989556, 42.52775266063639, 0.7926587269161688, 0.7662960324530499
-37.47083580872272, 42.58313367477283, 0.7926587269161688, 0.7662960324530499
-37.46798443504482, 42.6385121381626, 0.7926587269161688, 0.7662960324530499
-37.465095520941745, 42.69388802745991, 0.7926587269161688, 0.7662960324530499
-37.46216891849341, 42.74926131931901, 0.7926587269161688, 0.7662960324530499
-37.45920447977972, 42.80463199039403, 0.7926587269161688, 0.7662960324530499
-37.45620205688054, 42.860000017339196, 0.7926587269161688, 0.7662960324530499
-37.45316150187581, 42.91536537680867, 0.7926587269161688, 0.7662960324530499
-37.450082666845404, 42.97072804545667, 0.7926587269161688, 0.7662960324530499
-37.44696540386923, 43.026087999937424, 0.7926587269161688, 0.7662960324530499
-37.44380956502717, 43.08144521690507, 0.7926587269161688, 0.7662960324530499
-37.440615002399156, 43.13679967301381, 0.7926587269161688, 0.7662960324530499
-37.43738156806505, 43.1921513449179, 0.7926587269161688, 0.7662960324530499
-37.434109114104785, 43.247500209271465, 0.7926587269161688, 0.7662960324530499
-37.43079749259824, 43.30284624272876, 0.7926587269161688, 0.7662960324530499
-37.427446555625316, 43.35818942194391, 0.7926587269161688, 0.7662960324530499
-37.42405615526591, 43.413529723571145, 0.7926587269161688, 0.7662960324530499
-37.42062614359992, 43.4688671242647, 0.7926587269161688, 0.7662960324530499
-37.41715637270726, 43.5242016006787, 0.7926587269161688, 0.7662960324530499
-37.41364669466781, 43.5795331294674, 0.7926587269161688, 0.7662960324530499
-37.410096961561486, 43.63486168728495, 0.7926587269161688, 0.7662960324530499
-37.40650702546816, 43.69018725078555, 0.7926587269161688, 0.7662960324530499
-37.402876738467775, 43.745509796623445, 0.7926587269161688, 0.7662960324530499
-37.39920595264018, 43.80082930145275, 0.7926587269161688, 0.7662960324530499
-37.39549452006531, 43.856145741927755, 0.7926587269161688, 0.7662960324530499
-37.391742292823054, 43.911459094702565, 0.7926587269161688, 0.7662960324530499
-37.387949122993305, 43.96676933643141, 0.7926587269161688, 0.7662960324530499
-37.384114862655956, 44.022076443768526, 0.7926587269161688, 0.7662960324530499
-37.38023936389094, 44.07738039336805, 0.7926587269161688, 0.7662960324530499
-37.37632247877811, 44.13268116188422, 0.7926587269161688, 0.7662960324530499
-37.37236405939739, 44.18797872597118, 0.7926587269161688, 0.7662960324530499
-37.36836395782867, 44.24327306228315, 0.7926587269161688, 0.7662960324530499
-37.36432202615187, 44.298564147474366, 0.7926587269161688, 0.7662960324530499
-37.36023811644686, 44.35385195819896, 0.7926587269161688, 0.7662960324530499
-37.35611208079355, 44.409136471111175, 0.7926587269161688, 0.7662960324530499
-37.351943771271856, 44.464417662865166, 0.7926587269161688, 0.7662960324530499
-37.34773303996165, 44.51969551011514, 0.7926587269161688, 0.7662960324530499
-37.34347973894284, 44.57496998951533, 0.7926587269161688, 0.7662960324530499
-37.33918372029533, 44.63024107771988, 0.7926587269161688, 0.7662960324530499
-37.33484483609902, 44.68550875138303, 0.7926587269161688, 0.7662960324530499
-37.33046293843381, 44.74077298715893, 0.7926587269161688, 0.7662960324530499
-37.32603787937959, 44.79603376170178, 0.7926587269161688, 0.7662960324530499
-37.32156951101626, 44.85129105166584, 0.7926587269161688, 0.7662960324530499
-37.31705768542373, 44.90654483370522, 0.7926587269161688, 0.7662960324530499
-37.312502254681874, 44.96179508447417, 0.7926587269161688, 0.7662960324530499
-37.30790307087062, 45.01704178062685, 0.7926587269161688, 0.7662960324530499
-37.303259986069854, 45.07228489881746, 0.7926587269161688, 0.7662960324530499
-37.29857285235947, 45.12752441570025, 0.7926587269161688, 0.7662960324530499
-37.29384152181939, 45.18276030792935, 0.7926587269161688, 0.7662960324530499
-37.289065846529475, 45.23799255215899, 0.7926587269161688, 0.7662960324530499
-37.28424567856964, 45.293221125043324, 0.7926587269161688, 0.7662960324530499
-37.27938087001981, 45.34844600323659, 0.7926587269161688, 0.7662960324530499
-37.27447127295984, 45.40366716339298, 0.7926587269161688, 0.7662960324530499
-37.269516739469665, 45.45888458216666, 0.7926587269161688, 0.7662960324530499
-37.264517121629176, 45.51409823621188, 0.7926587269161688, 0.7662960324530499
-37.25947227151826, 45.56930810218277, 0.7926587269161688, 0.7662960324530499
-37.254382041216815, 45.62451415673353, 0.7926587269161688, 0.7662960324530499
-37.24924628280475, 45.67971637651843, 0.7926587269161688, 0.7662960324530499
-37.244064848361965, 45.734914738191584, 0.7926587269161688, 0.7662960324530499
-37.238837589968355, 45.79010921840725, 0.7926587269161688, 0.7662960324530499
-37.23356435970381, 45.84529979381955, 0.7926587269161688, 0.7662960324530499
-37.22824500964825, 45.90048644108272, 0.7926587269161688, 0.7662960324530499
-37.222879391881555, 45.95566913685099, 0.7926587269161688, 0.7662960324530499
-37.217467358483624, 46.010847857778494, 0.7926587269161688, 0.7662960324530499
-37.21200876153437, 46.06602258051947, 0.7926587269161688, 0.7662960324530499
-37.206503453113676, 46.12119328172807, 0.7926587269161688, 0.7662960324530499
-37.20095128530146, 46.17635993805852, 0.7926587269161688, 0.7662960324530499
-37.1953521101776, 46.231522526165044, 0.7926587269161688, 0.7662960324530499
-37.189705779822006, 46.286681022701764, 0.7926587269161688, 0.7662960324530499
-37.18401214631458, 46.34183540432292, 0.7926587269161688, 0.7662960324530499
-37.17827106173522, 46.396985647682726, 0.7926587269161688, 0.7662960324530499
-37.17248237816382, 46.452131729435344, 0.7926587269161688, 0.7662960324530499
-37.166645947680266, 46.50727362623498, 0.7926587269161688, 0.7662960324530499
-37.160761622364475, 46.56241131473581, 0.7926587269161688, 0.7662960324530499
-37.15482925429636, 46.61754477159205, 0.7926587269161688, 0.7662960324530499
-37.14884869555579, 46.672673973457925, 0.7926587269161688, 0.7662960324530499
-37.14281979822267, 46.72779889698755, 0.7926587269161688, 0.7662960324530499
-37.13674241437691, 46.782919518835214, 0.7926587269161688, 0.7662960324530499
-37.13061639609841, 46.83803581565503, 0.7926587269161688, 0.7662960324530499
-37.12444159546706, 46.893147764101236, 0.7926587269161688, 0.7662960324530499
-37.11821786456276, 46.948255340828034, 0.7926587269161688, 0.7662960324530499
-37.11194505546541, 47.00335852248959, 0.7926587269161688, 0.7662960324530499
-37.1056230202549, 47.05845728574013, 0.7926587269161688, 0.7662960324530499
-37.09925161101116, 47.113551607233816, 0.7926587269161688, 0.7662960324530499
-37.09283067981405, 47.16864146362485, 0.7926587269161688, 0.7662960324530499
-37.08636007874349, 47.223726831567475, 0.7926587269161688, 0.7662960324530499
-37.07983965987938, 47.27880768771581, 0.7926587269161688, 0.7662960324530499
-37.073269275301605, 47.33388400872413, 0.7926587269161688, 0.7662960324530499
-37.06664877709008, 47.38895577124654, 0.7926587269161688, 0.7662960324530499
-37.059978017324696, 47.4440229519373, 0.7926587269161688, 0.7662960324530499
-37.053256848085354, 47.49908552745062, 0.7926587269161688, 0.7662960324530499
-37.046485121451944, 47.55414347444062, 0.7926587269161688, 0.7662960324530499
-37.03966268950437, 47.60919676956158, 0.7926587269161688, 0.7662960324530499
-37.03278940432255, 47.664245389467624, 0.7926587269161688, 0.7662960324530499
-37.02586511798636, 47.71928931081299, 0.7926587269161688, 0.7662960324530499
-37.0188896825757, 47.77432851025186, 0.7926587269161688, 0.7662960324530499
-37.01186295017047, 47.82936296443842, 0.7926587269161688, 0.7662960324530499
-37.004784772850584, 47.88439265002691, 0.7926587269161688, 0.7662960324530499
-36.997655002695936, 47.93941754367146, 0.7926587269161688, 0.7662960324530499
-36.99047349178641, 47.99443762202628, 0.7926587269161688, 0.7662960324530499
-36.983240092201896, 48.049452861745614, 0.7926587269161688, 0.7662960324530499
-36.97595465602233, 48.10446323948361, 0.7926587269161688, 0.7662960324530499
-36.9686170353276, 48.15946873189449, 0.7926587269161688, 0.7662960324530499
-36.96122708219757, 48.2144693156324, 0.7926587269161688, 0.7662960324530499
-36.95378464871219, 48.269464967351595, 0.7926587269161688, 0.7662960324530499
-36.94628958695132, 48.32445566370627, 0.7926587269161688, 0.7662960324530499
-36.938741748994886, 48.37944138135056, 0.7926587269161688, 0.7662960324530499
-36.93114098692275, 48.434422096938704, 0.7926587269161688, 0.7662960324530499
-36.923487152814864, 48.4893977871249, 0.7926587269161688, 0.7662960324530499
-36.915780098751085, 48.54436842856332, 0.7926587269161688, 0.7662960324530499
-36.90801967681132, 48.599333997908204, 0.7926587269161688, 0.7662960324530499
-36.90020573907548, 48.65429447181367, 0.7926587269161688, 0.7662960324530499
-36.892338137623454, 48.709249826934, 0.7926587269161688, 0.7662960324530499
-36.88441672453514, 48.764200039923324, 0.7926587269161688, 0.7662960324530499
-36.87644135189045, 48.81914508743584, 0.7926587269161688, 0.7662960324530499
-36.86841187176926, 48.874084946125805, 0.7926587269161688, 0.7662960324530499
-36.860328136251496, 48.92901959264735, 0.7926587269161688, 0.7662960324530499
-36.85218999741704, 48.98394900365473, 0.7926587269161688, 0.7662960324530499
-36.84399730734579, 49.03887315580205, 0.7926587269161688, 0.7662960324530499
-36.83574991811765, 49.09379202574357, 0.7926587269161688, 0.7662960324530499
-36.82744768181251, 49.1487055901335, 0.7926587269161688, 0.7662960324530499
-36.819090450510295, 49.20361382562599, 0.7926587269161688, 0.7662960324530499
-36.810678076290884, 49.25851670887529, 0.7926587269161688, 0.7662960324530499
-36.80221041123416, 49.313414216535506, 0.7926587269161688, 0.7662960324530499
-36.79368730742005, 49.36830632526089, 0.7926587269161688, 0.7662960324530499
-36.78510861692844, 49.42319301170568, 0.7926587269161688, 0.7662960324530499
-36.77647415581062, 49.478074228229566, 0.7926587269161688, 0.7662960324530499
-36.767783398624886, 49.53294969692073, 0.7926587269161688, 0.7662960324530499
-36.759035631520646, 49.58781901282159, 0.7926587269161688, 0.7662960324530499
-36.75023013867301, 49.64268176964316, 0.7926587269161688, 0.7662960324530499
-36.74136620425705, 49.69753756109658, 0.7926587269161688, 0.7662960324530499
-36.7324431124479, 49.75238598089289, 0.7926587269161688, 0.7662960324530499
-36.723460147420646, 49.8072266227432, 0.7926587269161688, 0.7662960324530499
-36.71441659335038, 49.86205908035865, 0.7926587269161688, 0.7662960324530499
-36.70531173441221, 49.91688294745022, 0.7926587269161688, 0.7662960324530499
-36.69614485478125, 49.971697817729115, 0.7926587269161688, 0.7662960324530499
-36.68691523863258, 50.02650328490633, 0.7926587269161688, 0.7662960324530499
-36.677622170141305, 50.08129894269299, 0.7926587269161688, 0.7662960324530499
-36.66826493348253, 50.13608438480021, 0.7926587269161688, 0.7662960324530499
-36.65884281283137, 50.19085920493904, 0.7926587269161688, 0.7662960324530499
-36.64935509236289, 50.2456229968206, 0.7926587269161688, 0.7662960324530499
-36.63980105625221, 50.30037535415591, 0.7926587269161688, 0.7662960324530499
-36.630179988674435, 50.35511587065613, 0.7926587269161688, 0.7662960324530499
-36.62049117380466, 50.40984414003235, 0.7926587269161688, 0.7662960324530499
-36.61073389581798, 50.4645597559956, 0.7926587269161688, 0.7662960324530499
-36.600907438889514, 50.51926231225704, 0.7926587269161688, 0.7662960324530499
-36.591011087194346, 50.57395140252769, 0.7926587269161688, 0.7662960324530499
-36.58104412490757, 50.628626620518645, 0.7926587269161688, 0.7662960324530499
-36.5710058362043, 50.683287559941064, 0.7926587269161688, 0.7662960324530499
-36.560895505259644, 50.73793381450596, 0.7926587269161688, 0.7662960324530499
-36.550712416248686, 50.792564977924485, 0.7926587269161688, 0.7662960324530499
-36.540455853346536, 50.84718064390764, 0.7926587269161688, 0.7662960324530499
-36.53012510072829, 50.90178040616658, 0.7926587269161688, 0.7662960324530499
-36.51971944256904, 50.95636385841241, 0.7926587269161688, 0.7662960324530499
-36.5092381630439, 51.01093059435614, 0.7926587269161688, 0.7662960324530499
-36.49868054632797, 51.06548020770895, 0.7926587269161688, 0.7662960324530499
-36.48804587659633, 51.12001229218183, 0.7926587269161688, 0.7662960324530499
-36.47733343802412, 51.17452644148593, 0.7926587269161688, 0.7662960324530499
-36.4665425147864, 51.22902224933237, 0.7926587269161688, 0.7662960324530499
-36.4556723910583, 51.283499309432166, 0.7926587269161688, 0.7662960324530499
-36.444722351014896, 51.33795721549645, 0.7926587269161688, 0.7662960324530499
-36.4336916788313, 51.39239556123627, 0.7926587269161688, 0.7662960324530499
-36.42257965868263, 51.44681394036275, 0.7926587269161688, 0.7662960324530499
-36.411385574743946, 51.501211946587, 0.7926587269161688, 0.7662960324530499
-36.40010871119039, 51.55558917362005, 0.7926587269161688, 0.7662960324530499
-36.388748352197034, 51.609945215173035, 0.7926587269161688, 0.7662960324530499
-36.377303781938984, 51.664279664956986, 0.7926587269161688, 0.7662960324530499
-36.36577428459137, 51.71859211668306, 0.7926587269161688, 0.7662960324530499
-36.35415914432924, 51.77288216406232, 0.7926587269161688, 0.7662960324530499
-36.342457645327734, 51.82714940080582, 0.7926587269161688, 0.7662960324530499
-36.330669071761925, 51.88139342062471, 0.7926587269161688, 0.7662960324530499
-36.31879270780695, 51.93561381723002, 0.7926587269161688, 0.7662960324530499
-36.30682783763788, 51.98981018433286, 0.7926587269161688, 0.7662960324530499
-36.294773745429815, 52.043982115644354, 0.7926587269161688, 0.7662960324530499
-36.28262971535788, 52.09812920487553, 0.7926587269161688, 0.7662960324530499
-36.27039503159715, 52.15225104573753, 0.7926587269161688, 0.7662960324530499
-36.25806897832273, 52.20634723194138, 0.7926587269161688, 0.7662960324530499
-36.24565083970973, 52.26041735719821, 0.7926587269161688, 0.7662960324530499
-36.23313989993324, 52.314461015219116, 0.7926587269161688, 0.7662960324530499
-36.22053544316839, 52.36847779971518, 0.7926587269161688, 0.7662960324530499
-36.207836753590215, 52.42246730439747, 0.7926587269161688, 0.7662960324530499
-36.19504311537389, 52.476429122977095, 0.7926587269161688, 0.7662960324530499
-36.18215381269447, 52.5303628491651, 0.7926587269161688, 0.7662960324530499
-36.16916812972707, 52.58426807667266, 0.7926587269161688, 0.7662960324530499
-36.15608535064679, 52.63814439921077, 0.7926587269161688, 0.7662960324530499
-36.14290485004824, 52.6919914436135, 0.7926587269161688, 0.7662960324530499
-36.129628049811515, 52.745809586686995, 0.7926587269161688, 0.7662960324530499
-36.11625840128229, 52.79959994868151, 0.7926587269161688, 0.7662960324530499
-36.10279944266166, 52.85336368166476, 0.7926587269161688, 0.7662960324530499
-36.08925471215076, 52.90710193770432, 0.7926587269161688, 0.7662960324530499
-36.075627747950705, 52.960815868867876, 0.7926587269161688, 0.7662960324530499
-36.06192208826261, 53.01450662722312, 0.7926587269161688, 0.7662960324530499
-36.04814127128758, 53.068175364837614, 0.7926587269161688, 0.7662960324530499
-36.03428883522673, 53.1218232337791, 0.7926587269161688, 0.7662960324530499
-36.02036831828119, 53.175451386115135, 0.7926587269161688, 0.7662960324530499
-36.006383258652086, 53.22906097391342, 0.7926587269161688, 0.7662960324530499
-35.99233719454051, 53.28265314924165, 0.7926587269161688, 0.7662960324530499
-35.978233664147595, 53.3362290641674, 0.7926587269161688, 0.7662960324530499
-35.96407620567444, 53.38978987075835, 0.7926587269161688, 0.7662960324530499
-35.94986835732221, 53.443336721082154, 0.7926587269161688, 0.7662960324530499
-35.935613657291945, 53.49687076720643, 0.7926587269161688, 0.7662960324530499
-35.92131564378481, 53.55039316119889, 0.7926587269161688, 0.7662960324530499
-35.90697785500193, 53.60390505512712, 0.7926587269161688, 0.7662960324530499
-35.892603829144385, 53.65740760105882, 0.7926587269161688, 0.7662960324530499
-35.87819710441332, 53.71090195106161, 0.7926587269161688, 0.7662960324530499
-35.863761219009845, 53.76438925720314, 0.7926587269161688, 0.7662960324530499
-35.84929971113508, 53.817870671551084, 0.7926587269161688, 0.7662960324530499
-35.834816118990126, 53.87134734617306, 0.7926587269161688, 0.7662960324530499
-35.82031398077612, 53.92482043313676, 0.7926587269161688, 0.7662960324530499
-35.80579683469416, 53.978291084509785, 0.7926587269161688, 0.7662960324530499
-35.791268218945376, 54.0317604523598, 0.7926587269161688, 0.7662960324530499
-35.77673167173087, 54.08522968875449, 0.7926587269161688, 0.7662960324530499
-35.76219073125179, 54.13869994576147, 0.7926587269161688, 0.7662960324530499
-35.747648935709215, 54.192172375448415, 0.7926587269161688, 0.7662960324530499
-35.73310982330428, 54.24564812988294, 0.7926587269161688, 0.7662960324530499
-35.71857693223809, 54.299128361132695, 0.7926587269161688, 0.7662960324530499
-35.70405380071179, 54.352614221265405, 0.7926587269161688, 0.7662960324530499
-35.689543966926465, 54.40610686234862, 0.7926587269161688, 0.7662960324530499
-35.67505096908324, 54.459607436450064, 0.7926587269161688, 0.7662960324530499
-35.66057834538324, 54.51311709563733, 0.7926587269161688, 0.7662960324530499
-35.64612963402759, 54.5666369919781, 0.7926587269161688, 0.7662960324530499
-35.63170837321738, 54.620168277540046, 0.7926587269161688, 0.7662960324530499
-35.617318101153735, 54.67371210439075, 0.7926587269161688, 0.7662960324530499
-35.60296235603778, 54.727269624597945, 0.7926587269161688, 0.7662960324530499
-35.58864467607063, 54.78084199022922, 0.7926587269161688, 0.7662960324530499
-35.57436859945341, 54.83443035335224, 0.7926587269161688, 0.7662960324530499
-35.560137664387206, 54.888035866034684, 0.7926587269161688, 0.7662960324530499
-35.54595540907317, 54.94165968034415, 0.7926587269161688, 0.7662960324530499
-35.5318253717124, 54.99530294834835, 0.7926587269161688, 0.7662960324530499
-35.51775109050602, 55.04896682211488, 0.7926587269161688, 0.7662960324530499
-35.503736103655136, 55.1026524537114, 0.7926587269161688, 0.7662960324530499
-35.48978394936087, 55.156360995205596, 0.7926587269161688, 0.7662960324530499
-35.47589816582434, 55.21009359866507, 0.7926587269161688, 0.7662960324530499
-35.462082291246666, 55.263851416157536, 0.7926587269161688, 0.7662960324530499
-35.44833986382896, 55.31763559975056, 0.7926587269161688, 0.7662960324530499
-35.43467442177234, 55.37144730151183, 0.7926587269161688, 0.7662960324530499
-35.42108950327791, 55.42528767350905, 0.7926587269161688, 0.7662960324530499
-35.40758864654682, 55.479157867809775, 0.7926587269161688, 0.7662960324530499
-35.39417597971402, 55.53305885382726, 0.7926587269161688, 0.7662960324530499
-35.38085802900289, 55.586990858481855, 0.7926587269161688, 0.7662960324530499
-35.36764192990242, 55.64095392005407, 0.7926587269161688, 0.7662960324530499
-35.35453481790172, 55.69494807682439, 0.7926587269161688, 0.7662960324530499
-35.34154382848991, 55.74897336707319, 0.7926587269161688, 0.7662960324530499
-35.3286760971561, 55.80302982908092, 0.7926587269161688, 0.7662960324530499
-35.31593875938934, 55.857117501128066, 0.7926587269161688, 0.7662960324530499
-35.30333895067881, 55.91123642149503, 0.7926587269161688, 0.7662960324530499
-35.29088380651355, 55.96538662846228, 0.7926587269161688, 0.7662960324530499
-35.27858046238271, 56.019568160310236, 0.7926587269161688, 0.7662960324530499
-35.26643605377538, 56.07378105531932, 0.7926587269161688, 0.7662960324530499
-35.254457716180646, 56.12802535177005, 0.7926587269161688, 0.7662960324530499
-35.24265258508763, 56.18230108794278, 0.7926587269161688, 0.7662960324530499
-35.231027795985426, 56.236608302118015, 0.7926587269161688, 0.7662960324530499
-35.21959048436315, 56.290947032576156, 0.7926587269161688, 0.7662960324530499
-35.20834778570992, 56.345317317597654, 0.7926587269161688, 0.7662960324530499
-35.197306835514794, 56.399719195462986, 0.7926587269161688, 0.7662960324530499
-35.186474769266916, 56.45415270445253, 0.7926587269161688, 0.7662960324530499
-35.17585872245536, 56.50861788284679, 0.7926587269161688, 0.7662960324530499
-35.16546583056927, 56.56311476892618, 0.7926587269161688, 0.7662960324530499
-35.15530322909771, 56.6176434009711, 0.7926587269161688, 0.7662960324530499
-35.145378053529804, 56.67220381726207, 0.7926587269161688, 0.7662960324530499
-35.135697439354665, 56.72679605607948, 0.7926587269161688, 0.7662960324530499
-35.12626852206138, 56.781420155703806, 0.7926587269161688, 0.7662960324530499
-35.11709538030782, 56.83607600472067, 0.7926587269161688, 0.7662960324530499
-35.108165088245876, 56.89076265899529, 0.7926587269161688, 0.7662960324530499
-35.09945884160614, 56.945478886523276, 0.7926587269161688, 0.7662960324530499
-35.09095783049067, 57.00022345502448, 0.7926587269161688, 0.7662960324530499
-35.082643245001506, 57.05499513221887, 0.7926587269161688, 0.7662960324530499
-35.07449627524067, 57.10979268582629, 0.7926587269161688, 0.7662960324530499
-35.066498111310224, 57.16461488356673, 0.7926587269161688, 0.7662960324530499
-35.058629943312205, 57.2194604931601, 0.7926587269161688, 0.7662960324530499
-35.05087296134866, 57.27432828232627, 0.7926587269161688, 0.7662960324530499
-35.0432083555216, 57.32921701878522, 0.7926587269161688, 0.7662960324530499
-35.0356173159331, 57.38412547025679, 0.7926587269161688, 0.7662960324530499
-35.028081032685186, 57.439052404460945, 0.7926587269161688, 0.7662960324530499
-35.02058069587991, 57.493996589117636, 0.7926587269161688, 0.7662960324530499
-35.013097495619306, 57.548956791946715, 0.7926587269161688, 0.7662960324530499
-35.00561262200541, 57.60393178066815, 0.7926587269161688, 0.7662960324530499
-34.99810726514028, 57.6589203230018, 0.7926587269161688, 0.7662960324530499
-34.990562615125924, 57.713921186667605, 0.7926587269161688, 0.7662960324530499
-34.98295986206442, 57.76893313938554, 0.7926587269161688, 0.7662960324530499
-34.97528019605779, 57.823954948875446, 0.7926587269161688, 0.7662960324530499
-34.967504807208066, 57.87898538285728, 0.7926587269161688, 0.7662960324530499
-34.95961348089695, 57.93402215786896, 0.7926587269161688, 0.7662960324530499
-34.95157706288989, 57.989056300744586, 0.7926587269161688, 0.7662960324530499
-34.94336289425095, 58.04407621567607, 0.7926587269161688, 0.7662960324530499
-34.93493830781598, 58.09907030069787, 0.7926587269161688, 0.7662960324530499
-34.92627063642075, 58.15402695384455, 0.7926587269161688, 0.7662960324530499
-34.91732721290109, 58.20893457315053, 0.7926587269161688, 0.7662960324530499
-34.908075370092796, 58.263781556650365, 0.7926587269161688, 0.7662960324530499
-34.89848244083167, 58.31855630237859, 0.7926587269161688, 0.7662960324530499
-34.88851575795351, 58.37324720836964, 0.7926587269161688, 0.7662960324530499
-34.87814265429414, 58.42784267265807, 0.7926587269161688, 0.7662960324530499
-34.867330462689345, 58.48233109327831, 0.7926587269161688, 0.7662960324530499
-34.856046515974946, 58.53670086826493, 0.7926587269161688, 0.7662960324530499
-34.84425814698674, 58.59094039565244, 0.7926587269161688, 0.7662960324530499
-34.83193268856053, 58.6450380734753, 0.7926587269161688, 0.7662960324530499
-34.81903747353213, 58.698982299768005, 0.7926587269161688, 0.7662960324530499
-34.80553983473731, 58.752761472565105, 0.7926587269161688, 0.7662960324530499
-34.79140710501192, 58.80636398990105, 0.7926587269161688, 0.7662960324530499
-34.7766066184551, 58.8597782500928, 0.7926587269161688, 0.7662960324530499
-34.76111722688999, 58.91299522599675, 0.7926587269161688, 0.7662960324530499
-34.74495741993925, 58.96601475064724, 0.7926587269161688, 0.7662960324530499
-34.72815420764443, 59.018838561635064, 0.7926587269161688, 0.7662960324530499
-34.710734600047175, 59.07146839655097, 0.7926587269161688, 0.7662960324530499
-34.69272560718904, 59.123905992985726, 0.7926587269161688, 0.7662960324530499
-34.674154239111644, 59.17615308853012, 0.7926587269161688, 0.7662960324530499
-34.65504750585657, 59.228211420774926, 0.7926587269161688, 0.7662960324530499
-34.63543241746542, 59.28008272731093, 0.7926587269161688, 0.7662960324530499
-34.61533598397979, 59.33176874572888, 0.7926587269161688, 0.7662960324530499
-34.59478521544125, 59.383271213619594, 0.7926587269161688, 0.7662960324530499
-34.57380712189144, 59.43459186857379, 0.7926587269161688, 0.7662960324530499
-34.55242871337193, 59.48573244818228, 0.7926587269161688, 0.7662960324530499
-34.5306769999243, 59.53669469003585, 0.7926587269161688, 0.7662960324530499
-34.50857899159019, 59.58748033172525, 0.7926587269161688, 0.7662960324530499
-34.486161698411145, 59.63809111084127, 0.7926587269161688, 0.7662960324530499
-34.463453527127704, 59.68853027122363, 0.7926587269161688, 0.7662960324530499
-34.44050082916602, 59.73882040888854, 0.7926587269161688, 0.7662960324530499
-34.41736239947795, 59.78899753938562, 0.7926587269161688, 0.7662960324530499
-34.394097283047756, 59.83909794790793, 0.7926587269161688, 0.7662960324530499
-34.370764524859574, 59.88915791964865, 0.7926587269161688, 0.7662960324530499
-34.34742316989766, 59.93921373980089, 0.7926587269161688, 0.7662960324530499
-34.324132263146176, 59.989301693557756, 0.7926587269161688, 0.7662960324530499
-34.30095084958933, 60.03945806611244, 0.7926587269161688, 0.7662960324530499
-34.27793797421133, 60.08971914265801, 0.7926587269161688, 0.7662960324530499
-34.25515268199637, 60.140121208387654, 0.7926587269161688, 0.7662960324530499
-34.232654017928674, 60.190700548494455, 0.7926587269161688, 0.7662960324530499
-34.21050102699241, 60.24149344817157, 0.7926587269161688, 0.7662960324530499
-34.18875275417178, 60.29253619261213, 0.7926587269161688, 0.7662960324530499
-34.167468244451015, 60.34386506700925, 0.7926587269161688, 0.7662960324530499
-34.14669853417474, 60.39551193533535, 0.7926587269161688, 0.7662960324530499
-34.1263965617251, 60.44745450595437, 0.7926587269161688, 0.7662960324530499
-34.10644951968583, 60.499634191841295, 0.7926587269161688, 0.7662960324530499
-34.08674338901798, 60.55199173708713, 0.7926587269161688, 0.7662960324530499
-34.06716415068258, 60.60446788578263, 0.7926587269161688, 0.7662960324530499
-34.047597785640704, 60.657003382018864, 0.7926587269161688, 0.7662960324530499
-34.0279302748534, 60.70953896988664, 0.7926587269161688, 0.7662960324530499
-34.0080475992817, 60.762015393476915, 0.7926587269161688, 0.7662960324530499
-33.98783573988665, 60.814373396880605, 0.7926587269161688, 0.7662960324530499
-33.96718067762932, 60.86655372418861, 0.7926587269161688, 0.7662960324530499
-33.94596839347074, 60.91849711949187, 0.7926587269161688, 0.7662960324530499
-33.92408546726119, 60.970139664123806, 0.7926587269161688, 0.7662960324530499
-33.90142378824919, 61.02137610216336, 0.7926587269161688, 0.7662960324530499
-33.877878021059416, 61.072079569509334, 0.7926587269161688, 0.7662960324530499
-33.85334285452459, 61.12212301358525, 0.7926587269161688, 0.7662960324530499
-33.82771297747735, 61.17137938181475, 0.7926587269161688, 0.7662960324530499
-33.800883078750395, 61.219721621621375, 0.7926587269161688, 0.7662960324530499
-33.77274784717637, 61.26702268042872, 0.7926587269161688, 0.7662960324530499
-33.743201971587936, 61.31315550566039, 0.7926587269161688, 0.7662960324530499
-33.712140140817795, 61.357993044739935, 0.7926587269161688, 0.7662960324530499
-33.679457043698584, 61.40140824509097, 0.7926587269161688, 0.7662960324530499
-33.64504758888238, 61.4432742051762, 0.7926587269161688, 0.7662960324530499
-33.608861283715044, 61.48350153853893, 0.7926587269161688, 0.7662960324530499
-33.57097363572434, 61.522087434181294, 0.7926587269161688, 0.7662960324530499
-33.531477868852924, 61.55904125415718, 0.7926587269161688, 0.7662960324530499
-33.49046720704338, 61.59437236052048, 0.7926587269161688, 0.7662960324530499
-33.448034874238324, 61.62809011532521, 0.7926587269161688, 0.7662960324530499
-33.40427409438039, 61.66020388062517, 0.7926587269161688, 0.7662960324530499
-33.359278091412165, 61.69072301847438, 0.7926587269161688, 0.7662960324530499
-33.31314008927631, 61.719656890926686, 0.7926587269161688, 0.7662960324530499
-33.26595331190967, 61.74701486005318, 0.7926587269161688, 0.7662960324530499
-33.21780587253878, 61.77282159597731, 0.7926587269161688, 0.7662960324530499
-33.16876607512514, 61.797161103288225, 0.7926587269161688, 0.7662960324530499
-33.118897424828646, 61.82013176037037, 0.7926587269161688, 0.7662960324530499
-33.06826342680933, 61.84183194560813, 0.7926587269161688, 0.7662960324530499
-33.016927586227126, 61.86236003738594, 0.7926587269161688, 0.7662960324530499
-32.96495340824198, 61.88181441408826, 0.7926587269161688, 0.7662960324530499
-32.91240439801389, 61.90029345409949, 0.7926587269161688, 0.7662960324530499
-32.8593440607028, 61.917895535804064, 0.7926587269161688, 0.7662960324530499
-32.80583590146871, 61.93471903758641, 0.7926587269161688, 0.7662960324530499
-32.75194342547156, 61.95086233783095, 0.7926587269161688, 0.7662960324530499
-32.69773013787129, 61.9664238149221, 0.7926587269161688, 0.7662960324530499
-32.643259543827945, 61.98150184724433, 0.7926587269161688, 0.7662960324530499
-32.58859514850139, 61.99619481318201, 0.7926587269161688, 0.7662960324530499
-32.53380045705169, 62.010601091119604, 0.7926587269161688, 0.7662960324530499
-32.478938974638766, 62.024819059441526, 0.7926587269161688, 0.7662960324530499
-32.42407420642255, 62.03894709653222, 0.7926587269161688, 0.7662960324530499
-32.36926965756308, 62.05308358077608, 0.7926587269161688, 0.7662960324530499
-32.314588833220256, 62.06732689055757, 0.7926587269161688, 0.7662960324530499
-32.2600952385541, 62.08177540426108, 0.7926587269161688, 0.7662960324530499
-32.20584592278427, 62.096519102029895, 0.7926587269161688, 0.7662960324530499
-32.151856230562984, 62.111593712418966, 0.7926587269161688, 0.7662960324530499
-32.098124931423804, 62.127013402159726, 0.7926587269161688, 0.7662960324530499
-32.04465075270601, 62.14279228309525, 0.7926587269161688, 0.7662960324530499
-31.991432421749, 62.15894446706851, 0.7926587269161688, 0.7662960324530499
-31.9384686658921, 62.175484065922575, 0.7926587269161688, 0.7662960324530499
-31.88575821247462, 62.19242519150043, 0.7926587269161688, 0.7662960324530499
-31.833299788835976, 62.20978195564514, 0.7926587269161688, 0.7662960324530499
-31.78109212231545, 62.2275684701997, 0.7926587269161688, 0.7662960324530499
-31.72913394025245, 62.24579884700713, 0.7926587269161688, 0.7662960324530499
-31.677423969986293, 62.26448719791047, 0.7926587269161688, 0.7662960324530499
-31.625960938856295, 62.28364763475275, 0.7926587269161688, 0.7662960324530499
-31.574743574201865, 62.30329426937698, 0.7926587269161688, 0.7662960324530499
-31.523770603362298, 62.32344121362621, 0.7926587269161688, 0.7662960324530499
-31.473040753676976, 62.344102579343414, 0.7926587269161688, 0.7662960324530499
-31.422552752485228, 62.36529247837165, 0.7926587269161688, 0.7662960324530499
-31.37230532712639, 62.387025022553956, 0.7926587269161688, 0.7662960324530499
-31.32229720493986, 62.40931432373334, 0.7926587269161688, 0.7662960324530499
-31.272527113264914, 62.432174493752846, 0.7926587269161688, 0.7662960324530499
-31.22299377944095, 62.45561964445543, 0.7926587269161688, 0.7662960324530499
-31.1736959313409, 62.47966388588643, 0.7926587269161688, 0.7662960324530499
-31.124633625320435, 62.504316852244195, 0.7926587269161688, 0.7662960324530499
-31.075811108806523, 62.529574057413384, 0.7926587269161688, 0.7662960324530499
-31.02723345366477, 62.55542823762758, 0.7926587269161688, 0.7662960324530499
-30.97890573176093, 62.58187212912035, 0.7926587269161688, 0.7662960324530499
-30.930833014960612, 62.60889846812524, 0.7926587269161688, 0.7662960324530499
-30.883020375129473, 62.63649999087586, 0.7926587269161688, 0.7662960324530499
-30.83547288413322, 62.66466943360572, 0.7926587269161688, 0.7662960324530499
-30.788195613837487, 62.69339953254841, 0.7926587269161688, 0.7662960324530499
-30.74119363610799, 62.72268302393751, 0.7926587269161688, 0.7662960324530499
-30.694472022810373, 62.75251264400658, 0.7926587269161688, 0.7662960324530499
-30.648035845810266, 62.782881128989175, 0.7926587269161688, 0.7662960324530499
-30.601890176973388, 62.81378121511885, 0.7926587269161688, 0.7662960324530499
-30.556040088165407, 62.845205638629196, 0.7926587269161688, 0.7662960324530499
-30.510490651251942, 62.877147135753795, 0.7926587269161688, 0.7662960324530499
-30.46524693809872, 62.90959844272616, 0.7926587269161688, 0.7662960324530499
-30.420314020571357, 62.942552295779905, 0.7926587269161688, 0.7662960324530499
-30.37569697053558, 62.97600143114857, 0.7926587269161688, 0.7662960324530499
-30.33140085985702, 63.00993858506572, 0.7926587269161688, 0.7662960324530499
-30.287430760401314, 63.044356493764944, 0.7926587269161688, 0.7662960324530499
-30.243791744034205, 63.07924789347978, 0.7926587269161688, 0.7662960324530499
-30.200488882621297, 63.11460552044383, 0.7926587269161688, 0.7662960324530499
-30.157527248028302, 63.15042211089061, 0.7926587269161688, 0.7662960324530499
-30.114911912120878, 63.186690401053724, 0.7926587269161688, 0.7662960324530499
-30.072647946764658, 63.223403127166726, 0.7926587269161688, 0.7662960324530499
-30.030740423825367, 63.26055302546319, 0.7926587269161688, 0.7662960324530499
-29.989194415168622, 63.2981328321767, 0.7926587269161688, 0.7662960324530499
-29.948014992660127, 63.33613528354075, 0.7926587269161688, 0.7662960324530499
-29.907207228165547, 63.37455311578898, 0.7926587269161688, 0.7662960324530499
-29.866776193550518, 63.413379065154935, 0.7926587269161688, 0.7662960324530499
-29.82672696068075, 63.45260586787216, 0.7926587269161688, 0.7662960324530499
-29.787064601421868, 63.49222626017425, 0.7926587269161688, 0.7662960324530499
-29.74779418763959, 63.532232978294765, 0.7926587269161688, 0.7662960324530499
-29.708920791199557, 63.57261875846723, 0.7926587269161688, 0.7662960324530499
-29.670449483967424, 63.61337633692529, 0.7926587269161688, 0.7662960324530499
-29.63238533780889, 63.654498449902434, 0.7926587269161688, 0.7662960324530499
-29.594733424589585, 63.69597783363227, 0.7926587269161688, 0.7662960324530499
-29.557498816175226, 63.737807224348366, 0.7926587269161688, 0.7662960324530499
-29.52068658443146, 63.77997935828426, 0.7926587269161688, 0.7662960324530499
-29.484301801223925, 63.82248697167357, 0.7926587269161688, 0.7662960324530499
-29.448349538418338, 63.865322800749794, 0.7926587269161688, 0.7662960324530499
-29.412834867880324, 63.908479581746555, 0.7926587269161688, 0.7662960324530499
-29.377762861475592, 63.951950050897366, 0.7926587269161688, 0.7662960324530499
-29.343138591069778, 63.99572694443581, 0.7926587269161688, 0.7662960324530499
-29.30896712852856, 64.03980299859552, 0.7926587269161688, 0.7662960324530499
-29.27525354571762, 64.08417094960997, 0.7926587269161688, 0.7662960324530499
-29.242002914502606, 64.12882353371279, 0.7926587269161688, 0.7662960324530499
-29.209220306749206, 64.17375348713749, 0.7926587269161688, 0.7662960324530499
-29.176910794323078, 64.21895354611767, 0.7926587269161688, 0.7662960324530499
-29.145079449089877, 64.26441644688693, 0.7926587269161688, 0.7662960324530499
-29.11373040413631, 64.31013516474361, 0.7926587269161688, 0.7662960324530499
-29.082860170478984, 64.35610461598507, 0.7926587269161688, 0.7662960324530499
-29.052461555639443, 64.40232066002255, 0.7926587269161688, 0.7662960324530499
-29.022527342549953, 64.448779162529, 0.7926587269161688, 0.7662960324530499
-28.993050314142778, 64.49547598917735, 0.7926587269161688, 0.7662960324530499
-28.96402325335028, 64.54240700564065, 0.7926587269161688, 0.7662960324530499
-28.935438943104728, 64.58956807759185, 0.7926587269161688, 0.7662960324530499
-28.907290166338434, 64.63695507070389, 0.7926587269161688, 0.7662960324530499
-28.8795697059837, 64.68456385064977, 0.7926587269161688, 0.7662960324530499
-28.852270344972805, 64.73239028310249, 0.7926587269161688, 0.7662960324530499
-28.825384866238085, 64.78043023373498, 0.7926587269161688, 0.7662960324530499
-28.79890605271181, 64.82867956822025, 0.7926587269161688, 0.7662960324530499
-28.772826687326308, 64.87713415223125, 0.7926587269161688, 0.7662960324530499
-28.74713955301387, 64.92578985144092, 0.7926587269161688, 0.7662960324530499
-28.72183743270677, 64.97464253152235, 0.7926587269161688, 0.7662960324530499
-28.696913109337356, 65.0236880581484, 0.7926587269161688, 0.7662960324530499
-28.672359365837895, 65.07292229699209, 0.7926587269161688, 0.7662960324530499
-28.648168985140703, 65.12234111372636, 0.7926587269161688, 0.7662960324530499
-28.62433475017809, 65.17194037402422, 0.7926587269161688, 0.7662960324530499
-28.600849443882318, 65.22171594355866, 0.7926587269161688, 0.7662960324530499
-28.57770584918574, 65.27166368800262, 0.7926587269161688, 0.7662960324530499
-28.554896749020628, 65.32177947302907, 0.7926587269161688, 0.7662960324530499
-28.532414926319266, 65.37205916431103, 0.7926587269161688, 0.7662960324530499
-28.510253164014, 65.42249862752142, 0.7926587269161688, 0.7662960324530499
-28.488404245037085, 65.47309372833324, 0.7926587269161688, 0.7662960324530499
-28.466860952320864, 65.52384033241947, 0.7926587269161688, 0.7662960324530499
-28.445616068797616, 65.57473430545305, 0.7926587269161688, 0.7662960324530499
-28.42466237739963, 65.62577151310698, 0.7926587269161688, 0.7662960324530499
-28.403992661059245, 65.67694782105427, 0.7926587269161688, 0.7662960324530499
-28.383599702708715, 65.72825909496783, 0.7926587269161688, 0.7662960324530499
-28.36347628528038, 65.77970120052066, 0.7926587269161688, 0.7662960324530499
-28.34361519170653, 65.83127000338573, 0.7926587269161688, 0.7662960324530499
-28.324009204919445, 65.88296136923604, 0.7926587269161688, 0.7662960324530499
-28.304651107851456, 65.93477116374451, 0.7926587269161688, 0.7662960324530499
-28.285533683434856, 65.98669525258421, 0.7926587269161688, 0.7662960324530499
-28.26664971460193, 66.038729501428, 0.7926587269161688, 0.7662960324530499
-28.247991984285, 66.09086977594892, 0.7926587269161688, 0.7662960324530499
-28.22955327541635, 66.14311194181994, 0.7926587269161688, 0.7662960324530499
-28.21132637092829, 66.19545186471397, 0.7926587269161688, 0.7662960324530499
-28.193304053753124, 66.24788541030412, 0.7926587269161688, 0.7662960324530499
-28.175479106823154, 66.30040844426323, 0.7926587269161688, 0.7662960324530499
-28.157844313070676, 66.35301683226434, 0.7926587269161688, 0.7662960324530499
-28.14039245542798, 66.40570643998042, 0.7926587269161688, 0.7662960324530499
-28.123116316827396, 66.45847313308442, 0.7926587269161688, 0.7662960324530499
-28.106008680201185, 66.51131277724934, 0.7926587269161688, 0.7662960324530499
-28.0890623284817, 66.56422123814816, 0.7926587269161688, 0.7662960324530499
-28.072270044601193, 66.61719438145379, 0.7926587269161688, 0.7662960324530499
-28.055624611491982, 66.6702280728393, 0.7926587269161688, 0.7662960324530499
-28.03911881208639, 66.72331817797759, 0.7926587269161688, 0.7662960324530499
-28.02274542931668, 66.77646056254169, 0.7926587269161688, 0.7662960324530499
-28.006497246115188, 66.82965109220449, 0.7926587269161688, 0.7662960324530499
-27.990367045414196, 66.88288563263903, 0.7926587269161688, 0.7662960324530499
-27.974347610146, 66.93616004951832, 0.7926587269161688, 0.7662960324530499
-27.95843172324292, 66.98947020851526, 0.7926587269161688, 0.7662960324530499
-27.942612167637247, 67.04281197530285, 0.7926587269161688, 0.7662960324530499
-27.92688172626127, 67.09618121555404, 0.7926587269161688, 0.7662960324530499
-27.911233182047326, 67.14957379494184, 0.7926587269161688, 0.7662960324530499
-27.895659317927674, 67.20298557913925, 0.7926587269161688, 0.7662960324530499
-27.88015354673376, 67.25641280505512, 0.7926587269161688, 0.7662960324530499
-27.864713663005798, 67.30985429199285, 0.7926587269161688, 0.7662960324530499
-27.84933932299035, 67.36330995646674, 0.7926587269161688, 0.7662960324530499
-27.834030189735294, 67.41677971899978, 0.7926587269161688, 0.7662960324530499
-27.81878592628848, 67.47026350011478, 0.7926587269161688, 0.7662960324530499
-27.803606195697814, 67.52376122033459, 0.7926587269161688, 0.7662960324530499
-27.788490661011153, 67.57727280018213, 0.7926587269161688, 0.7662960324530499
-27.773438985276375, 67.63079816018016, 0.7926587269161688, 0.7662960324530499
-27.75845083154137, 67.68433722085162, 0.7926587269161688, 0.7662960324530499
-27.743525862853982, 67.73788990271936, 0.7926587269161688, 0.7662960324530499
-27.72866374226213, 67.79145612630623, 0.7926587269161688, 0.7662960324530499
-27.713864132813647, 67.84503581213512, 0.7926587269161688, 0.7662960324530499
-27.69912669755644, 67.89862888072886, 0.7926587269161688, 0.7662960324530499
-27.684451099538368, 67.95223525261027, 0.7926587269161688, 0.7662960324530499
-27.66983700180731, 68.00585484830235, 0.7926587269161688, 0.7662960324530499
-27.655284067411156, 68.05948758832781, 0.7926587269161688, 0.7662960324530499
-27.64079195939775, 68.11313339320961, 0.7926587269161688, 0.7662960324530499
-27.626360340815, 68.16679218347056, 0.7926587269161688, 0.7662960324530499
-27.611988874710768, 68.22046387963354, 0.7926587269161688, 0.7662960324530499
-27.597677224132926, 68.27414840222146, 0.7926587269161688, 0.7662960324530499
-27.583425052129364, 68.32784567175707, 0.7926587269161688, 0.7662960324530499
-27.569232021747947, 68.38155560876332, 0.7926587269161688, 0.7662960324530499
-27.555097796036545, 68.43527813376308, 0.7926587269161688, 0.7662960324530499
-27.541022038043046, 68.48901316727915, 0.7926587269161688, 0.7662960324530499
-27.52700441081532, 68.54276062983446, 0.7926587269161688, 0.7662960324530499
-27.513044577401242, 68.59652044195178, 0.7926587269161688, 0.7662960324530499
-27.4991422008487, 68.65029252415407, 0.7926587269161688, 0.7662960324530499
-27.485296944205537, 68.70407679696415, 0.7926587269161688, 0.7662960324530499
-27.47150847051967, 68.75787318090487, 0.7926587269161688, 0.7662960324530499
-27.457776442838945, 68.81168159649911, 0.7926587269161688, 0.7662960324530499
-27.444100524211258, 68.86550196426974, 0.7926587269161688, 0.7662960324530499
-27.430480377684468, 68.91933420473957, 0.7926587269161688, 0.7662960324530499
-27.41691566630646, 68.97317823843154, 0.7926587269161688, 0.7662960324530499
-27.40340605312511, 69.02703398586844, 0.7926587269161688, 0.7662960324530499
-27.38995120118829, 69.08090136757323, 0.7926587269161688, 0.7662960324530499
-27.37655077354388, 69.13478030406864, 0.7926587269161688, 0.7662960324530499
-27.363204433239748, 69.18867071587762, 0.7926587269161688, 0.7662960324530499
-27.34991184332377, 69.24257252352304, 0.7926587269161688, 0.7662960324530499
-27.33667266684384, 69.29648564752767, 0.7926587269161688, 0.7662960324530499
-27.323486566847812, 69.35041000841453, 0.7926587269161688, 0.7662960324530499
-27.31035320638358, 69.40434552670632, 0.7926587269161688, 0.7662960324530499
-27.297272248499002, 69.45829212292597, 0.7926587269161688, 0.7662960324530499
-27.28424335624196, 69.51224971759638, 0.7926587269161688, 0.7662960324530499
-27.27126619266034, 69.56621823124033, 0.7926587269161688, 0.7662960324530499
-27.258340420802, 69.62019758438078, 0.7926587269161688, 0.7662960324530499
-27.24546570371483, 69.67418769754049, 0.7926587269161688, 0.7662960324530499
-27.232641704446714, 69.72818849124238, 0.7926587269161688, 0.7662960324530499
-27.219868086045494, 69.78219988600932, 0.7926587269161688, 0.7662960324530499
-27.207144511559076, 69.83622180236414, 0.7926587269161688, 0.7662960324530499
-27.19447064403532, 69.89025416082973, 0.7926587269161688, 0.7662960324530499
-27.181846146522112, 69.94429688192892, 0.7926587269161688, 0.7662960324530499
-27.169270682067335, 69.99834988618461, 0.7926587269161688, 0.7662960324530499
-27.156743913718834, 70.05241309411964, 0.7926587269161688, 0.7662960324530499
-27.144265504524522, 70.10648642625686, 0.7926587269161688, 0.7662960324530499
-27.131835117532248, 70.16056980311919, 0.7926587269161688, 0.7662960324530499
-27.1194524157899, 70.21466314522941, 0.7926587269161688, 0.7662960324530499
-27.107117062345353, 70.26876637311042, 0.7926587269161688, 0.7662960324530499
-27.09482872024648, 70.32287940728513, 0.7926587269161688, 0.7662960324530499
-27.08258705254115, 70.37700216827629, 0.7926587269161688, 0.7662960324530499
-27.070391722277243, 70.43113457660688, 0.7926587269161688, 0.7662960324530499
-27.058242392502653, 70.48527655279969, 0.7926587269161688, 0.7662960324530499
-27.04613872626524, 70.53942801737757, 0.7926587269161688, 0.7662960324530499
-27.034080386612867, 70.59358889086347, 0.7926587269161688, 0.7662960324530499
-27.022067036593437, 70.64775909378017, 0.7926587269161688, 0.7662960324530499
-27.0100983392548, 70.70193854665058, 0.7926587269161688, 0.7662960324530499
-26.99817395764486, 70.75612716999751, 0.7926587269161688, 0.7662960324530499
-26.986293554811464, 70.81032488434384, 0.7926587269161688, 0.7662960324530499
-26.974456793802503, 70.86453161021252, 0.7926587269161688, 0.7662960324530499
-26.962663337665855, 70.91874726812627, 0.7926587269161688, 0.7662960324530499
-26.950912849449377, 70.97297177860804, 0.7926587269161688, 0.7662960324530499
-26.93920499220098, 71.02720506218068, 0.7926587269161688, 0.7662960324530499
-26.92753942896851, 71.08144703936702, 0.7926587269161688, 0.7662960324530499
-26.91591582279984, 71.13569763068998, 0.7926587269161688, 0.7662960324530499
-26.90433383674287, 71.18995675667236, 0.7926587269161688, 0.7662960324530499
-26.892793133845462, 71.24422433783703, 0.7926587269161688, 0.7662960324530499
-26.881293377155487, 71.29850029470691, 0.7926587269161688, 0.7662960324530499
-26.869834229720833, 71.3527845478048, 0.7926587269161688, 0.7662960324530499
-26.85841535458936, 71.40707701765363, 0.7926587269161688, 0.7662960324530499
-26.84703641480897, 71.46137762477618, 0.7926587269161688, 0.7662960324530499
-26.835697073427507, 71.51568628969535, 0.7926587269161688, 0.7662960324530499
-26.82439699349286, 71.570002932934, 0.7926587269161688, 0.7662960324530499
-26.81313583805291, 71.62432747501498, 0.7926587269161688, 0.7662960324530499
-26.80191327015553, 71.67865983646122, 0.7926587269161688, 0.7662960324530499
-26.7907289528486, 71.73299993779548, 0.7926587269161688, 0.7662960324530499
-26.77958254917999, 71.7873476995407, 0.7926587269161688, 0.7662960324530499
-26.768473722197573, 71.84170304221972, 0.7926587269161688, 0.7662960324530499
-26.757402134949235, 71.89606588635536, 0.7926587269161688, 0.7662960324530499
-26.746367450482833, 71.95043615247056, 0.7926587269161688, 0.7662960324530499
-26.735369331846265, 72.00481376108809, 0.7926587269161688, 0.7662960324530499
-26.72440744208739, 72.05919863273087, 0.7926587269161688, 0.7662960324530499
-26.713481444254093, 72.1135906879218, 0.7926587269161688, 0.7662960324530499
-26.702591001394254, 72.16798984718365, 0.7926587269161688, 0.7662960324530499
-26.691735776555728, 72.22239603103935, 0.7926587269161688, 0.7662960324530499
-26.680915432786417, 72.27680916001174, 0.7926587269161688, 0.7662960324530499
-26.67012963313418, 72.33122915462364, 0.7926587269161688, 0.7662960324530499
-26.659378040646896, 72.385655935398, 0.7926587269161688, 0.7662960324530499
-26.648660318372446, 72.44008942285762, 0.7926587269161688, 0.7662960324530499
-26.637976129358695, 72.49452953752538, 0.7926587269161688, 0.7662960324530499
-26.627325136653532, 72.54897619992414, 0.7926587269161688, 0.7662960324530499
-26.616707003304835, 72.60342933057676, 0.7926587269161688, 0.7662960324530499
-26.60612139236045, 72.65788885000612, 0.7926587269161688, 0.7662960324530499
-26.595567966868295, 72.71235467873505, 0.7926587269161688, 0.7662960324530499
-26.58504638987621, 72.76682673728646, 0.7926587269161688, 0.7662960324530499
-26.574556324432095, 72.82130494618315, 0.7926587269161688, 0.7662960324530499
-26.564097433583814, 72.87578922594797, 0.7926587269161688, 0.7662960324530499
-26.553669380379244, 72.93027949710392, 0.7926587269161688, 0.7662960324530499
-26.543271827866263, 72.9847756801737, 0.7926587269161688, 0.7662960324530499
-26.53290443909274, 73.03927769568027, 0.7926587269161688, 0.7662960324530499
-26.52256687710657, 73.09378546414645, 0.7926587269161688, 0.7662960324530499
-26.512258804955604, 73.14829890609509, 0.7926587269161688, 0.7662960324530499
-26.501979885687735, 73.20281794204912, 0.7926587269161688, 0.7662960324530499
-26.491729782350824, 73.25734249253131, 0.7926587269161688, 0.7662960324530499
-26.481508157992764, 73.31187247806463, 0.7926587269161688, 0.7662960324530499
-26.471314675661425, 73.36640781917184, 0.7926587269161688, 0.7662960324530499
-26.461148998404678, 73.42094843637584, 0.7926587269161688, 0.7662960324530499
-26.45101078927039, 73.47549425019952, 0.7926587269161688, 0.7662960324530499
-26.440899711306464, 73.53004518116569, 0.7926587269161688, 0.7662960324530499
-26.43081542756075, 73.58460114979727, 0.7926587269161688, 0.7662960324530499
-26.42075760108114, 73.63916207661707, 0.7926587269161688, 0.7662960324530499
-26.410725894915497, 73.69372788214797, 0.7926587269161688, 0.7662960324530499
-26.400719972111702, 73.74829848691286, 0.7926587269161688, 0.7662960324530499
-26.39073949571764, 73.80287381143457, 0.7926587269161688, 0.7662960324530499
-26.380784128781166, 73.85745377623596, 0.7926587269161688, 0.7662960324530499
-26.370853534350175, 73.9120383018399, 0.7926587269161688, 0.7662960324530499
-26.360947375472545, 73.96662730876928, 0.7926587269161688, 0.7662960324530499
-26.35106531519613, 74.02122071754692, 0.7926587269161688, 0.7662960324530499
-26.34120701656883, 74.07581844869571, 0.7926587269161688, 0.7662960324530499
-26.331372142638497, 74.1304204227385, 0.7926587269161688, 0.7662960324530499
-26.32156035645303, 74.18502656019814, 0.7926587269161688, 0.7662960324530499
-26.31177132106029, 74.23963678159751, 0.7926587269161688, 0.7662960324530499
-26.302004699508153, 74.29425100745948, 0.7926587269161688, 0.7662960324530499
-26.292260154844502, 74.34886915830685, 0.7926587269161688, 0.7662960324530499
-26.282537350117213, 74.40349115466258, 0.7926587269161688, 0.7662960324530499
-26.27283594837416, 74.45811691704951, 0.7926587269161688, 0.7662960324530499
-26.263155612663212, 74.51274636599041, 0.7926587269161688, 0.7662960324530499
-26.25349600603224, 74.56737942200826, 0.7926587269161688, 0.7662960324530499
-26.243856791529144, 74.62201600562584, 0.7926587269161688, 0.7662960324530499
-26.234237632201783, 74.67665603736604, 0.7926587269161688, 0.7662960324530499
-26.224638191098023, 74.73129943775174, 0.7926587269161688, 0.7662960324530499
-26.21505813126577, 74.78594612730579, 0.7926587269161688, 0.7662960324530499
-26.205497115752866, 74.84059602655104, 0.7926587269161688, 0.7662960324530499
-26.195954807607215, 74.89524905601037, 0.7926587269161688, 0.7662960324530499
-26.186430869876677, 74.94990513620661, 0.7926587269161688, 0.7662960324530499
-26.17692496560912, 75.00456418766267, 0.7926587269161688, 0.7662960324530499
-26.167436757852442, 75.05922613090137, 0.7926587269161688, 0.7662960324530499
-26.1579659096545, 75.1138908864456, 0.7926587269161688, 0.7662960324530499
-26.14851208406319, 75.1685583748182, 0.7926587269161688, 0.7662960324530499
-26.139074944126367, 75.22322851654204, 0.7926587269161688, 0.7662960324530499
-26.129654152891913, 75.27790123214001, 0.7926587269161688, 0.7662960324530499
-26.12024937340771, 75.33257644213492, 0.7926587269161688, 0.7662960324530499
-26.110860268721623, 75.3872540670497, 0.7926587269161688, 0.7662960324530499
-26.101486501881542, 75.44193402740711, 0.7926587269161688, 0.7662960324530499
-26.092127735935335, 75.49661624373012, 0.7926587269161688, 0.7662960324530499
-26.082783633930873, 75.55130063654157, 0.7926587269161688, 0.7662960324530499
-26.073453858916043, 75.60598712636424, 0.7926587269161688, 0.7662960324530499
-26.064138073938704, 75.66067563372107, 0.7926587269161688, 0.7662960324530499
-26.054835942046747, 75.7153660791349, 0.7926587269161688, 0.7662960324530499
-26.045547126288046, 75.77005838312859, 0.7926587269161688, 0.7662960324530499
-26.036271289710463, 75.82475246622502, 0.7926587269161688, 0.7662960324530499
-26.0270080953619, 75.87944824894704, 0.7926587269161688, 0.7662960324530499
-26.017757206290213, 75.93414565181754, 0.7926587269161688, 0.7662960324530499
-26.008518285543275, 75.98884459535928, 0.7926587269161688, 0.7662960324530499
-25.99929099616898, 76.04354500009524, 0.7926587269161688, 0.7662960324530499
-25.99007500121519, 76.09824678654826, 0.7926587269161688, 0.7662960324530499
-25.980869963729774, 76.1529498752411, 0.7926587269161688, 0.7662960324530499
-25.971675546760622, 76.20765418669677, 0.7926587269161688, 0.7662960324530499
-25.962491413355608, 76.26235964143805, 0.7926587269161688, 0.7662960324530499
-25.9533172265626, 76.31706615998777, 0.7926587269161688, 0.7662960324530499
-25.944152649429487, 76.37177366286892, 0.7926587269161688, 0.7662960324530499
-25.934997345004124, 76.42648207060421, 0.7926587269161688, 0.7662960324530499
-25.925850976334406, 76.48119130371663, 0.7926587269161688, 0.7662960324530499
-25.91671320646821, 76.53590128272894, 0.7926587269161688, 0.7662960324530499
-25.907583698453394, 76.59061192816404, 0.7926587269161688, 0.7662960324530499
-25.898462115337836, 76.64532316054482, 0.7926587269161688, 0.7662960324530499
-25.88934812016943, 76.70003490039412, 0.7926587269161688, 0.7662960324530499
-25.880241483923093, 76.75474709239428, 0.7926587269161688, 0.7662960324530499
-25.871142419827258, 76.80945978022612, 0.7926587269161688, 0.7662960324530499
-25.862051254374105, 76.86417303292455, 0.7926587269161688, 0.7662960324530499
-25.85296831405587, 76.91888691952452, 0.7926587269161688, 0.7662960324530499
-25.843893925364824, 76.97360150906096, 0.7926587269161688, 0.7662960324530499
-25.834828414793204, 77.02831687056883, 0.7926587269161688, 0.7662960324530499
-25.825772108833252, 77.08303307308302, 0.7926587269161688, 0.7662960324530499
-25.816725333977214, 77.13775018563845, 0.7926587269161688, 0.7662960324530499
-25.80768841671734, 77.19246827727012, 0.7926587269161688, 0.7662960324530499
-25.79866168354588, 77.24718741701291, 0.7926587269161688, 0.7662960324530499
-25.789645460955068, 77.30190767390178, 0.7926587269161688, 0.7662960324530499
-25.78064007543718, 77.35662911697166, 0.7926587269161688, 0.7662960324530499
-25.77164585348443, 77.41135181525746, 0.7926587269161688, 0.7662960324530499
-25.76266312158909, 77.46607583779421, 0.7926587269161688, 0.7662960324530499
-25.753692206243375, 77.52080125361667, 0.7926587269161688, 0.7662960324530499
-25.74473343393957, 77.57552813175992, 0.7926587269161688, 0.7662960324530499
-25.735787131169893, 77.63025654125887, 0.7926587269161688, 0.7662960324530499
-25.726853624426603, 77.6849865511484, 0.7926587269161688, 0.7662960324530499
-25.717933240201944, 77.73971823046348, 0.7926587269161688, 0.7662960324530499
-25.709026304988164, 77.79445164823902, 0.7926587269161688, 0.7662960324530499
-25.700133145277512, 77.84918687350998, 0.7926587269161688, 0.7662960324530499
-25.691254087562235, 77.90392397531134, 0.7926587269161688, 0.7662960324530499
-25.682389458334576, 77.95866302267794, 0.7926587269161688, 0.7662960324530499
-25.67353958408678, 78.01340408464478, 0.7926587269161688, 0.7662960324530499
-25.664704791311102, 78.06814723024675, 0.7926587269161688, 0.7662960324530499
-25.655885406499777, 78.12289252851879, 0.7926587269161688, 0.7662960324530499
-25.64708175614506, 78.17764004849587, 0.7926587269161688, 0.7662960324530499
-25.638294166739197, 78.23238985921287, 0.7926587269161688, 0.7662960324530499
-25.62952296477443, 78.2871420297048, 0.7926587269161688, 0.7662960324530499
-25.620768476743013, 78.34189662900651, 0.7926587269161688, 0.7662960324530499
-25.61203102913719, 78.39665372615299, 0.7926587269161688, 0.7662960324530499
-25.603310948449202, 78.45141339017917, 0.7926587269161688, 0.7662960324530499
-25.59460856117131, 78.50617569011995, 0.7926587269161688, 0.7662960324530499
-25.585924193795744, 78.56094069501032, 0.7926587269161688, 0.7662960324530499
-25.577258172814766, 78.61570847388515, 0.7926587269161688, 0.7662960324530499
-25.568610824720604, 78.6704790957794, 0.7926587269161688, 0.7662960324530499
-25.559982476005523, 78.72525262972803, 0.7926587269161688, 0.7662960324530499
-25.55137345316176, 78.7800291447659, 0.7926587269161688, 0.7662960324530499
-25.542784082681568, 78.83480870992808, 0.7926587269161688, 0.7662960324530499
-25.53421469105718, 78.88959139424935, 0.7926587269161688, 0.7662960324530499
-25.525665604780865, 78.94437726676472, 0.7926587269161688, 0.7662960324530499
-25.517137150344855, 78.99916639650917, 0.7926587269161688, 0.7662960324530499
-25.5086296542414, 79.05395885251754, 0.7926587269161688, 0.7662960324530499
-25.500143442962738, 79.10875470382483, 0.7926587269161688, 0.7662960324530499
-25.49167884300113, 79.1635540194659, 0.7926587269161688, 0.7662960324530499
-25.483236180848824, 79.21835686847578, 0.7926587269161688, 0.7662960324530499
-25.474815782998043, 79.27316331988935, 0.7926587269161688, 0.7662960324530499
-25.466417975941066, 79.32797344274155, 0.7926587269161688, 0.7662960324530499
-25.458043086170118, 79.38278730606734, 0.7926587269161688, 0.7662960324530499
-25.449691440177446, 79.43760497890158, 0.7926587269161688, 0.7662960324530499
-25.441363364455317, 79.49242653027926, 0.7926587269161688, 0.7662960324530499
-25.433059185495946, 79.54725202923534, 0.7926587269161688, 0.7662960324530499
-25.42477922979161, 79.6020815448047, 0.7926587269161688, 0.7662960324530499
-25.416523823834538, 79.65691514602234, 0.7926587269161688, 0.7662960324530499
-25.40829329411698, 79.71175290192309, 0.7926587269161688, 0.7662960324530499
-25.400087967131192, 79.76659488154195, 0.7926587269161688, 0.7662960324530499
-25.3919081693694, 79.82144115391388, 0.7926587269161688, 0.7662960324530499
-25.383754227323877, 79.87629178807374, 0.7926587269161688, 0.7662960324530499
-25.375626467486846, 79.93114685305656, 0.7926587269161688, 0.7662960324530499
-25.367525216350572, 79.98600641789717, 0.7926587269161688, 0.7662960324530499
-25.359450800407295, 80.04087055163058, 0.7926587269161688, 0.7662960324530499
-25.35140354614926, 80.09573932329174, 0.7926587269161688, 0.7662960324530499
-25.343383780068713, 80.15061280191546, 0.7926587269161688, 0.7662960324530499
-25.335391828657894, 80.2054910565368, 0.7926587269161688, 0.7662960324530499
-25.327428018409076, 80.26037415619065, 0.7926587269161688, 0.7662960324530499
-25.319492675814477, 80.3152621699119, 0.7926587269161688, 0.7662960324530499
-25.311586127366358, 80.3701551667356, 0.7926587269161688, 0.7662960324530499
-25.303708699556967, 80.42505321569658, 0.7926587269161688, 0.7662960324530499
-25.295860718878536, 80.4799563858298, 0.7926587269161688, 0.7662960324530499
-25.28804251182333, 80.5348647461702, 0.7926587269161688, 0.7662960324530499
-25.280254404883586, 80.58977836575271, 0.7926587269161688, 0.7662960324530499
-25.272496724551555, 80.6446973136123, 0.7926587269161688, 0.7662960324530499
-25.26476979731947, 80.69962165878381, 0.7926587269161688, 0.7662960324530499
-25.257073949679604, 80.75455147030227, 0.7926587269161688, 0.7662960324530499
-25.249409508124188, 80.80948681720263, 0.7926587269161688, 0.7662960324530499
-25.241776799145466, 80.8644277685197, 0.7926587269161688, 0.7662960324530499
-25.234176149235683, 80.91937439328855, 0.7926587269161688, 0.7662960324530499
-25.226607884887095, 80.97432676054399, 0.7926587269161688, 0.7662960324530499
-25.219072332591956, 81.02928493932106, 0.7926587269161688, 0.7662960324530499
-25.211569818842488, 81.08424899865464, 0.7926587269161688, 0.7662960324530499
-25.204100670130956, 81.13921900757967, 0.7926587269161688, 0.7662960324530499
-25.196665212949597, 81.19419503513109, 0.7926587269161688, 0.7662960324530499
-25.189263773790675, 81.24917715034383, 0.7926587269161688, 0.7662960324530499
-25.18189667914642, 81.30416542225281, 0.7926587269161688, 0.7662960324530499
-25.17456425550908, 81.35915991989302, 0.7926587269161688, 0.7662960324530499
-25.167266829370906, 81.41416071229932, 0.7926587269161688, 0.7662960324530499
-25.160004727224145, 81.46916786850672, 0.7926587269161688, 0.7662960324530499
-25.152778275561047, 81.52418145755007, 0.7926587269161688, 0.7662960324530499
-25.14558780087385, 81.57920154846434, 0.7926587269161688, 0.7662960324530499
-25.138433629654806, 81.63422821028452, 0.7926587269161688, 0.7662960324530499
-25.131316088396165, 81.68926151204545, 0.7926587269161688, 0.7662960324530499
-25.12423550359017, 81.74430152278214, 0.7926587269161688, 0.7662960324530499
-25.117192201729065, 81.79934831152946, 0.7926587269161688, 0.7662960324530499
-25.11018650930511, 81.85440194732239, 0.7926587269161688, 0.7662960324530499
-25.103218752810527, 81.90946249919588, 0.7926587269161688, 0.7662960324530499
-25.096289258737585, 81.9645300361848, 0.7926587269161688, 0.7662960324530499
-25.08939835357851, 82.01960462732413, 0.7926587269161688, 0.7662960324530499
-25.08254636382558, 82.07468634164879, 0.7926587269161688, 0.7662960324530499
-25.075733615971018, 82.1297752481937, 0.7926587269161688, 0.7662960324530499
-25.068960436507073, 82.18487141599387, 0.7926587269161688, 0.7662960324530499
-25.062227151925995, 82.2399749140841, 0.7926587269161688, 0.7662960324530499
-25.055534088720027, 82.29508581149943, 0.7926587269161688, 0.7662960324530499
-25.048881573381433, 82.35020417727478, 0.7926587269161688, 0.7662960324530499
-25.042269932402437, 82.40533008044503, 0.7926587269161688, 0.7662960324530499
-25.035699492275295, 82.46046359004518, 0.7926587269161688, 0.7662960324530499
-25.029170579492252, 82.51560477511012, 0.7926587269161688, 0.7662960324530499
-25.022683520545556, 82.57075370467481, 0.7926587269161688, 0.7662960324530499
-25.01623864192747, 82.62591044777419, 0.7926587269161688, 0.7662960324530499
-25.009836270130208, 82.68107507344311, 0.7926587269161688, 0.7662960324530499
-25.00347673164604, 82.73624765071665, 0.7926587269161688, 0.7662960324530499
-24.997160352967207, 82.79142824862961, 0.7926587269161688, 0.7662960324530499
-24.990887460585945, 82.846616936217, 0.7926587269161688, 0.7662960324530499
-24.984658380994535, 82.90181378251376, 0.7926587269161688, 0.7662960324530499
-24.978473440685185, 82.95701885655477, 0.7926587269161688, 0.7662960324530499
-24.972332977200132, 83.01223222283254, 0.7926587269161688, 0.7662960324530499
-24.96623757881135, 83.06745384276923, 0.7926587269161688, 0.7662960324530499
-24.96018808263515, 83.12268357549175, 0.7926587269161688, 0.7662960324530499
-24.954185336460778, 83.17792127573948, 0.7926587269161688, 0.7662960324530499
-24.948230188077464, 83.23316679825184, 0.7926587269161688, 0.7662960324530499
-24.942323485274454, 83.28841999776836, 0.7926587269161688, 0.7662960324530499
-24.936466075840976, 83.34368072902834, 0.7926587269161688, 0.7662960324530499
-24.930658807566278, 83.3989488467713, 0.7926587269161688, 0.7662960324530499
-24.924902528239585, 83.45422420573662, 0.7926587269161688, 0.7662960324530499
-24.919198085650137, 83.50950666066373, 0.7926587269161688, 0.7662960324530499
-24.913546327587184, 83.56479606629217, 0.7926587269161688, 0.7662960324530499
-24.907948101839953, 83.62009227736122, 0.7926587269161688, 0.7662960324530499
-24.902404256197674, 83.67539514861038, 0.7926587269161688, 0.7662960324530499
-24.896915638449595, 83.73070453477912, 0.7926587269161688, 0.7662960324530499
-24.891483096384952, 83.7860202906068, 0.7926587269161688, 0.7662960324530499
-24.886107477792972, 83.84134227083287, 0.7926587269161688, 0.7662960324530499
-24.8807896304629, 83.89667033019677, 0.7926587269161688, 0.7662960324530499
-24.875530402183983, 83.95200432343793, 0.7926587269161688, 0.7662960324530499
-24.87033064074545, 84.00734410529583, 0.7926587269161688, 0.7662960324530499
-24.86519119393652, 84.06268953050979, 0.7926587269161688, 0.7662960324530499
-24.86011290954646, 84.11804045381936, 0.7926587269161688, 0.7662960324530499
-24.855096635364493, 84.17339672996388, 0.7926587269161688, 0.7662960324530499
-24.850143219179852, 84.22875821368281, 0.7926587269161688, 0.7662960324530499
-24.845253508781788, 84.28412475971564, 0.7926587269161688, 0.7662960324530499
-24.84042835195952, 84.3394962228017, 0.7926587269161688, 0.7662960324530499
-24.835668596502302, 84.39487245768052, 0.7926587269161688, 0.7662960324530499
-24.830975090199356, 84.45025331909142, 0.7926587269161688, 0.7662960324530499
-24.826348680839935, 84.50563866177393, 0.7926587269161688, 0.7662960324530499
-24.82179021621326, 84.56102834046744, 0.7926587269161688, 0.7662960324530499
-24.81730054410858, 84.61642220991136, 0.7926587269161688, 0.7662960324530499
-24.812880512315132, 84.6718201248452, 0.7926587269161688, 0.7662960324530499
-24.80853096862215, 84.72722194000829, 0.7926587269161688, 0.7662960324530499
-24.804252760818862, 84.7826275101401, 0.7926587269161688, 0.7662960324530499
-24.800046736694522, 84.83803668998013, 0.7926587269161688, 0.7662960324530499
-24.795913744038355, 84.89344933426771, 0.7926587269161688, 0.7662960324530499
-24.791854630639595, 84.9488652977423, 0.7926587269161688, 0.7662960324530499
-24.787870244287504, 85.00428443514338, 0.7926587269161688, 0.7662960324530499
-24.78396143277129, 85.05970660121028, 0.7926587269161688, 0.7662960324530499
-24.780129043880205, 85.11513165068257, 0.7926587269161688, 0.7662960324530499
-24.77637392540348, 85.17055943829955, 0.7926587269161688, 0.7662960324530499
-24.772696925130354, 85.22598981880074, 0.7926587269161688, 0.7662960324530499
-24.769098890850067, 85.28142264692552, 0.7926587269161688, 0.7662960324530499
-24.76558067035186, 85.33685777741334, 0.7926587269161688, 0.7662960324530499
-24.76214311142496, 85.39229506500367, 0.7926587269161688, 0.7662960324530499
-24.75878706185861, 85.44773436443586, 0.7926587269161688, 0.7662960324530499
-24.755513369442042, 85.50317553044941, 0.7926587269161688, 0.7662960324530499
-24.752322881964503, 85.5586184177837, 0.7926587269161688, 0.7662960324530499
-24.74921644721522, 85.61406288117817, 0.7926587269161688, 0.7662960324530499
-24.74619491298343, 85.66950877537231, 0.7926587269161688, 0.7662960324530499
-24.743259127058376, 85.72495595510543, 0.7926587269161688, 0.7662960324530499
-24.7404099372293, 85.78040427511714, 0.7926587269161688, 0.7662960324530499
-24.737648191285434, 85.83585359014673, 0.7926587269161688, 0.7662960324530499
-24.734974737016003, 85.89130375493362, 0.7926587269161688, 0.7662960324530499
-24.732390422210262, 85.94675462421733, 0.7926587269161688, 0.7662960324530499
-24.72989609465744, 86.00220605273725, 0.7926587269161688, 0.7662960324530499
-24.72749260214678, 86.05765789523282, 0.7926587269161688, 0.7662960324530499
-24.72518079246751, 86.11311000644346, 0.7926587269161688, 0.7662960324530499
-24.722961513408876, 86.1685622411086, 0.7926587269161688, 0.7662960324530499
-24.720835612760105, 86.2240144539677, 0.7926587269161688, 0.7662960324530499
-24.71880393831044, 86.27946649976012, 0.7926587269161688, 0.7662960324530499
-24.71686733784912, 86.33491823322542, 0.7926587269161688, 0.7662960324530499
-24.71502665916538, 86.39036950910285, 0.7926587269161688, 0.7662960324530499
-24.713282750048464, 86.445820182132, 0.7926587269161688, 0.7662960324530499
-24.7116364582876, 86.50127010705226, 0.7926587269161688, 0.7662960324530499
-24.710088631672026, 86.556719138603, 0.7926587269161688, 0.7662960324530499
-24.708640117990978, 86.61216713152373, 0.7926587269161688, 0.7662960324530499
-24.7072917650337, 86.6676139405538, 0.7926587269161688, 0.7662960324530499
-24.706044420589425, 86.72305942043269, 0.7926587269161688, 0.7662960324530499
-24.70489893244739, 86.77850342589987, 0.7926587269161688, 0.7662960324530499
-24.703856148396827, 86.83394581169468, 0.7926587269161688, 0.7662960324530499
-24.70291691622699, 86.88938643255663, 0.7926587269161688, 0.7662960324530499
-24.702082083727102, 86.94482514322516, 0.7926587269161688, 0.7662960324530499
-24.701352498686397, 87.00026179843958, 0.7926587269161688, 0.7662960324530499
-24.700729008894122, 87.05569625293946, 0.7926587269161688, 0.7662960324530499
-24.700212462139508, 87.11112836146413, 0.7926587269161688, 0.7662960324530499
-24.699803706211803, 87.16655797875309, 0.7926587269161688, 0.7662960324530499
-24.699503588900225, 87.22198495954575, 0.7926587269161688, 0.7662960324530499
-24.699312957994024, 87.27740915858152, 0.7926587269161688, 0.7662960324530499
-24.699232661282448, 87.3328304305999, 0.7926587269161688, 0.7662960324530499
-24.699263546554704, 87.3882486303402, 0.7926587269161688, 0.7662960324530499
-24.699406461600052, 87.44366361254194, 0.7926587269161688, 0.7662960324530499
-24.69966225420773, 87.49907523194456, 0.7926587269161688, 0.7662960324530499
-24.700031772166966, 87.55448334328743, 0.7926587269161688, 0.7662960324530499
-24.700515863266997, 87.60988780131004, 0.7926587269161688, 0.7662960324530499
-24.701115375297068, 87.66528846075178, 0.7926587269161688, 0.7662960324530499
-24.701831156046406, 87.72068517635209, 0.7926587269161688, 0.7662960324530499
-24.70266405330426, 87.77607780285044, 0.7926587269161688, 0.7662960324530499
-24.70361491485985, 87.83146619498618, 0.7926587269161688, 0.7662960324530499
-24.70468458850243, 87.88685020749882, 0.7926587269161688, 0.7662960324530499
-24.705873922021233, 87.94222969512775, 0.7926587269161688, 0.7662960324530499
-24.70718376320549, 87.99760451261238, 0.7926587269161688, 0.7662960324530499
-24.708614959844446, 88.05297451469227, 0.7926587269161688, 0.7662960324530499
-24.710168359727334, 88.10833955610664, 0.7926587269161688, 0.7662960324530499
-24.71184481064339, 88.16369949159512, 0.7926587269161688, 0.7662960324530499
-24.71364516038186, 88.21905417589701, 0.7926587269161688, 0.7662960324530499
-24.715570256731958, 88.27440346375178, 0.7926587269161688, 0.7662960324530499
-24.71762094748295, 88.32974720989891, 0.7926587269161688, 0.7662960324530499
-24.719798080424056, 88.38508526907773, 0.7926587269161688, 0.7662960324530499
-24.72210250334452, 88.4404174960278, 0.7926587269161688, 0.7662960324530499
-24.724535064033574, 88.49574374548843, 0.7926587269161688, 0.7662960324530499
-24.72709661028046, 88.55106387219911, 0.7926587269161688, 0.7662960324530499
-24.72978798987441, 88.60637773089928, 0.7926587269161688, 0.7662960324530499
-24.732610050604666, 88.66168517632835, 0.7926587269161688, 0.7662960324530499
-24.735563640260466, 88.71698606322576, 0.7926587269161688, 0.7662960324530499
-24.738649606631032, 88.7722802463309, 0.7926587269161688, 0.7662960324530499
-24.741868797505624, 88.82756758038325, 0.7926587269161688, 0.7662960324530499
-24.74522206067347, 88.88284792012226, 0.7926587269161688, 0.7662960324530499
-24.7487102439238, 88.93812112028729, 0.7926587269161688, 0.7662960324530499
-24.75233419504586, 88.99338703561786, 0.7926587269161688, 0.7662960324530499
-24.75609476182889, 89.04864552085331, 0.7926587269161688, 0.7662960324530499
-24.759992792062114, 89.10389643073312, 0.7926587269161688, 0.7662960324530499
-24.76402913353478, 89.15913961999674, 0.7926587269161688, 0.7662960324530499
-24.768204634036113, 89.21437494338352, 0.7926587269161688, 0.7662960324530499
-24.772520141355372, 89.26960225563302, 0.7926587269161688, 0.7662960324530499
-24.776976503281773, 89.32482141148454, 0.7926587269161688, 0.7662960324530499
-24.78157456760456, 89.38003226567757, 0.7926587269161688, 0.7662960324530499
-24.78631518211298, 89.43523467295158, 0.7926587269161688, 0.7662960324530499
-24.791199194596256, 89.49042848804594, 0.7926587269161688, 0.7662960324530499
-24.796227452843635, 89.54561356570012, 0.7926587269161688, 0.7662960324530499
-24.80140062168446, 89.60078971433103, 0.7926587269161688, 0.7662960324530499
-24.806718613685437, 89.65595655189507, 0.7926587269161688, 0.7662960324530499
-24.812181148100116, 89.71111364740483, 0.7926587269161688, 0.7662960324530499
-24.81778794418192, 89.76626056987284, 0.7926587269161688, 0.7662960324530499
-24.823538721184256, 89.82139688831167, 0.7926587269161688, 0.7662960324530499
-24.829433198360565, 89.87652217173391, 0.7926587269161688, 0.7662960324530499
-24.83547109496423, 89.93163598915207, 0.7926587269161688, 0.7662960324530499
-24.8416521302487, 89.98673790957884, 0.7926587269161688, 0.7662960324530499
-24.847976023467368, 90.0418275020266, 0.7926587269161688, 0.7662960324530499
-24.854442493873655, 90.09690433550803, 0.7926587269161688, 0.7662960324530499
-24.861051260720984, 90.15196797903569, 0.7926587269161688, 0.7662960324530499
-24.86780204326277, 90.20701800162209, 0.7926587269161688, 0.7662960324530499
-24.87469456075243, 90.26205397227986, 0.7926587269161688, 0.7662960324530499
-24.881728532443372, 90.31707546002148, 0.7926587269161688, 0.7662960324530499
-24.88890367758902, 90.37208203385958, 0.7926587269161688, 0.7662960324530499
-24.896219715442793, 90.42707326280673, 0.7926587269161688, 0.7662960324530499
-24.903676365258097, 90.48204871587541, 0.7926587269161688, 0.7662960324530499
-24.91127334628836, 90.53700796207829, 0.7926587269161688, 0.7662960324530499
-24.919010377786993, 90.59195057042784, 0.7926587269161688, 0.7662960324530499
-24.92688717900741, 90.64687610993667, 0.7926587269161688, 0.7662960324530499
-24.934903469203046, 90.70178414961738, 0.7926587269161688, 0.7662960324530499
-24.943058967627287, 90.75667425848245, 0.7926587269161688, 0.7662960324530499
-24.95135339353357, 90.81154600554449, 0.7926587269161688, 0.7662960324530499
-24.9597864661753, 90.86639895981602, 0.7926587269161688, 0.7662960324530499
-24.968357904805902, 90.92123269030967, 0.7926587269161688, 0.7662960324530499
-24.97706742867879, 90.97604676603795, 0.7926587269161688, 0.7662960324530499
-24.985914757047375, 91.03084075601345, 0.7926587269161688, 0.7662960324530499
-24.9948996091651, 91.08561422924878, 0.7926587269161688, 0.7662960324530499
-25.00402170428534, 91.14036675475637, 0.7926587269161688, 0.7662960324530499
-25.013280761661534, 91.19509790154888, 0.7926587269161688, 0.7662960324530499
-25.022676500547103, 91.24980723863887, 0.7926587269161688, 0.7662960324530499
-25.03220864019545, 91.30449433503885, 0.7926587269161688, 0.7662960324530499
-25.041876899860007, 91.35915875976148, 0.7926587269161688, 0.7662960324530499
-25.05168099879418, 91.4138000818192, 0.7926587269161688, 0.7662960324530499
-25.061620656251385, 91.46841787022467, 0.7926587269161688, 0.7662960324530499
-25.071695591485042, 91.52301169399041, 0.7926587269161688, 0.7662960324530499
-25.08190552374856, 91.57758112212899, 0.7926587269161688, 0.7662960324530499
-25.09225017229537, 91.63212572365298, 0.7926587269161688, 0.7662960324530499
-25.10272925637888, 91.68664506757491, 0.7926587269161688, 0.7662960324530499
-25.113342495252496, 91.74113872290738, 0.7926587269161688, 0.7662960324530499
-25.12408960816966, 91.79560625866296, 0.7926587269161688, 0.7662960324530499
-25.134970314383757, 91.85004724385415, 0.7926587269161688, 0.7662960324530499
-25.145984333148238, 91.90446124749361, 0.7926587269161688, 0.7662960324530499
-25.157131383716493, 91.95884783859381, 0.7926587269161688, 0.7662960324530499
-25.16841118534194, 92.01320658616737, 0.7926587269161688, 0.7662960324530499
-25.17982345727802, 92.06753705922684, 0.7926587269161688, 0.7662960324530499
-25.191367918778113, 92.12183882678474, 0.7926587269161688, 0.7662960324530499
-25.20304428909567, 92.17611145785374, 0.7926587269161688, 0.7662960324530499
-25.214852287484085, 92.23035452144627, 0.7926587269161688, 0.7662960324530499
-25.226791633196775, 92.28456758657497, 0.7926587269161688, 0.7662960324530499
-25.238862045487178, 92.33875022225241, 0.7926587269161688, 0.7662960324530499
-25.25106324360868, 92.3929019974911, 0.7926587269161688, 0.7662960324530499
-25.263394946814728, 92.44702248130369, 0.7926587269161688, 0.7662960324530499
-25.275856874358716, 92.50111124270265, 0.7926587269161688, 0.7662960324530499
-25.288448745494065, 92.55516785070056, 0.7926587269161688, 0.7662960324530499
-25.301170279474206, 92.60919187431003, 0.7926587269161688, 0.7662960324530499
-25.31402080787633, 92.66318302242561, 0.7926587269161688, 0.7662960324530499
-25.326996754232837, 92.71714205322813, 0.7926587269161688, 0.7662960324530499
-25.340093221713392, 92.77107020131406, 0.7926587269161688, 0.7662960324530499
-25.35330530688711, 92.8249687036614, 0.7926587269161688, 0.7662960324530499
-25.366628106323148, 92.8788387972484, 0.7926587269161688, 0.7662960324530499
-25.38005671659062, 92.9326817190531, 0.7926587269161688, 0.7662960324530499
-25.393586234258674, 92.98649870605361, 0.7926587269161688, 0.7662960324530499
-25.407211755896437, 93.040290995228, 0.7926587269161688, 0.7662960324530499
-25.42092837807305, 93.09405982355446, 0.7926587269161688, 0.7662960324530499
-25.434731197357642, 93.14780642801104, 0.7926587269161688, 0.7662960324530499
-25.448615310319344, 93.20153204557582, 0.7926587269161688, 0.7662960324530499
-25.462575813527287, 93.2552379132269, 0.7926587269161688, 0.7662960324530499
-25.47660780355062, 93.30892526794248, 0.7926587269161688, 0.7662960324530499
-25.490706376958467, 93.36259534670059, 0.7926587269161688, 0.7662960324530499
-25.50486663031997, 93.41624938647936, 0.7926587269161688, 0.7662960324530499
-25.51908366020425, 93.46988862425687, 0.7926587269161688, 0.7662960324530499
-25.533352563180443, 93.52351429701119, 0.7926587269161688, 0.7662960324530499
-25.547668435817688, 93.57712764172054, 0.7926587269161688, 0.7662960324530499
-25.56202637468513, 93.63072989536292, 0.7926587269161688, 0.7662960324530499
-25.576421476351882, 93.68432229491648, 0.7926587269161688, 0.7662960324530499
-25.59084883738709, 93.73790607735931, 0.7926587269161688, 0.7662960324530499
-25.605303554359878, 93.79148247966951, 0.7926587269161688, 0.7662960324530499
-25.619780723839405, 93.84505273882526, 0.7926587269161688, 0.7662960324530499
-25.634275442394774, 93.89861809180454, 0.7926587269161688, 0.7662960324530499
-25.648782806595133, 93.95217977558552, 0.7926587269161688, 0.7662960324530499
-25.66329791300962, 94.00573902714632, 0.7926587269161688, 0.7662960324530499
-25.677815858207367, 94.059297083465, 0.7926587269161688, 0.7662960324530499
-25.692331738757506, 94.11285518151972, 0.7926587269161688, 0.7662960324530499
-25.706840651229168, 94.16641455828854, 0.7926587269161688, 0.7662960324530499
-25.72133769219149, 94.21997645074958, 0.7926587269161688, 0.7662960324530499
-25.7358179582136, 94.27354209588094, 0.7926587269161688, 0.7662960324530499
-25.750276545864644, 94.32711273066072, 0.7926587269161688, 0.7662960324530499
-25.764708551713756, 94.38068959206709, 0.7926587269161688, 0.7662960324530499
-25.779109072330044, 94.434273917078, 0.7926587269161688, 0.7662960324530499
-25.793473204282687, 94.48786694267173, 0.7926587269161688, 0.7662960324530499
-25.80779604414078, 94.54146990582628, 0.7926587269161688, 0.7662960324530499
-25.822072688473476, 94.59508404351979, 0.7926587269161688, 0.7662960324530499
-25.836298233849902, 94.64871059273037, 0.7926587269161688, 0.7662960324530499
-25.850467776839192, 94.70235079043606, 0.7926587269161688, 0.7662960324530499
-25.864576414010486, 94.75600587361505, 0.7926587269161688, 0.7662960324530499
-25.878619241932913, 94.80967707924543, 0.7926587269161688, 0.7662960324530499
-25.892591357175608, 94.86336564430526, 0.7926587269161688, 0.7662960324530499
-25.906487856307702, 94.91707280577268, 0.7926587269161688, 0.7662960324530499
-25.920303835898338, 94.9707998006258, 0.7926587269161688, 0.7662960324530499
-25.934034392516644, 95.0245478658427, 0.7926587269161688, 0.7662960324530499
-25.947674622731757, 95.07831823840151, 0.7926587269161688, 0.7662960324530499
-25.961219623112797, 95.13211215528028, 0.7926587269161688, 0.7662960324530499
-25.974664490228925, 95.1859308534572, 0.7926587269161688, 0.7662960324530499
-25.988004320649246, 95.2397755699103, 0.7926587269161688, 0.7662960324530499
-26.00123421094291, 95.29364754161772, 0.7926587269161688, 0.7662960324530499
-26.014349257679058, 95.34754800555758, 0.7926587269161688, 0.7662960324530499
-26.027344817663906, 95.40147813380459, 0.7926587269161688, 0.7662960324530499
-26.04022194037711, 95.45543767867606, 0.7926587269161688, 0.7662960324530499
-26.052987209916104, 95.5094250121511, 0.7926587269161688, 0.7662960324530499
-26.065647438996404, 95.56343844919117, 0.7926587269161688, 0.7662960324530499
-26.078209440333538, 95.61747630475772, 0.7926587269161688, 0.7662960324530499
-26.090680026643053, 95.6715368938123, 0.7926587269161688, 0.7662960324530499
-26.103066010640468, 95.72561853131644, 0.7926587269161688, 0.7662960324530499
-26.11537420504131, 95.7797195322316, 0.7926587269161688, 0.7662960324530499
-26.12761142256112, 95.83383821151929, 0.7926587269161688, 0.7662960324530499
-26.139784475915423, 95.88797288414105, 0.7926587269161688, 0.7662960324530499
-26.151900177819734, 95.94212186505833, 0.7926587269161688, 0.7662960324530499
-26.163965340989606, 95.99628346923262, 0.7926587269161688, 0.7662960324530499
-26.17598677814056, 96.05045601162549, 0.7926587269161688, 0.7662960324530499
-26.187971301988128, 96.1046378071984, 0.7926587269161688, 0.7662960324530499
-26.19992572524784, 96.15882717091287, 0.7926587269161688, 0.7662960324530499
-26.211856860635223, 96.21302241773039, 0.7926587269161688, 0.7662960324530499
-26.223771520865814, 96.26722186261247, 0.7926587269161688, 0.7662960324530499
-26.23567651865513, 96.32142382052058, 0.7926587269161688, 0.7662960324530499
-26.247578666718713, 96.37562660641626, 0.7926587269161688, 0.7662960324530499
-26.25948477777209, 96.42982853526101, 0.7926587269161688, 0.7662960324530499
-26.271401664530792, 96.48402792201632, 0.7926587269161688, 0.7662960324530499
-26.283336139710354, 96.53822308164372, 0.7926587269161688, 0.7662960324530499
-26.295295016026294, 96.59241232910466, 0.7926587269161688, 0.7662960324530499
-26.30728510619414, 96.64659397936065, 0.7926587269161688, 0.7662960324530499
-26.31931322292945, 96.70076634737325, 0.7926587269161688, 0.7662960324530499
-26.33138617894772, 96.7549277481039, 0.7926587269161688, 0.7662960324530499
-26.34351078696451, 96.80907649651417, 0.7926587269161688, 0.7662960324530499
-26.35569385969532, 96.86321090756546, 0.7926587269161688, 0.7662960324530499
-26.367942209855702, 96.91732929621935, 0.7926587269161688, 0.7662960324530499
-26.380262650161185, 96.97142997743737, 0.7926587269161688, 0.7662960324530499
-26.392661993327287, 97.02551126618091, 0.7926587269161688, 0.7662960324530499
-26.405147052069555, 97.0795714774116, 0.7926587269161688, 0.7662960324530499
-26.417724639103504, 97.13360892609083, 0.7926587269161688, 0.7662960324530499
-26.430401567144667, 97.18762192718017, 0.7926587269161688, 0.7662960324530499
-26.44318464890858, 97.24160879564114, 0.7926587269161688, 0.7662960324530499
-26.45608069711077, 97.29556784643516, 0.7926587269161688, 0.7662960324530499
-26.469096524466778, 97.34949739452384, 0.7926587269161688, 0.7662960324530499
-26.48223894369211, 97.40339575486854, 0.7926587269161688, 0.7662960324530499
-26.49551476750231, 97.45726124243089, 0.7926587269161688, 0.7662960324530499
-26.508930808612917, 97.51109217217237, 0.7926587269161688, 0.7662960324530499
-26.522493879739446, 97.56488685905443, 0.7926587269161688, 0.7662960324530499
-26.536210793597444, 97.61864361803863, 0.7926587269161688, 0.7662960324530499
-26.55008836290242, 97.67236076408642, 0.7926587269161688, 0.7662960324530499
-26.564133400369915, 97.7260366121593, 0.7926587269161688, 0.7662960324530499
-26.578352493975327, 97.77966952858523, 0.7926587269161688, 0.7662960324530499
-26.59274344543435, 97.83325988787055, 0.7926587269161688, 0.7662960324530499
-26.607292614088955, 97.886810679779, 0.7926587269161688, 0.7662960324530499
-26.621985591672992, 97.94032506951795, 0.7926587269161688, 0.7662960324530499
-26.636807969920344, 97.99380622229485, 0.7926587269161688, 0.7662960324530499
-26.651745340564904, 98.04725730331711, 0.7926587269161688, 0.7662960324530499
-26.666783295340498, 98.1006814777921, 0.7926587269161688, 0.7662960324530499
-26.681907425981034, 98.1540819109273, 0.7926587269161688, 0.7662960324530499
-26.697103324220357, 98.20746176793004, 0.7926587269161688, 0.7662960324530499
-26.712356581792353, 98.2608242140078, 0.7926587269161688, 0.7662960324530499
-26.727652790430895, 98.31417241436797, 0.7926587269161688, 0.7662960324530499
-26.74297754186984, 98.36750953421794, 0.7926587269161688, 0.7662960324530499
-26.758316427843077, 98.42083873876517, 0.7926587269161688, 0.7662960324530499
-26.773655040084453, 98.47416319321701, 0.7926587269161688, 0.7662960324530499
-26.78897897032786, 98.52748606278091, 0.7926587269161688, 0.7662960324530499
-26.804273810307162, 98.58081051266429, 0.7926587269161688, 0.7662960324530499
-26.819525151756217, 98.63413970807451, 0.7926587269161688, 0.7662960324530499
-26.834718586408925, 98.68747681421907, 0.7926587269161688, 0.7662960324530499
-26.849839705999123, 98.74082499630529, 0.7926587269161688, 0.7662960324530499
-26.864874102260696, 98.79418741954062, 0.7926587269161688, 0.7662960324530499
-26.879807366927537, 98.84756724913252, 0.7926587269161688, 0.7662960324530499
-26.894625091733474, 98.90096765028831, 0.7926587269161688, 0.7662960324530499
-26.909312868412414, 98.95439178821549, 0.7926587269161688, 0.7662960324530499
-26.92385628869821, 99.00784282812141, 0.7926587269161688, 0.7662960324530499
-26.93824094432473, 99.06132393521347, 0.7926587269161688, 0.7662960324530499
-26.95245242702585, 99.11483827469915, 0.7926587269161688, 0.7662960324530499
-26.966476328535443, 99.16838901178582, 0.7926587269161688, 0.7662960324530499
-26.98029824058738, 99.22197931168088, 0.7926587269161688, 0.7662960324530499
-26.993903754915532, 99.27561233959176, 0.7926587269161688, 0.7662960324530499
-27.00727846325377, 99.3292912607259, 0.7926587269161688, 0.7662960324530499
-27.02040795733596, 99.38301924029065, 0.7926587269161688, 0.7662960324530499
-27.033277828895976, 99.43679944349347, 0.7926587269161688, 0.7662960324530499
-27.04587366966768, 99.49063503554176, 0.7926587269161688, 0.7662960324530499
-27.05818107076305, 99.54452918204991, 0.7926587269161688, 0.7662960324530499
-27.070184900447614, 99.59848552168799, 0.7926587269161688, 0.7662960324530499
-27.08186791015574, 99.65250907845332, 0.7926587269161688, 0.7662960324530499
-27.093212465853366, 99.70660512860705, 0.7926587269161688, 0.7662960324530499
-27.10420093350645, 99.7607789484104, 0.7926587269161688, 0.7662960324530499
-27.114815679080948, 99.81503581412453, 0.7926587269161688, 0.7662960324530499
-27.125039068542794, 99.86938100201061, 0.7926587269161688, 0.7662960324530499
-27.134853467857937, 99.92381978832978, 0.7926587269161688, 0.7662960324530499
-27.144241242992326, 99.97835744934324, 0.7926587269161688, 0.7662960324530499
-27.153184759911912, 100.03299926131214, 0.7926587269161688, 0.7662960324530499
-27.16166638458264, 100.08775050049766, 0.7926587269161688, 0.7662960324530499
-27.169668482970465, 100.14261644316099, 0.7926587269161688, 0.7662960324530499
-27.177173421041328, 100.19760236556328, 0.7926587269161688, 0.7662960324530499
-27.18416356476118, 100.2527135439657, 0.7926587269161688, 0.7662960324530499
-27.190621280095964, 100.30795525462939, 0.7926587269161688, 0.7662960324530499
-27.196528933011642, 100.3633327738156, 0.7926587269161688, 0.7662960324530499
-27.20186888947415, 100.41885137778543, 0.7926587269161688, 0.7662960324530499
-27.206623515449433, 100.4745163428001, 0.7926587269161688, 0.7662960324530499
-27.210775176903446, 100.53033294512073, 0.7926587269161688, 0.7662960324530499
-27.214306239802134, 100.58630646100852, 0.7926587269161688, 0.7662960324530499
-27.21719907011145, 100.64244216672465, 0.7926587269161688, 0.7662960324530499
-27.219436033797333, 100.69874533853024, 0.7926587269161688, 0.7662960324530499
-27.22099949682575, 100.75522125268657, 0.7926587269161688, 0.7662960324530499
-27.221871825162626, 100.81187518545465, 0.7926587269161688, 0.7662960324530499
-27.222035384773918, 100.86871241309576, 0.7926587269161688, 0.7662960324530499
-27.221469351299007, 100.92573433988987, 0.7926587269161688, 0.7662960324530499
-27.2200903423104, 100.98286644570801, 0.7926587269161688, 0.7662960324530499
-27.21775789604993, 101.03996493535152, 0.7926587269161688, 0.7662960324530499
-27.214329459066395, 101.0968834750114, 0.7926587269161688, 0.7662960324530499
-27.209662477908577, 101.15347573087863, 0.7926587269161688, 0.7662960324530499
-27.20361439912525, 101.20959536914415, 0.7926587269161688, 0.7662960324530499
-27.196042669265214, 101.26509605599898, 0.7926587269161688, 0.7662960324530499
-27.186804734877242, 101.3198314576341, 0.7926587269161688, 0.7662960324530499
-27.17575804251014, 101.37365524024042, 0.7926587269161688, 0.7662960324530499
-27.162760038712666, 101.42642107000893, 0.7926587269161688, 0.7662960324530499
-27.147668170033597, 101.47798261313058, 0.7926587269161688, 0.7662960324530499
-27.13033988302175, 101.5281935357964, 0.7926587269161688, 0.7662960324530499
-27.110632624225886, 101.57690750419735, 0.7926587269161688, 0.7662960324530499
-27.08840384019481, 101.62397818452435, 0.7926587269161688, 0.7662960324530499
-27.063510977477293, 101.66925924296841, 0.7926587269161688, 0.7662960324530499
-27.035811482622112, 101.71260434572052, 0.7926587269161688, 0.7662960324530499
-27.005162802178074, 101.7538671589716, 0.7926587269161688, 0.7662960324530499
-26.971422586030084, 101.79290141381982, 0.7926587269161688, 0.7662960324530499
-26.934540215580327, 101.82959012306176, 0.7926587269161688, 0.7662960324530499
-26.89470127931632, 101.86389169936656, 0.7926587269161688, 0.7662960324530499
-26.852128866146685, 101.8957765259458, 0.7926587269161688, 0.7662960324530499
-26.807046064980184, 101.92521498601111, 0.7926587269161688, 0.7662960324530499
-26.75967596472545, 101.95217746277402, 0.7926587269161688, 0.7662960324530499
-26.710241654291227, 101.97663433944618, 0.7926587269161688, 0.7662960324530499
-26.658966222586187, 101.99855599923923, 0.7926587269161688, 0.7662960324530499
-26.606072758518973, 102.0179128253647, 0.7926587269161688, 0.7662960324530499
-26.55178435099836, 102.03467520103428, 0.7926587269161688, 0.7662960324530499
-26.496324088932987, 102.0488135094595, 0.7926587269161688, 0.7662960324530499
-26.439915061231535, 102.06029813385204, 0.7926587269161688, 0.7662960324530499
-26.38278035680273, 102.06909945742345, 0.7926587269161688, 0.7662960324530499
-26.325143064555228, 102.07518786338535, 0.7926587269161688, 0.7662960324530499
-26.267226273397753, 102.07853373494935, 0.7926587269161688, 0.7662960324530499
-26.20925307223899, 102.07910745532703, 0.7926587269161688, 0.7662960324530499
-26.151446549987575, 102.07687940773002, 0.7926587269161688, 0.7662960324530499
-26.094029795552288, 102.07181997536995, 0.7926587269161688, 0.7662960324530499
-26.037225897841743, 102.06389954145837, 0.7926587269161688, 0.7662960324530499
-25.98125794576469, 102.05308848920691, 0.7926587269161688, 0.7662960324530499
-25.926349028229787, 102.03935720182719, 0.7926587269161688, 0.7662960324530499
-25.872722234145705, 102.02267606253079, 0.7926587269161688, 0.7662960324530499
-25.82060065242119, 102.00301545452936, 0.7926587269161688, 0.7662960324530499
-25.770207371964872, 101.98034576103443, 0.7926587269161688, 0.7662960324530499
-25.721765481685505, 101.9546373652577, 0.7926587269161688, 0.7662960324530499
-25.675498070491738, 101.9258606504107, 0.7926587269161688, 0.7662960324530499
-25.631628227292254, 101.89398599970505, 0.7926587269161688, 0.7662960324530499
-25.590379040995774, 101.85898379635236, 0.7926587269161688, 0.7662960324530499
-25.55197360051096, 101.82082442356425, 0.7926587269161688, 0.7662960324530499
-25.516634994746536, 101.77947826455232, 0.7926587269161688, 0.7662960324530499
